relation_id,PMC,annotation_id,entity_1,entity_1_type,relation,entity_2,entity_2_type,entity_1_norm,entity_2_norm,tuple,tuple_type,candidate_labels,n_candidate_labels,label_ambiguous,relation_is_directional,relation_is_structural,entity_1_generic,entity_2_generic,abbrev_or_hypernym_pair,mutation_looks_valid,pairs_from_same_sentence,n_supporting_sentences,original_text
R3d1b431106,PMC7430034,112017593,Akkermansia,Species,start,nicotinamide,Chemical,akkermansia,nicotinamide,"('Akkermansia', 'nicotinamide')","('Species', 'Chemical')",['start'],1,False,True,False,False,False,False,,2,1,"Another notable bacterial species associated with NDs is Akkermansia, which exhibits increased abundance in both PD and AD, but decreased abundance in aging and the ALS mouse model. Administration of Akkermansia ameliorates motor impairment in the Sod1 ALS mouse model via select microbial metabolites like nicotinamide. A previous study has found that administration Akkermansia with Parabacteroides to epilepsy mouse models elevated levels of GABA relative to glutamate levels in the hippocampus. While the signaling pathways and the downstream effects of metabolites deriving from Akkermansia are still elusive, these observations suggest that there may be distinctive effects of Akkermansia in different NDs. Nevertheless, the reported increased abundance of Akkermansia in PD/AD could well be a result or confounding effect, rather than a modifier of PD/AD pathogenesis. Therefore, further studies are needed to discern any causal links between microbial alterations and the onset or development of NDs."
Rf5e32ac342,PMC7430034,112017631,Drosophila,Species,start,Reactive Oxygen Species,Chemical,drosophila,reactive oxygen species,"('Drosophila', 'Reactive Oxygen Species')","('Species', 'Chemical')",['start'],1,False,True,False,False,False,False,,4,1,Microbiota-Derived Lactate Activates Production of Reactive Oxygen Species by the Intestinal NADPH Oxidase Nox and Shortens Drosophila Lifespan
Ra88965e399,PMC8429275,112017713,C. cocleatum,Species,increase,Th1,Chemical,c. cocleatum,th1,"('C. cocleatum', 'Th1')","('Species', 'Chemical')",['increase'],1,False,True,False,False,False,False,,8,1,"B. wadsworthia colonization promotes the expansion of IFNg-producing T helper type I (Th1) cells, and IFNg is associated with impairments in cognitive behavior and hippocampal physiology during homeostasis and in response to chronic stress (; Kim et al., 2011). We hypothesized that Th1 induction may contribute to the detrimental effects of B. wadsworthia and of environmental risk factors, KD and Hyp, on cognitive behavior. To first confirm that B. wadsworthia increases Th1 cells, GF mice were monocolonized with either C. cocleatum or B. wadsworthia, and Th1 levels were measured in the intestine. Indeed, B. wadsworthia-colonized mice exhibited increased levels of CD3+CD4+IFNg+IL17a- Th1 cells in the colonic lamina propria relative to GF and C. cocleatum-colonized controls (Figures S5A and S5B). Similar increases in levels of Th1 cells were seen by colonization of Abx-treated mice with B. wadsworthia, indicating that the Th1-promoting effects of B. wadsworthia are observed in response to bacterial enrichment, as well as bacterial monocolonization (Figures S5C and S5D). To determine if Th1 cells are required for the adverse effects of B. wadsworthia on cognitive behavior, mice were reared in the absence of Th1 cells (T-bet knockout, T-bet-/-) or as genetically wildtype (WT) and colonized with B. wadsworthia (Figures 5A, S5C and S5D). Consistent with prior monocolonization experiments conducted with GF Swiss Webster mice (Figure 3), Abx-treated WT C57Bl/6J mice colonized with B. wadsworthia exhibited impaired cognitive behavior in the Barnes maze, as denoted by elevated errors made and increased random search strategy relative to non-colonized Abx-treated WT controls (Figures 5B-5F, Abx+Bilo WT vs. Abx WT). In contrast to results from prior monocolonization experiments (Figure 3I), there were no statistically significant differences in latency to enter the escape box (Figure 5C), which may point to effects of B. wadsworthia on this particular behavioral parameter that are dependent on bacterial load, prior colonization status, and/or genetic background of the host. Notably, preventing Th1 induction via T-bet deficiency abrogated the adverse effects of B. wadsworthia on cognitive behavior, as denoted by reductions in errors made and use of random search strategy to levels comparable to those seen in colonized WT controls (Figures 5D-F, Abx+Bilo Tbet-/- vs. Abx+Bilo WT). There is no striking difference in latency to enter or errors made in the Barnes maze by Abx-treated Tbet-/- mice relative to WT controls (Figures 5B-F, Abx Tbet-/- vs. Abx WT), suggesting that the ability of Tbet deficiency to prevent detrimental effects of B. wadsworthia colonization are not confounded by baseline impairments in Tbet-/- mice. These results support previous findings that B. wadsworthia promotes IFNg-producing Th1 cells in the intestine, and further reveal that Th1 cells are necessary for the ability of B. wadsworthia to impair cognitive behavior in mice."
Ra0bbc2d963,PMC8429275,112017718,Bilophila,Species,increase,taurine,Chemical,bilophila,taurine,"('Bilophila', 'taurine')","('Species', 'Chemical')",['increase'],1,False,True,False,False,False,False,,5,1,"In addition to identifying a synergistic effect of KD and Hyp on impairing cognitive behavior, we also reveal an interaction between KD and Hyp in enriching Bilophila species in the gut microbiota. While the exact mechanisms remain unknown, one study reported particular alterations in the gut microbiota that were seen when rats were exposed to both the high-fat, high-sugar diet and hypoxia in a model of obstructive sleep apnea (OSA). A separate paper studying intermittent hypoxia as a model of OSA found that fecal microbiome transplantation of hypoxia-associated samples sufficiently promoted murine sleep disturbances and that the microbial family Desulfovibrionaceae (OTU147), of which Bilophila is a member, was increased in hypoxia-associated samples and in children with OSA. In a similar paradigm where atherosclerosis-prone Ldlr-/- mice were fed a high-fat diet, additional exposure to hypoxia and hypercapnia increased levels of select bile acids, particularly taurodeoxycholic acid.This may be relevant, as a separate study reported that a high-saturated fat diet promoted taurine conjugation of bile acids, and that taurocholic acid in particular promoted levels of B. wadsworthia in mice. Based on these studies and the finding that B. wadsworthia is an obligate anaerobe, we speculate that the KD and Hyp together enrich Bilophila through combined modulation of bile acid profiles and increased anaerobicity of the intestinal microenvironment. Future co-culture and metabolic modeling experiments are needed to dissect how various environmental factors differentially influence microbial community structures."
Re9e795a003,PMC8429275,112017724,B. wadsworthia,Species,increase,taurocholic acid,Chemical,b. wadsworthia,taurocholic acid,"('B. wadsworthia', 'taurocholic acid')","('Species', 'Chemical')",['increase'],1,False,True,False,False,False,False,,5,1,"Similarly, we observe that Bilophila is enriched by the KD and hypoxia regimen used in this study, which aligns with reported increases in B. wadsworthia in response to high fat diet and elevations in taurocholic acid. This evidence suggests that KD- and Hyp- induced changes in bile acid metabolism and anaerobicity of the intestinal microenvironment may be responsible for enriching Bilophila. However, microbiota composition is known to vary across species, backgrounds, vendors, facilities, cages, sexes and ages, among many other factors, raising the question of whether KD- and Hyp-induced enrichment of Bilophila in particular will be seen universally despite variations in the composition of the SPF mouse microbiota. Nonetheless, we find that monocolonization with or enrichment of B. wadsworthia alone impairs hippocampal function and cognitive behavior in mice. This suggests that the findings herein may be relevant to other environmental risk factors or conditions that elevate B. wadsworthia."
R3d38534ab3,PMC5050011,112017832,Bacteroides,Species,increase,fiber,Chemical,bacteroides,fiber,"('Bacteroides', 'fiber')","('Species', 'Chemical')",['increase'],2,True,True,False,False,False,False,,4,1,"Dietary changes in particular have been shown to have significant effects on the microbiota. For example, once established, the healthy adult human virome seems to be relatively stable, with >95% of viral sequences showing minimal variation over a time period of 1 year. However, Minot et al. have recently shown that the viromes of healthy adults can converge to a more similar state due to dietary intervention. Additionally, it has been shown in mice that shifting to a high-fat, high-sugar ""Western"" diet from a low-fat, plant polysaccharide-rich diet can change the microbiota within a day. In another study in humans, shifting from a high-fat/low-fiber diet to a low-fat/high-fiber diet caused notable changes in the gut microbiota within 24 hr. Interestingly, diet also correlates with enterotype, as individuals on a diet high in animal fat have a Bacteroides-dominated enterotype, whereas a carbohydrate-rich diet is associated with the Prevotella-dominated enterotype."
Rf3a1e4394f,PMC5050011,112017832,Bacteroides,Species,increase,sugar,Chemical,bacteroides,sugar,"('Bacteroides', 'sugar')","('Species', 'Chemical')",['increase'],1,False,True,False,False,False,False,,4,1,"Dietary changes in particular have been shown to have significant effects on the microbiota. For example, once established, the healthy adult human virome seems to be relatively stable, with >95% of viral sequences showing minimal variation over a time period of 1 year. However, Minot et al. have recently shown that the viromes of healthy adults can converge to a more similar state due to dietary intervention. Additionally, it has been shown in mice that shifting to a high-fat, high-sugar ""Western"" diet from a low-fat, plant polysaccharide-rich diet can change the microbiota within a day. In another study in humans, shifting from a high-fat/low-fiber diet to a low-fat/high-fiber diet caused notable changes in the gut microbiota within 24 hr. Interestingly, diet also correlates with enterotype, as individuals on a diet high in animal fat have a Bacteroides-dominated enterotype, whereas a carbohydrate-rich diet is associated with the Prevotella-dominated enterotype."
R3d38534ab3,PMC5050011,112017832,Bacteroides,Species,increase,fiber,Chemical,bacteroides,fiber,"('Bacteroides', 'fiber')","('Species', 'Chemical')",['increase'],2,True,True,False,False,False,False,,4,1,"Dietary changes in particular have been shown to have significant effects on the microbiota. For example, once established, the healthy adult human virome seems to be relatively stable, with >95% of viral sequences showing minimal variation over a time period of 1 year. However, Minot et al. have recently shown that the viromes of healthy adults can converge to a more similar state due to dietary intervention. Additionally, it has been shown in mice that shifting to a high-fat, high-sugar ""Western"" diet from a low-fat, plant polysaccharide-rich diet can change the microbiota within a day. In another study in humans, shifting from a high-fat/low-fiber diet to a low-fat/high-fiber diet caused notable changes in the gut microbiota within 24 hr. Interestingly, diet also correlates with enterotype, as individuals on a diet high in animal fat have a Bacteroides-dominated enterotype, whereas a carbohydrate-rich diet is associated with the Prevotella-dominated enterotype."
R8f84b91c1e,PMC7467841,112017914,Eubacterium rectale,Species,start,propionate,Chemical,eubacterium rectale,propionate,"('Eubacterium rectale', 'propionate')","('Species', 'Chemical')",['start'],1,False,True,False,False,False,False,,5,1,"Bacterial fermentation of non-digestible carbohydrates results in production of short-chain fatty acids (SFCAs):butyrate, propionate, and acetate are the most abundant in the intestine. SCFAs have beneficial effects, providing energy sources for enterocytes and colonocytes, helping maintain the gut barrier, and inhibiting proliferation of hepatic cells. SCFAs also have anti-inflammatory effects, increase satiety, and decrease food intake. The most abundant SFCA-producing bacteria belong to Lachnospiriaceae and Ruminococcacecae. Within these families, Eubacterium rectale, Faecalibacterium prausnitzii and several Roseburia species as well as Anaerostipes are known butyrate producers."
R3bcec40691,PMC7467841,112017914,Eubacterium rectale,Species,start,SFCAs,Chemical,eubacterium rectale,sfcas,"('Eubacterium rectale', 'SFCAs')","('Species', 'Chemical')",['start'],1,False,True,False,False,False,False,,5,1,"Bacterial fermentation of non-digestible carbohydrates results in production of short-chain fatty acids (SFCAs):butyrate, propionate, and acetate are the most abundant in the intestine. SCFAs have beneficial effects, providing energy sources for enterocytes and colonocytes, helping maintain the gut barrier, and inhibiting proliferation of hepatic cells. SCFAs also have anti-inflammatory effects, increase satiety, and decrease food intake. The most abundant SFCA-producing bacteria belong to Lachnospiriaceae and Ruminococcacecae. Within these families, Eubacterium rectale, Faecalibacterium prausnitzii and several Roseburia species as well as Anaerostipes are known butyrate producers."
Rdfd39a4b8c,PMC7467841,112017914,Faecalibacterium prausnitzii,Species,start,butyrate,Chemical,faecalibacterium prausnitzii,butyrate,"('Faecalibacterium prausnitzii', 'butyrate')","('Species', 'Chemical')",['start'],1,False,True,False,False,False,False,,5,1,"Bacterial fermentation of non-digestible carbohydrates results in production of short-chain fatty acids (SFCAs):butyrate, propionate, and acetate are the most abundant in the intestine. SCFAs have beneficial effects, providing energy sources for enterocytes and colonocytes, helping maintain the gut barrier, and inhibiting proliferation of hepatic cells. SCFAs also have anti-inflammatory effects, increase satiety, and decrease food intake. The most abundant SFCA-producing bacteria belong to Lachnospiriaceae and Ruminococcacecae. Within these families, Eubacterium rectale, Faecalibacterium prausnitzii and several Roseburia species as well as Anaerostipes are known butyrate producers."
R105e80f037,PMC7467841,112017914,Faecalibacterium prausnitzii,Species,start,short-chain fatty acids,Chemical,faecalibacterium prausnitzii,short-chain fatty acids,"('Faecalibacterium prausnitzii', 'short-chain fatty acids')","('Species', 'Chemical')",['start'],1,False,True,False,False,False,False,,5,1,"Bacterial fermentation of non-digestible carbohydrates results in production of short-chain fatty acids (SFCAs):butyrate, propionate, and acetate are the most abundant in the intestine. SCFAs have beneficial effects, providing energy sources for enterocytes and colonocytes, helping maintain the gut barrier, and inhibiting proliferation of hepatic cells. SCFAs also have anti-inflammatory effects, increase satiety, and decrease food intake. The most abundant SFCA-producing bacteria belong to Lachnospiriaceae and Ruminococcacecae. Within these families, Eubacterium rectale, Faecalibacterium prausnitzii and several Roseburia species as well as Anaerostipes are known butyrate producers."
R5082b91cc3,PMC7467841,112017914,Faecalibacterium prausnitzii,Species,start,propionate,Chemical,faecalibacterium prausnitzii,propionate,"('Faecalibacterium prausnitzii', 'propionate')","('Species', 'Chemical')",['start'],1,False,True,False,False,False,False,,5,1,"Bacterial fermentation of non-digestible carbohydrates results in production of short-chain fatty acids (SFCAs):butyrate, propionate, and acetate are the most abundant in the intestine. SCFAs have beneficial effects, providing energy sources for enterocytes and colonocytes, helping maintain the gut barrier, and inhibiting proliferation of hepatic cells. SCFAs also have anti-inflammatory effects, increase satiety, and decrease food intake. The most abundant SFCA-producing bacteria belong to Lachnospiriaceae and Ruminococcacecae. Within these families, Eubacterium rectale, Faecalibacterium prausnitzii and several Roseburia species as well as Anaerostipes are known butyrate producers."
R3ee84561c0,PMC4442490,112018028,Clostridium sporogenes,Species,Interacts_with,serotonin,Chemical,clostridium sporogenes,serotonin,"('Clostridium sporogenes', 'serotonin')","('Species', 'Chemical')",['Interacts_with'],1,False,True,False,False,False,False,,7,1,"It has been known for many years that specific species of gut bacteria are capable of producing small molecules such as serotonin, dopamine, norepinephrine, epinephrine, GABA and acetylcholine, possible bioactive neuropeptides. However, it is unknown whether the microbially-derived molecules can act directly on host receptors as neurotransmitters. Recently, it has been observed that the specific human gut microbes Clostridium sporogenes and Ruminococcus gnavus are capable of producing the neurotransmitter tryptamine through decarboxylation of tryptophan. In the brain, tryptamine plays a role in the inhibitory response to 5-HT, through its action on the trace amine-associated receptor, and may modulate mood and appetite. In the gut, tryptamine can also induce enterochromaffin cells to release 5-HT. While tryptamine can in fact cross the blood-brain barrier from serum, it is yet unknown whether gut microbiota-produced tryptamine is trafficked from the GI tract to the CNS, and subsequently influences neurological function."
Rc77441e1dc,PMC4442490,112018028,Clostridium sporogenes,Species,start,GABA,Chemical,clostridium sporogenes,gaba,"('Clostridium sporogenes', 'GABA')","('Species', 'Chemical')",['start'],1,False,True,False,False,False,False,,7,1,"It has been known for many years that specific species of gut bacteria are capable of producing small molecules such as serotonin, dopamine, norepinephrine, epinephrine, GABA and acetylcholine, possible bioactive neuropeptides. However, it is unknown whether the microbially-derived molecules can act directly on host receptors as neurotransmitters. Recently, it has been observed that the specific human gut microbes Clostridium sporogenes and Ruminococcus gnavus are capable of producing the neurotransmitter tryptamine through decarboxylation of tryptophan. In the brain, tryptamine plays a role in the inhibitory response to 5-HT, through its action on the trace amine-associated receptor, and may modulate mood and appetite. In the gut, tryptamine can also induce enterochromaffin cells to release 5-HT. While tryptamine can in fact cross the blood-brain barrier from serum, it is yet unknown whether gut microbiota-produced tryptamine is trafficked from the GI tract to the CNS, and subsequently influences neurological function."
Rc42508f912,PMC5555213,112018107,Clostridium difficile,Species,causes,clindamycin,Chemical,clostridium difficile,clindamycin,"('Clostridium difficile', 'clindamycin')","('Species', 'Chemical')",['causes'],1,False,True,False,False,False,False,,1,1,Profound alterations of intestinal microbiota following a single dose of clindamycin results in sustained susceptibility to Clostridium difficile-induced colitis
Rf576adc49e,PMC6801109,112018144,Collinsella intestinalis,Species,increase,FL,Chemical,collinsella intestinalis,fl,"('Collinsella intestinalis', 'FL')","('Species', 'Chemical')",['increase'],1,False,True,False,False,False,False,,5,1,"Maillard reaction products (MRPs) in processed food can have deleterious health effects. Wolf et al. show that Fructoselysine (FL), a common MRP, selectively increases the absolute abundance of Collinsella intestinalis in gnotobiotic mice harboring human gut bacteria and induces Collinsella genes affecting import and metabolism of epsilon-fructoselysine to innocuous products."
R479ca333f4,PMC6801109,112018144,Collinsella intestinalis,Species,increase,Fructoselysine,Chemical,collinsella intestinalis,fructoselysine,"('Collinsella intestinalis', 'Fructoselysine')","('Species', 'Chemical')",['increase'],1,False,True,False,False,False,False,,5,1,"Maillard reaction products (MRPs) in processed food can have deleterious health effects. Wolf et al. show that Fructoselysine (FL), a common MRP, selectively increases the absolute abundance of Collinsella intestinalis in gnotobiotic mice harboring human gut bacteria and induces Collinsella genes affecting import and metabolism of epsilon-fructoselysine to innocuous products."
R2788e8e1a9,PMC6801109,112018154,C. intestinalis,Species,affects,fructoselysine,Chemical,c. intestinalis,fructoselysine,"('C. intestinalis', 'fructoselysine')","('Species', 'Chemical')","['experiences', 'affects']",7,True,True,False,False,False,False,,1,6,"We hypothesized that upregulation of fructoselysine-related genes could drive the observed increase in C. intestinalis absolute abundance by enabling growth on fructoselysine derived from the whey diet. Previous studies had determined that fructoselysine forms from glucose and lysine during processing of milk to whey (a procedure that involves heating). We confirmed the presence of hexose-modified lysine in the whey protein isolate used for our experiments by liquid chromatography-tandem mass spectrometry (LC-MS/MS, see Methods and Figures S3A, S3B, S3C, and S3D). Given that milk does not contain fructose, the precursor to glucoselysine, we interpreted our mass spectrometry findings to mean that the whey preparation contained fructoselysine and/or tagatoselysine (generated from glucose and galactose respectively). Given that microbial tagatoselysine metabolism is uncharacterized we focused on fructoselysine."
R8f6d3bf7e1,PMC6801109,112018155,H). Serum,Species,affects,fructoselysine,Chemical,h . serum,fructoselysine,"('H). Serum', 'fructoselysine')","('Species', 'Chemical')",['affects'],1,False,True,False,False,False,False,,4,1,"To verify that fructoselysine present in whey was impacting the cecal nutrient environment in our gnotobiotic mice, we developed a liquid chromatography, triple quadrupole mass spectrometric (LC-QQQ-MS) method to quantitate fructoselysine in cecal contents and serum (see Methods). Mice colonized with the defined consortium and germ-free controls both exhibited a significant increase in cecal fructoselysine when consuming the whey diet compared to the AA diet (P<0.0001, 2-tailed Welch's t-test; Figure 1H). Serum levels did not differ significantly as a function of diet or colonization status suggesting that fructoselysine is not readily absorbed in the mouse intestine (Figure 1I), consistent with previous observations in rats and humans."
R0496868263,PMC6801109,112018158,C. intestinalis,Species,affects,fructoselysine,Chemical,c. intestinalis,fructoselysine,"('C. intestinalis', 'fructoselysine')","('Species', 'Chemical')","['experiences', 'affects']",7,True,True,False,False,False,False,,1,6,To compare the in vitro growth of Collinsella strains when fructoselysine was the primary carbon source we synthesized gram-quantities of epsilon-fructoselysine from N-alpha-tert-butyloxycarbonyl-l-lysine and d-glucose (see Methods) and developed a medium where growth of Collinsella was dependent on the addition of a carbon source. The resulting Base Collinsella Medium (BCM; Table S4A) did not support growth of C. intestinalis or C. aerofaciens above OD600=0.25 without a supplemental carbon source.
R3ee2e94300,PMC6801109,112018159,C. aerofaciens,Species,start,fructoselysine,Chemical,c. aerofaciens,fructoselysine,"('C. aerofaciens', 'fructoselysine')","('Species', 'Chemical')","['start', 'part_of', 'affects']",8,True,True,False,False,False,False,,3,2,"The maximum OD600 achieved increased for both Collinsella species when fructoselysine was added to BCM over a concentration range 5 mM to 20 mM (Figures 2A and 2B). One of the consortium members, B. thetaiotaomicron VPI-5482, does not encode fructoselysine-degrading enzymes; control experiments established that its maximum OD600 was not elevated by addition of fructoselysine (Figure S4A). Interestingly, for C. intestinalis DSM 13280, which thrived on whey in vivo, the growth rate was significantly higher when fructoselysine was supplied as the sole carbon source compared to when glucose was added to BCM (Figure 2A; P<0.05; 2-tailed Welch's t-test); the opposite was true for in vitro growth of C. aerofaciens, which decreased in abundance on the whey diet in vivo (Figure 2B). Spent culture medium, obtained from stationary phase monocultures of C. intestinalis and C. aerofaciens, contained less than 5% of the fructoselysine measured in control medium incubated without bacteria (Figure 2C). In contrast, growth of B. thetaiotaomicron VPI-5482, which is not predicted to utilize fructoselysine, had no significant effect on fructoselysine concentrations (Figure 2C). We concluded that both Collinsella strains can metabolize fructoselysine in vitro. Given its ability to grow more rapidly on fructoselysine than glucose, we tested the hypothesis that the in vivo fitness advantage of C. intestinalis over C. aerofaciens was related to differences in their utilization of metabolites derived from fructoselysine and/or to differences in regulation of their fructoselysine utilization loci."
R8bef809e7c,PMC6801109,112018159,B. thetaiotaomicron VPI-5482,Species,Interacts_with,fructoselysine,Chemical,b. thetaiotaomicron vpi-5482,fructoselysine,"('B. thetaiotaomicron VPI-5482', 'fructoselysine')","('Species', 'Chemical')","['part_of', 'Interacts_with']",2,True,True,False,False,False,False,,3,1,"The maximum OD600 achieved increased for both Collinsella species when fructoselysine was added to BCM over a concentration range 5 mM to 20 mM (Figures 2A and 2B). One of the consortium members, B. thetaiotaomicron VPI-5482, does not encode fructoselysine-degrading enzymes; control experiments established that its maximum OD600 was not elevated by addition of fructoselysine (Figure S4A). Interestingly, for C. intestinalis DSM 13280, which thrived on whey in vivo, the growth rate was significantly higher when fructoselysine was supplied as the sole carbon source compared to when glucose was added to BCM (Figure 2A; P<0.05; 2-tailed Welch's t-test); the opposite was true for in vitro growth of C. aerofaciens, which decreased in abundance on the whey diet in vivo (Figure 2B). Spent culture medium, obtained from stationary phase monocultures of C. intestinalis and C. aerofaciens, contained less than 5% of the fructoselysine measured in control medium incubated without bacteria (Figure 2C). In contrast, growth of B. thetaiotaomicron VPI-5482, which is not predicted to utilize fructoselysine, had no significant effect on fructoselysine concentrations (Figure 2C). We concluded that both Collinsella strains can metabolize fructoselysine in vitro. Given its ability to grow more rapidly on fructoselysine than glucose, we tested the hypothesis that the in vivo fitness advantage of C. intestinalis over C. aerofaciens was related to differences in their utilization of metabolites derived from fructoselysine and/or to differences in regulation of their fructoselysine utilization loci."
Rdc746391ac,PMC6801109,112018159,Collinsella,Species,affects,fructoselysine,Chemical,collinsella,fructoselysine,"('Collinsella', 'fructoselysine')","('Species', 'Chemical')","['part_of', 'affects', 'Interacts_with']",4,True,True,False,False,False,False,,3,2,"The maximum OD600 achieved increased for both Collinsella species when fructoselysine was added to BCM over a concentration range 5 mM to 20 mM (Figures 2A and 2B). One of the consortium members, B. thetaiotaomicron VPI-5482, does not encode fructoselysine-degrading enzymes; control experiments established that its maximum OD600 was not elevated by addition of fructoselysine (Figure S4A). Interestingly, for C. intestinalis DSM 13280, which thrived on whey in vivo, the growth rate was significantly higher when fructoselysine was supplied as the sole carbon source compared to when glucose was added to BCM (Figure 2A; P<0.05; 2-tailed Welch's t-test); the opposite was true for in vitro growth of C. aerofaciens, which decreased in abundance on the whey diet in vivo (Figure 2B). Spent culture medium, obtained from stationary phase monocultures of C. intestinalis and C. aerofaciens, contained less than 5% of the fructoselysine measured in control medium incubated without bacteria (Figure 2C). In contrast, growth of B. thetaiotaomicron VPI-5482, which is not predicted to utilize fructoselysine, had no significant effect on fructoselysine concentrations (Figure 2C). We concluded that both Collinsella strains can metabolize fructoselysine in vitro. Given its ability to grow more rapidly on fructoselysine than glucose, we tested the hypothesis that the in vivo fitness advantage of C. intestinalis over C. aerofaciens was related to differences in their utilization of metabolites derived from fructoselysine and/or to differences in regulation of their fructoselysine utilization loci."
R28c1bf737a,PMC6801109,112018162,Collinsella,Species,Interacts_with,fructoselysine,Chemical,collinsella,fructoselysine,"('Collinsella', 'fructoselysine')","('Species', 'Chemical')","['part_of', 'affects', 'Interacts_with']",4,True,True,False,False,False,False,,3,1,"We grew bacteria on d-[13C]glucose (glu), [U]FL, and F[U]L to identify downstream intracellular metabolic intermediates of fructoselysine breakdown. For both Collinsella species, we found that fully-labeled [13C]glucose 6-phosophate is the exclusive isotopologue obtained with [U]FL (and the [13C]glucose control), confirming that it is generated from fructoselysine (Figures 3Fi and 3Gi). No intracellular [13C]glucose 6-phosphate was detected when cells were grown in the presence of F[U]L. We obtained a similar labeling pattern for the glycolysis intermediates fructose 1,6-bisphosphate and glycerate 3-phosphate, detecting, almost exclusively, fully-labeled [13C]isotopologues with [13C]glucose and [U]FL (Figures 3Fii,iii> and 3Gii,iii). We concluded that for both Collinsella species, virtually all flux through glycolysis originates from glucose 6-phosphate derived from fructoselysine. Both unlabeled and [13C3]isotopologues (M+3), but no [13C4]isotopologues, were detected for the tricarboxylic acid cycle intermediates fumarate and succinate, which can be end products of anaerobic metabolism (Figures 3Fvi,vii and 3Gvi,vii). This result suggests incorporation of CO2 into oxaloacetate, most likely through conversion of phosphoenolpyruvate (PEP) by PEP carboxylase (EC4.1.1.31) (homologs of this enzyme are encoded by COLINT_03003 and COLAER_RS03775 in C. intestinalis and C. aerofaciens, respectively; Figure 3A). For the glycolysis products pyruvate and lactate, as with acetate and formate, we observed both unlabeled and fully labeled isotopologues within bacteria growing on [13C]glucose or [U]FL (Figures 3Fiv,v and 3Giv,v); we postulate that this result is due to other carbon sources in the medium. No labeled pyruvate or lactate was detected when only F[U]L was added to the medium (Figures 3Fiv,v and 3Giv,v)."
Rd106f25580,PMC6801109,112018165,C. intestinalis,Species,decrease,Fructoselysine,Chemical,c. intestinalis,fructoselysine,"('C. intestinalis', 'Fructoselysine')","('Species', 'Chemical')",['decrease'],1,False,True,False,False,False,False,,6,1,"We sequenced the genomes of 10 additional human gut-derived Collinsella strains to identify genomic features that might explain the fitness differences observed between C. intestinalis and C. aerofaciens. Fructoselysine/glucoselysine-utilizing machinery was identified in each of the 10 strains (Figure S2 and Table S3A). We then introduced all 10 strains into gnotobiotic mice. Animals were first colonized with the 92-member consortium that included C. intestinalis DSM 13280 and C. aerofaciens ATCC 25986. One week after gavage, mice were switched from the base diet to the 10% AA or whey diets; one week later, they received a gavage of the 10 additional Collinsella strains (Figure 4A). COPRO-Seq analysis of DNA recovered from serially collected fecal samples disclosed that on the AA diet, three of the 10 strains (two C. intestinalis, one C. aerofaciens) had colonized the mice, reaching an absolute abundance similar to the two original Collinsella strains (note that both of these original strains decrease in absolute abundance after introduction of the 10 additional strains; Figure 4B, Table S2B). On the whey diet, C. intestinalis DSM 13280 still dominates; the two additional C. intestinalis strains that colonize have absolute abundances that are 8- to 19-fold lower (Table S2B)."
R7e3a86a365,PMC6801109,112018166,C. aerofaciens,Species,start,fructoselysine,Chemical,c. aerofaciens,fructoselysine,"('C. aerofaciens', 'fructoselysine')","('Species', 'Chemical')","['start', 'part_of', 'affects']",8,True,True,False,False,False,False,,4,2,"We next tested growth of each of the colonizing strains in vitro in BCM containing fructoselysine, glucose, or the combination of both carbon sources. All strains were able to grow with fructoselysine as a primary carbon source, consistent with their genomes containing the appropriate repertoire of genes for its import and metabolism. Both C. aerofaciens strains tested in vitro grew at a faster rate on glucose than fructoselysine (Figures 4C, S4B and S4C). Three of the four C. intestinalis strains reached a significantly higher maximum growth rate on fructoselysine (Figures 4C, S4D, S4E and S4F); the exception, C. intestinalis LFYP_54, is the only strain to share a growth phenotype with C. aerofaciens (grows more rapidly on glucose than on fructoselysine; Figures 4C and S4G), and the only C. intestinalis strain that colonized mice fed the AA but not the whey diet (Figure 4B). Maximum growth rate on the combination of the two carbon sources (glucose plus fructoselysine) was comparable to the maximum rate on the preferred carbon source for all strains (i.e., strains that grew faster on glucose, grew at a similar rate on glucose plus fructoselysine, while strains that grew faster on fructoselysine, grew at a similar rate on glucose plus fructoselysine) (see Figure 4C)."
R90c6578625,PMC6801109,112018166,C. aerofaciens,Species,affects,fructoselysine,Chemical,c. aerofaciens,fructoselysine,"('C. aerofaciens', 'fructoselysine')","('Species', 'Chemical')","['start', 'part_of', 'affects']",8,True,True,False,False,False,False,,4,5,"We next tested growth of each of the colonizing strains in vitro in BCM containing fructoselysine, glucose, or the combination of both carbon sources. All strains were able to grow with fructoselysine as a primary carbon source, consistent with their genomes containing the appropriate repertoire of genes for its import and metabolism. Both C. aerofaciens strains tested in vitro grew at a faster rate on glucose than fructoselysine (Figures 4C, S4B and S4C). Three of the four C. intestinalis strains reached a significantly higher maximum growth rate on fructoselysine (Figures 4C, S4D, S4E and S4F); the exception, C. intestinalis LFYP_54, is the only strain to share a growth phenotype with C. aerofaciens (grows more rapidly on glucose than on fructoselysine; Figures 4C and S4G), and the only C. intestinalis strain that colonized mice fed the AA but not the whey diet (Figure 4B). Maximum growth rate on the combination of the two carbon sources (glucose plus fructoselysine) was comparable to the maximum rate on the preferred carbon source for all strains (i.e., strains that grew faster on glucose, grew at a similar rate on glucose plus fructoselysine, while strains that grew faster on fructoselysine, grew at a similar rate on glucose plus fructoselysine) (see Figure 4C)."
R4afb102c62,PMC6801109,112018167,C. intestinalis,Species,affects,fructoselysine,Chemical,c. intestinalis,fructoselysine,"('C. intestinalis', 'fructoselysine')","('Species', 'Chemical')","['experiences', 'affects']",7,True,True,False,False,False,False,,3,6,"Given the observed differences in growth rates, we compared the fructoselysine utilization loci of these strains. While all strains contain the minimum complement of genes for fructoselysine utilization, the genomic organization of these genes varied and was correlated with growth rate phenotypes. The locus organization in C. intestinalis LFYP_54 is homologous to that in the C. aerofaciens strains, which contain a deglycase followed by the four PTS genes (Figure 4D); strains with this genomic organization grow more rapidly on glucose than on fructoselysine (Figure 4C). The other three C. intestinalis strains have a 'rearranged' fructoselysine locus, with the deglycase positioned in the middle of the PTS system (Figure 4D); they grow faster on fructoselysine than glucose (Figure 4C). This finding led us to hypothesize that the transcriptional induction or repression of this locus may differ based on its architecture."
Rc429100ccb,PMC6801109,112018167,C. aerofaciens,Species,affects,fructoselysine,Chemical,c. aerofaciens,fructoselysine,"('C. aerofaciens', 'fructoselysine')","('Species', 'Chemical')","['start', 'part_of', 'affects']",8,True,True,False,False,False,False,,3,5,"Given the observed differences in growth rates, we compared the fructoselysine utilization loci of these strains. While all strains contain the minimum complement of genes for fructoselysine utilization, the genomic organization of these genes varied and was correlated with growth rate phenotypes. The locus organization in C. intestinalis LFYP_54 is homologous to that in the C. aerofaciens strains, which contain a deglycase followed by the four PTS genes (Figure 4D); strains with this genomic organization grow more rapidly on glucose than on fructoselysine (Figure 4C). The other three C. intestinalis strains have a 'rearranged' fructoselysine locus, with the deglycase positioned in the middle of the PTS system (Figure 4D); they grow faster on fructoselysine than glucose (Figure 4C). This finding led us to hypothesize that the transcriptional induction or repression of this locus may differ based on its architecture."
R90356ae037,PMC6801109,112018170,C. aerofaciens,Species,affects,fructoselysine,Chemical,c. aerofaciens,fructoselysine,"('C. aerofaciens', 'fructoselysine')","('Species', 'Chemical')","['start', 'part_of', 'affects']",8,True,True,False,False,False,False,,5,5,"To further examine the mechanism(s) that could explain their different fitness responses to whey in vivo, we grew C. aerofaciens ATCC 25986 and C. intestinalis DSM 13280 in BCM containing glucose, glucose plus lysine, fructoselysine, or glucose plus fructoselysine. We harvested samples for RNA isolation during exponential growth and performed microbial RNA-Seq. Each species had over 200 genes that were differentially expressed between the glucose plus lysine compared to fructoselysine alone conditions, indicating a robust response to this change in carbon source (Tables S5B and S5C). Principal components analysis (PCA) grouped the C. intestinalis transcriptomes from the fructoselysine-treated and glucose plus fructoselysine-treated cultures together (Figure 5A) but did not group the analogous C. aerofaciens transcriptomes (Figure 5B). Instead, the C. aerofaciens transcriptomes in glucose plus fructoselysine-treated cultures cluster with those of the glucose-treated cultures (Figure 5B). Together, these findings indicate that C. intestinalis undergoes a broad change in gene regulation in response to fructoselysine, regardless of whether glucose is present, while C. aerofaciens 'ignores' fructoselysine in the presence of glucose. This phenomenon of carbon catabolite repression, where one carbon source represses a transcriptional response to a 'less optimal' carbon source is common in bacteria, although it has not been described in Collinsella."
R88f68c2b86,PMC6801109,112018171,C. aerofaciens,Species,increase,fructoselysine-6-phosphate,Chemical,c. aerofaciens,fructoselysine-6-phosphate,"('C. aerofaciens', 'fructoselysine-6-phosphate')","('Species', 'Chemical')",['increase'],1,False,True,False,False,False,False,,5,1,"The C. intestinalis DSM 13280 locus with a complete PTS system and two fructoselysine-6-phosphate deglycases is induced in the presence of fructoselysine, regardless of the presence of glucose (Figure 5C). Additionally, three of the four GntR family members shown in Figure 4D are co-expressed with these fructoselysine-degrading genes (Figure 5C). In C. intestinalis there were no significant differentially regulated genes between the fructoselysine alone versus glucose plus fructoselysine conditions. The fructoselysine-induced C. aerofaciens genes predicted to metabolize fructoselysine are represented in multiple loci: COLAER_RS08740-8780 encodes homologs of all genes in the fructoselysine utilization pathway, including a pair of FrlR1/R2 regulators, a fructoselysine PTS and fructoselysine-6-phosphate deglycase, while the functional role of the second gene locus, COLAER_RS1890-1935, which encodes homologs of fructoselysine kinase, fructoselysine-6-phosphate deglycase, and several other uncharacterized enzymes and transporters, is not clear. Expression of both loci in C. aerofaciens ATCC 25986 is significantly higher in the presence of fructoselysine compared to glucose but is unchanged in the presence of glucose plus fructoselysine (Figure 5D). The pattern of expression of C. aerofaciens frlR1/frlR2 is identical to that observed for the fructoselysine-degrading genes, increasing solely in the presence of fructoselysine (Figure 5D). These C. aerofaciens genes are not universally upregulated by the whey diet in the in vivo experiment shown in Figure 1 (Figures 5D and S1G). Thus, the locus responsible for fructoselysine metabolism in C. intestinalis is not repressed by glucose, while the two loci in C. aerofaciens are repressed. We hypothesized that these differences in gene regulation could provide a fitness advantage to C. intestinalis in the glucose-rich environment present in the gut when mice are fed either diet (Figure S3F; as noted above, 74% of the kcal in these diets are from sucrose, maltodextrin, and corn starch)"
Rfc85573731,PMC6801109,112018171,C. aerofaciens,Species,affects,fructoselysine,Chemical,c. aerofaciens,fructoselysine,"('C. aerofaciens', 'fructoselysine')","('Species', 'Chemical')","['start', 'part_of', 'affects']",8,True,True,False,False,False,False,,5,5,"The C. intestinalis DSM 13280 locus with a complete PTS system and two fructoselysine-6-phosphate deglycases is induced in the presence of fructoselysine, regardless of the presence of glucose (Figure 5C). Additionally, three of the four GntR family members shown in Figure 4D are co-expressed with these fructoselysine-degrading genes (Figure 5C). In C. intestinalis there were no significant differentially regulated genes between the fructoselysine alone versus glucose plus fructoselysine conditions. The fructoselysine-induced C. aerofaciens genes predicted to metabolize fructoselysine are represented in multiple loci: COLAER_RS08740-8780 encodes homologs of all genes in the fructoselysine utilization pathway, including a pair of FrlR1/R2 regulators, a fructoselysine PTS and fructoselysine-6-phosphate deglycase, while the functional role of the second gene locus, COLAER_RS1890-1935, which encodes homologs of fructoselysine kinase, fructoselysine-6-phosphate deglycase, and several other uncharacterized enzymes and transporters, is not clear. Expression of both loci in C. aerofaciens ATCC 25986 is significantly higher in the presence of fructoselysine compared to glucose but is unchanged in the presence of glucose plus fructoselysine (Figure 5D). The pattern of expression of C. aerofaciens frlR1/frlR2 is identical to that observed for the fructoselysine-degrading genes, increasing solely in the presence of fructoselysine (Figure 5D). These C. aerofaciens genes are not universally upregulated by the whey diet in the in vivo experiment shown in Figure 1 (Figures 5D and S1G). Thus, the locus responsible for fructoselysine metabolism in C. intestinalis is not repressed by glucose, while the two loci in C. aerofaciens are repressed. We hypothesized that these differences in gene regulation could provide a fitness advantage to C. intestinalis in the glucose-rich environment present in the gut when mice are fed either diet (Figure S3F; as noted above, 74% of the kcal in these diets are from sucrose, maltodextrin, and corn starch)"
R433eb53b30,PMC6801109,112018171,C. intestinalis,Species,affects,fructoselysine,Chemical,c. intestinalis,fructoselysine,"('C. intestinalis', 'fructoselysine')","('Species', 'Chemical')","['experiences', 'affects']",7,True,True,False,False,False,False,,5,6,"The C. intestinalis DSM 13280 locus with a complete PTS system and two fructoselysine-6-phosphate deglycases is induced in the presence of fructoselysine, regardless of the presence of glucose (Figure 5C). Additionally, three of the four GntR family members shown in Figure 4D are co-expressed with these fructoselysine-degrading genes (Figure 5C). In C. intestinalis there were no significant differentially regulated genes between the fructoselysine alone versus glucose plus fructoselysine conditions. The fructoselysine-induced C. aerofaciens genes predicted to metabolize fructoselysine are represented in multiple loci: COLAER_RS08740-8780 encodes homologs of all genes in the fructoselysine utilization pathway, including a pair of FrlR1/R2 regulators, a fructoselysine PTS and fructoselysine-6-phosphate deglycase, while the functional role of the second gene locus, COLAER_RS1890-1935, which encodes homologs of fructoselysine kinase, fructoselysine-6-phosphate deglycase, and several other uncharacterized enzymes and transporters, is not clear. Expression of both loci in C. aerofaciens ATCC 25986 is significantly higher in the presence of fructoselysine compared to glucose but is unchanged in the presence of glucose plus fructoselysine (Figure 5D). The pattern of expression of C. aerofaciens frlR1/frlR2 is identical to that observed for the fructoselysine-degrading genes, increasing solely in the presence of fructoselysine (Figure 5D). These C. aerofaciens genes are not universally upregulated by the whey diet in the in vivo experiment shown in Figure 1 (Figures 5D and S1G). Thus, the locus responsible for fructoselysine metabolism in C. intestinalis is not repressed by glucose, while the two loci in C. aerofaciens are repressed. We hypothesized that these differences in gene regulation could provide a fitness advantage to C. intestinalis in the glucose-rich environment present in the gut when mice are fed either diet (Figure S3F; as noted above, 74% of the kcal in these diets are from sucrose, maltodextrin, and corn starch)"
Rb8e008e484,PMC6801109,112018172,C. intestinalis DSM 13280,Species,affects,Fructoselysine,Chemical,c. intestinalis dsm 13280,fructoselysine,"('C. intestinalis DSM 13280', 'Fructoselysine')","('Species', 'Chemical')",['affects'],2,True,True,False,False,False,False,,1,3,Fructoselysine is sufficient to boost C. intestinalis DSM 13280 abundance in vivo
Rb19865f332,PMC6801109,112018173,C. intestinalis DSM 13280,Species,increase,lysine,Chemical,c. intestinalis dsm 13280,lysine,"('C. intestinalis DSM 13280', 'lysine')","('Species', 'Chemical')",['increase'],1,False,True,False,False,False,False,,3,1,"We added epsilon-fructoselysine to the drinking water of animals colonized with the defined consortium and monotonously fed the AA diet in order to determine whether fructoselysine was sufficient to support in vivo expansion of C. intestinalis DSM 13280. We initially tested three different concentrations of fructoselysine designed to deliver a daily dose of 2.5, 10, and 25 mg/animal based on their observed levels of water consumption. A control group of mice received lysine dissolved in their drinking water at a molar equivalent to the 10 mg/d concentration of fructoselysine (4.7 mg/d lysine). The cecal concentration of fructoselysine increased with fructoselysine supplementation in a dose-dependent manner (Figure 6A; P = 0.018, Spearman's rank correlation). Moreover, the absolute abundance of the C. intestinalis DSM 13280 increased with fructoselysine supplementation; the magnitude of the increase was dose-dependent with the highest dose producing levels that were 9.5+-4.0 fold higher than the lysine control on Day 7 (mean +- s.d.; Figure 6B, Table S2C, adjusted P-value < 0.05, generalized linear mixed-effects Poisson model). We also noted a trend toward an increase in serum fructoselysine concentration at the highest dose of administered (125+-43 muM at 25 mg/d vs. 80+-13 muM at 10 mg/d; P = 0.12; 2-tailed Welch's t-test). C. aerofaciens ATCC 25986, which did not decrease in abundance as on the whey diet, exhibited a modest, albeit statistically significant increase in its absolute abundance at the highest dose of fructoselysine administered (Figure 6C, Table S2C)."
R4b4286dd36,PMC6801109,112018175,C. aerofaciens,Species,affects,fructoselysine,Chemical,c. aerofaciens,fructoselysine,"('C. aerofaciens', 'fructoselysine')","('Species', 'Chemical')","['start', 'part_of', 'affects']",8,True,True,False,False,False,False,,5,5,"Finally, we performed microbial RNA-Seq of cecal contents to study the transcriptional response to fructoselysine supplementation. Comparing colonized animals treated with the highest dose of fructoselysine versus those consuming the lowest dose revealed significant increases in expression levels of all detected genes in the fructoselysine metabolic locus of C. intestinalis DSM 13280 that were upregulated in vitro (compare Figures 6D and 5C). For C. aerofaciens ATCC 25986, the response more closely mimics the response in vivo on the whey diet in Figure S1G; its main fructoselysine utilization operon, COLAER_RS008740-8780, is upregulated while the second gene cluster, COLAER_RS01910-1925, is downregulated (Figure 6E, note that FrlR regulators are not associated with this cluster). Thus, the in vivo response of C. intestinalis is similar to that found in vitro, but the response of C. aerofaciens to dietary fructoselysine is impacted by the gut environment."
R9e768ba2d9,PMC6801109,112018175,C. aerofaciens ATCC 25986,Species,increase,fructoselysine,Chemical,c. aerofaciens atcc 25986,fructoselysine,"('C. aerofaciens ATCC 25986', 'fructoselysine')","('Species', 'Chemical')","['increase', 'part_of']",3,True,True,False,False,False,False,,5,1,"Finally, we performed microbial RNA-Seq of cecal contents to study the transcriptional response to fructoselysine supplementation. Comparing colonized animals treated with the highest dose of fructoselysine versus those consuming the lowest dose revealed significant increases in expression levels of all detected genes in the fructoselysine metabolic locus of C. intestinalis DSM 13280 that were upregulated in vitro (compare Figures 6D and 5C). For C. aerofaciens ATCC 25986, the response more closely mimics the response in vivo on the whey diet in Figure S1G; its main fructoselysine utilization operon, COLAER_RS008740-8780, is upregulated while the second gene cluster, COLAER_RS01910-1925, is downregulated (Figure 6E, note that FrlR regulators are not associated with this cluster). Thus, the in vivo response of C. intestinalis is similar to that found in vitro, but the response of C. aerofaciens to dietary fructoselysine is impacted by the gut environment."
R8568aa787e,PMC6801109,112018175,C. intestinalis DSM 13280,Species,increase,fructoselysine,Chemical,c. intestinalis dsm 13280,fructoselysine,"('C. intestinalis DSM 13280', 'fructoselysine')","('Species', 'Chemical')","['increase', 'affects']",2,True,True,False,False,False,False,,5,1,"Finally, we performed microbial RNA-Seq of cecal contents to study the transcriptional response to fructoselysine supplementation. Comparing colonized animals treated with the highest dose of fructoselysine versus those consuming the lowest dose revealed significant increases in expression levels of all detected genes in the fructoselysine metabolic locus of C. intestinalis DSM 13280 that were upregulated in vitro (compare Figures 6D and 5C). For C. aerofaciens ATCC 25986, the response more closely mimics the response in vivo on the whey diet in Figure S1G; its main fructoselysine utilization operon, COLAER_RS008740-8780, is upregulated while the second gene cluster, COLAER_RS01910-1925, is downregulated (Figure 6E, note that FrlR regulators are not associated with this cluster). Thus, the in vivo response of C. intestinalis is similar to that found in vitro, but the response of C. aerofaciens to dietary fructoselysine is impacted by the gut environment."
R7275b61e46,PMC6801109,112018175,C. intestinalis,Species,affects,fructoselysine,Chemical,c. intestinalis,fructoselysine,"('C. intestinalis', 'fructoselysine')","('Species', 'Chemical')","['experiences', 'affects']",7,True,True,False,False,False,False,,5,6,"Finally, we performed microbial RNA-Seq of cecal contents to study the transcriptional response to fructoselysine supplementation. Comparing colonized animals treated with the highest dose of fructoselysine versus those consuming the lowest dose revealed significant increases in expression levels of all detected genes in the fructoselysine metabolic locus of C. intestinalis DSM 13280 that were upregulated in vitro (compare Figures 6D and 5C). For C. aerofaciens ATCC 25986, the response more closely mimics the response in vivo on the whey diet in Figure S1G; its main fructoselysine utilization operon, COLAER_RS008740-8780, is upregulated while the second gene cluster, COLAER_RS01910-1925, is downregulated (Figure 6E, note that FrlR regulators are not associated with this cluster). Thus, the in vivo response of C. intestinalis is similar to that found in vitro, but the response of C. aerofaciens to dietary fructoselysine is impacted by the gut environment."
R9e768ba2d9,PMC6801109,112018175,C. aerofaciens ATCC 25986,Species,increase,fructoselysine,Chemical,c. aerofaciens atcc 25986,fructoselysine,"('C. aerofaciens ATCC 25986', 'fructoselysine')","('Species', 'Chemical')","['increase', 'part_of']",3,True,True,False,False,False,False,,5,1,"Finally, we performed microbial RNA-Seq of cecal contents to study the transcriptional response to fructoselysine supplementation. Comparing colonized animals treated with the highest dose of fructoselysine versus those consuming the lowest dose revealed significant increases in expression levels of all detected genes in the fructoselysine metabolic locus of C. intestinalis DSM 13280 that were upregulated in vitro (compare Figures 6D and 5C). For C. aerofaciens ATCC 25986, the response more closely mimics the response in vivo on the whey diet in Figure S1G; its main fructoselysine utilization operon, COLAER_RS008740-8780, is upregulated while the second gene cluster, COLAER_RS01910-1925, is downregulated (Figure 6E, note that FrlR regulators are not associated with this cluster). Thus, the in vivo response of C. intestinalis is similar to that found in vitro, but the response of C. aerofaciens to dietary fructoselysine is impacted by the gut environment."
Rd303fd9ee9,PMC6801109,112018176,C. intestinalis,Species,affects,fructoselysine,Chemical,c. intestinalis,fructoselysine,"('C. intestinalis', 'fructoselysine')","('Species', 'Chemical')","['experiences', 'affects']",7,True,True,False,False,False,False,,5,6,"We have identified how a member of the human gut microbiota responds to a common chemical modification of food (fructoselysine) introduced by food processing. C. intestinalis fitness increases in the presence of fructoselysine by utilizing this protein modification as a carbon source. These findings were obtained in gnotobiotic mice containing a defined consortium of 54 phylogenetically-diverse human gut-derived bacterial strains with sequenced genomes, and fed defined diets where the sole source of protein was whey. In this model system, fructoselysine moieties in whey serve as a representative Maillard reaction product. MRPs, which result from a non-enzymatic reaction between amino acids and reducing sugars, are generated during cooking/food processing and are used in a wide variety of applications to improve food taste, aroma and color. Some MRPs such as the advanced glycation end product (AGE) carboxymethyl lysine, have been linked to diabetes and cardiovascular disease while others, such as acrylamide, an AGE present in many heat-processed foods rich in starch, including potato chips and French fries, have been associated with cancer. Given dramatic increases in consumption of processed foods, MRPs may contribute to a variety of ""Western"" diseases."
R575a69d9cc,PMC6801109,112018177,Collinsella,Species,affects,fructoselysine,Chemical,collinsella,fructoselysine,"('Collinsella', 'fructoselysine')","('Species', 'Chemical')","['part_of', 'affects', 'Interacts_with']",4,True,True,False,False,False,False,,2,2,"We find that whey protein containing fructoselysine substantially boosts the absolute abundance of a strain of C. intestinalis along the length of the intestine in our gnotobiotic mouse model, while diminishing the absolute abundance of another related community member, C. aerofaciens. The increase of C. intestinalis fitness in vivo is recapitulated by fructoselysine alone and is accompanied by transcriptional induction of a locus predicted to import and metabolize fructoselysine to lysine and glucose 6-phosphate. Both Collinsella species possess this locus and can utilize fructoselysine as a carbon source, generated similar intermediates and end products. Therefore, we propose that their differential fitness in vivo is related at least in part to differential transcriptional regulation of their fructoselysine utilization locus, a prediction supported by our in vitro microbial RNA-Seq data. The predicted fructoselysine utilization locus is repressed by glucose in C. aerofaciens, but not in C. intestinalis, providing a proposed mechanism for its selective fitness response in mice fed a sucrose-rich whey diet. The current lack of genetic tools for Collinsella precludes our ability to directly manipulate the locus to test this hypothesis."
R77a70f0904,PMC6801109,112018178,Bifidobacterium longum,Species,Interacts_with,Carbon,Chemical,bifidobacterium longum,carbon,"('Bifidobacterium longum', 'Carbon')","('Species', 'Chemical')",['Interacts_with'],1,False,True,False,False,False,False,,6,1,"Carbon catabolite repression is a widespread phenomenon among bacteria, but its role in determining fitness in the gut has not been extensively studied. B. subtilis, a member of the Firmicutes, contains the best understood carbon catabolite repression system among Grampositive organisms; the system involves the global regulator CcpA and components of a PTS. Carbon catabolite repression in Collinsella spp. has not been previously described and is poorly characterized in related Actinobacteria. Studied representatives of this phylum lack elements of the CcpA-dependent carbon catabolite repression mechanism, but may have alternative mechanisms for maintaining preferential carbon source utilization. For example, in Bifidobacterium longum, the availability of lactose represses expression of the glucose transporter. In Streptomyces coelicolor, glucose-dependent carbon catabolite repression occurs independently of PTS function but involves glucokinase and multiple regulators of unknown function. The Collinsella spp. characterized in this report possess conserved genes encoding glucokinase (COLINT_03074) and general PTS components PtsI/HPr (COLINT_02545/COLINT_02546) but no CcpA. Future work, enabled by the development of tools for their genetic manipulation, will be required to determine the mechanism regulating carbon source utilization in Collinsella."
Rbc3d02684e,PMC6801109,112018178,Streptomyces coelicolor,Species,Interacts_with,carbon,Chemical,streptomyces coelicolor,carbon,"('Streptomyces coelicolor', 'carbon')","('Species', 'Chemical')",['Interacts_with'],1,False,True,False,False,False,False,,6,1,"Carbon catabolite repression is a widespread phenomenon among bacteria, but its role in determining fitness in the gut has not been extensively studied. B. subtilis, a member of the Firmicutes, contains the best understood carbon catabolite repression system among Grampositive organisms; the system involves the global regulator CcpA and components of a PTS. Carbon catabolite repression in Collinsella spp. has not been previously described and is poorly characterized in related Actinobacteria. Studied representatives of this phylum lack elements of the CcpA-dependent carbon catabolite repression mechanism, but may have alternative mechanisms for maintaining preferential carbon source utilization. For example, in Bifidobacterium longum, the availability of lactose represses expression of the glucose transporter. In Streptomyces coelicolor, glucose-dependent carbon catabolite repression occurs independently of PTS function but involves glucokinase and multiple regulators of unknown function. The Collinsella spp. characterized in this report possess conserved genes encoding glucokinase (COLINT_03074) and general PTS components PtsI/HPr (COLINT_02545/COLINT_02546) but no CcpA. Future work, enabled by the development of tools for their genetic manipulation, will be required to determine the mechanism regulating carbon source utilization in Collinsella."
R4e59df928c,PMC6801109,112018178,Collinsella,Species,Interacts_with,lactose,Chemical,collinsella,lactose,"('Collinsella', 'lactose')","('Species', 'Chemical')",['Interacts_with'],1,False,True,False,False,False,False,,6,1,"Carbon catabolite repression is a widespread phenomenon among bacteria, but its role in determining fitness in the gut has not been extensively studied. B. subtilis, a member of the Firmicutes, contains the best understood carbon catabolite repression system among Grampositive organisms; the system involves the global regulator CcpA and components of a PTS. Carbon catabolite repression in Collinsella spp. has not been previously described and is poorly characterized in related Actinobacteria. Studied representatives of this phylum lack elements of the CcpA-dependent carbon catabolite repression mechanism, but may have alternative mechanisms for maintaining preferential carbon source utilization. For example, in Bifidobacterium longum, the availability of lactose represses expression of the glucose transporter. In Streptomyces coelicolor, glucose-dependent carbon catabolite repression occurs independently of PTS function but involves glucokinase and multiple regulators of unknown function. The Collinsella spp. characterized in this report possess conserved genes encoding glucokinase (COLINT_03074) and general PTS components PtsI/HPr (COLINT_02545/COLINT_02546) but no CcpA. Future work, enabled by the development of tools for their genetic manipulation, will be required to determine the mechanism regulating carbon source utilization in Collinsella."
R85f8485962,PMC6801109,112018179,C. intestinalis,Species,Interacts_with,Arg38,Chemical,c. intestinalis,arg38,"('C. intestinalis', 'Arg38')","('Species', 'Chemical')",['Interacts_with'],1,False,True,False,False,False,False,,3,1,"We identify a proposed mechanism for local control of the fructoselysine locus by GntR-family transcriptional regulators. We hypothesize that paired FrlR1 and FrlR2 regulators may form a heterodimer to recognize the identified nonsymmetrical DNA motif (Figure 4E). FrlR1 may interact with the conserved GG dinucleotide in the left arm of the motif through the Arg38/Arg48 residues, while FrlR2 may interact with the AT-rich right arm (Figure S6B). Tandem FrlR binding sites may enable cooperative binding of heterodimers, enhancing repression. By analogy with the NagR repressor, which responds to GlcNAc-6-phosphate, the FrlR1/FrlR2 dimer likely dissociates from DNA in the presence of an allosteric effector such as fructoselysine 6-phosphate. In vitro characterization of the interactions of FrlR1/R2 with predicted DNA operators in C. intestinalis is needed to confirm this mechanism and to determine whether fructoselysine, or its phosphorylated product, is critically involved in operator binding."
R266a1fcf13,PMC6801109,112018186,Collinsella,Species,worsen,glycerol,Chemical,collinsella,glycerol,"('Collinsella', 'glycerol')","('Species', 'Chemical')",['worsen'],1,False,True,False,False,False,False,,2,1,"All human gut bacterial strains were purchased from the American Type Culture Collection (ATCC) or Deutsche Sammlung von Mikroorganismen und Zellkulturen GmbH (DSMZ), with the exception of those we isolated or received from other laboratories, as indicated in the Key Resources Table. The taxonomy of each strain was confirmed by sequencing amplicons generated from their 16S rDNA genes using primers 8F and 1391R. Multiple glycerol stocks of individual strains were frozen to mitigate the need to passage them. Glycerol stocks of Collinsella strains were struck out on Brain Heart Infusion (BHI; Becton and Dickinson) agar plates supplemented with 10% defibrinated horse blood (Colorado Serum Co.) and grown under anaerobic conditions at 37  C. Single colonies were picked from the plate and inoculated into TYGs* medium. For experiments involving measurements of growth rates, an aliquot of a stationary phase monoculture was diluted 400-fold into BCM (Table S4A) containing fructoselysine, glucose, and/or lysine at specified concentrations. Growth was quantified in 96-well plates incubated at 37  C with OD600 measurements taken every 15 minutes (BioTek Synergy2 instrument)."
R07a8f421fd,PMC6801109,112018186,horse,Species,affects,Glycerol,Chemical,horse,glycerol,"('horse', 'Glycerol')","('Species', 'Chemical')",['affects'],1,False,True,False,False,False,False,,2,1,"All human gut bacterial strains were purchased from the American Type Culture Collection (ATCC) or Deutsche Sammlung von Mikroorganismen und Zellkulturen GmbH (DSMZ), with the exception of those we isolated or received from other laboratories, as indicated in the Key Resources Table. The taxonomy of each strain was confirmed by sequencing amplicons generated from their 16S rDNA genes using primers 8F and 1391R. Multiple glycerol stocks of individual strains were frozen to mitigate the need to passage them. Glycerol stocks of Collinsella strains were struck out on Brain Heart Infusion (BHI; Becton and Dickinson) agar plates supplemented with 10% defibrinated horse blood (Colorado Serum Co.) and grown under anaerobic conditions at 37  C. Single colonies were picked from the plate and inoculated into TYGs* medium. For experiments involving measurements of growth rates, an aliquot of a stationary phase monoculture was diluted 400-fold into BCM (Table S4A) containing fructoselysine, glucose, and/or lysine at specified concentrations. Growth was quantified in 96-well plates incubated at 37  C with OD600 measurements taken every 15 minutes (BioTek Synergy2 instrument)."
Rf147e14ccb,PMC6801109,112018189,Clostridium thermocellum,Species,affects,peptides,Chemical,clostridium thermocellum,peptides,"('Clostridium thermocellum', 'peptides')","('Species', 'Chemical')",['affects'],1,False,True,False,False,False,False,,2,1,"Acquired MS/MS spectra of tryptic peptides were first searched against the Bos taurus proteome (Uniprot ID: UP000009136) using MyriMatch/IDPicker to identify the major components of the bovine whey protein isolate. A sub-database of the top 400 proteins was created and used for our subsequent post-translational modification (PTM) analysis. Reversed decoy sequences were appended to the sub-database to assess the false discovery rate in a generic open search with a wide precursor mass tolerance to identify peptides with all possible modifications. The MSFragger open search was configured with the following parameters to identify common mass shifts on peptides: precursor mass tolerance of 500 Da, fragment mass tolerance of 10 ppm, and a maximum number of three variable modifications. In addition, an open search was performed on Clostridium thermocellum with the same MSFragger settings to confirm the specificity of fructosylation and lactosylation of lysine residues in the whey protein isolate sample relative to an organism that does not contain proteins with such modifications."
Reef0c63d3d,PMC6801109,112018189,Bos taurus,Species,affects,peptides,Chemical,bos taurus,peptides,"('Bos taurus', 'peptides')","('Species', 'Chemical')",['affects'],1,False,True,False,False,False,False,,2,1,"Acquired MS/MS spectra of tryptic peptides were first searched against the Bos taurus proteome (Uniprot ID: UP000009136) using MyriMatch/IDPicker to identify the major components of the bovine whey protein isolate. A sub-database of the top 400 proteins was created and used for our subsequent post-translational modification (PTM) analysis. Reversed decoy sequences were appended to the sub-database to assess the false discovery rate in a generic open search with a wide precursor mass tolerance to identify peptides with all possible modifications. The MSFragger open search was configured with the following parameters to identify common mass shifts on peptides: precursor mass tolerance of 500 Da, fragment mass tolerance of 10 ppm, and a maximum number of three variable modifications. In addition, an open search was performed on Clostridium thermocellum with the same MSFragger settings to confirm the specificity of fructosylation and lactosylation of lysine residues in the whey protein isolate sample relative to an organism that does not contain proteins with such modifications."
R6ba53dcb85,PMC6801109,112018214,C. intestinalis,Species,affects,propionate,Chemical,c. intestinalis,propionate,"('C. intestinalis', 'propionate')","('Species', 'Chemical')",['affects'],1,False,True,False,False,False,False,,5,1,"To measure short chain fatty acids [formate, acetate, propionate and butyrate] in the culture medium, 20 muL of 33% HCl was combined with 50 muL of the thawed flow through from the filtration step in a 2 mL glass screw cap tube. After addition of 1 mL diethyl ether, the samples were vortexed thoroughly for 10 minutes and centrifuged (3,200 x g, 10 minutes; 4  C) to separate the phases. 60 muL of the upper ether phase was combined with 20 muL N-tert-Butyldimethylsilyl-N-methyl-trifluoroacetamide (Sigma-Aldrich), mixed briefly, and incubated at room temperature for 2 hours. Derivatized samples (1 muL) were injected with 100:1 split into the GC-MS system described above. Analyses were carried out on a HP-5MS capillary column (30 m x 0.25 mm, 0.25 mum film thickness, Agilent J & W Scientific, Folsom, CA) using electronic impact (70 eV) as ionization mode. Helium was used as a carrier gas at a constant flow rate of 1 mL/min and the solvent delay time was set to 3.5 minutes. The column head-pressure was 10 p.s.i. The temperatures of injector, transfer line, and quadrupole were 270, 280 and 150  C, respectively. The GC oven was programmed as follows: 45  C held for 2.25 min, increased to 200 C at a rate of 20  C/minute, to 300 C at a rate of 100  C/minute and finally held for 3 minutes. Neither propionate nor butyrate were detected in fructoselysine- or glucose-supplemented BCMy harvested from cultures of C. intestinalis or C. aerofaciens."
R5c46cc28e9,PMC6801109,112018214,C. aerofaciens,Species,affects,acetate,Chemical,c. aerofaciens,acetate,"('C. aerofaciens', 'acetate')","('Species', 'Chemical')",['affects'],1,False,True,False,False,False,False,,5,1,"To measure short chain fatty acids [formate, acetate, propionate and butyrate] in the culture medium, 20 muL of 33% HCl was combined with 50 muL of the thawed flow through from the filtration step in a 2 mL glass screw cap tube. After addition of 1 mL diethyl ether, the samples were vortexed thoroughly for 10 minutes and centrifuged (3,200 x g, 10 minutes; 4  C) to separate the phases. 60 muL of the upper ether phase was combined with 20 muL N-tert-Butyldimethylsilyl-N-methyl-trifluoroacetamide (Sigma-Aldrich), mixed briefly, and incubated at room temperature for 2 hours. Derivatized samples (1 muL) were injected with 100:1 split into the GC-MS system described above. Analyses were carried out on a HP-5MS capillary column (30 m x 0.25 mm, 0.25 mum film thickness, Agilent J & W Scientific, Folsom, CA) using electronic impact (70 eV) as ionization mode. Helium was used as a carrier gas at a constant flow rate of 1 mL/min and the solvent delay time was set to 3.5 minutes. The column head-pressure was 10 p.s.i. The temperatures of injector, transfer line, and quadrupole were 270, 280 and 150  C, respectively. The GC oven was programmed as follows: 45  C held for 2.25 min, increased to 200 C at a rate of 20  C/minute, to 300 C at a rate of 100  C/minute and finally held for 3 minutes. Neither propionate nor butyrate were detected in fructoselysine- or glucose-supplemented BCMy harvested from cultures of C. intestinalis or C. aerofaciens."
Rf07c9d91fd,PMC6801109,112018214,C. aerofaciens,Species,affects,fatty acids,Chemical,c. aerofaciens,fatty acids,"('C. aerofaciens', 'fatty acids')","('Species', 'Chemical')",['affects'],1,False,True,False,False,False,False,,5,1,"To measure short chain fatty acids [formate, acetate, propionate and butyrate] in the culture medium, 20 muL of 33% HCl was combined with 50 muL of the thawed flow through from the filtration step in a 2 mL glass screw cap tube. After addition of 1 mL diethyl ether, the samples were vortexed thoroughly for 10 minutes and centrifuged (3,200 x g, 10 minutes; 4  C) to separate the phases. 60 muL of the upper ether phase was combined with 20 muL N-tert-Butyldimethylsilyl-N-methyl-trifluoroacetamide (Sigma-Aldrich), mixed briefly, and incubated at room temperature for 2 hours. Derivatized samples (1 muL) were injected with 100:1 split into the GC-MS system described above. Analyses were carried out on a HP-5MS capillary column (30 m x 0.25 mm, 0.25 mum film thickness, Agilent J & W Scientific, Folsom, CA) using electronic impact (70 eV) as ionization mode. Helium was used as a carrier gas at a constant flow rate of 1 mL/min and the solvent delay time was set to 3.5 minutes. The column head-pressure was 10 p.s.i. The temperatures of injector, transfer line, and quadrupole were 270, 280 and 150  C, respectively. The GC oven was programmed as follows: 45  C held for 2.25 min, increased to 200 C at a rate of 20  C/minute, to 300 C at a rate of 100  C/minute and finally held for 3 minutes. Neither propionate nor butyrate were detected in fructoselysine- or glucose-supplemented BCMy harvested from cultures of C. intestinalis or C. aerofaciens."
Rd576d09fad,PMC6801109,112018214,C. intestinalis,Species,Interacts_with,diethyl ether,Chemical,c. intestinalis,diethyl ether,"('C. intestinalis', 'diethyl ether')","('Species', 'Chemical')",['Interacts_with'],1,False,True,False,False,False,False,,5,1,"To measure short chain fatty acids [formate, acetate, propionate and butyrate] in the culture medium, 20 muL of 33% HCl was combined with 50 muL of the thawed flow through from the filtration step in a 2 mL glass screw cap tube. After addition of 1 mL diethyl ether, the samples were vortexed thoroughly for 10 minutes and centrifuged (3,200 x g, 10 minutes; 4  C) to separate the phases. 60 muL of the upper ether phase was combined with 20 muL N-tert-Butyldimethylsilyl-N-methyl-trifluoroacetamide (Sigma-Aldrich), mixed briefly, and incubated at room temperature for 2 hours. Derivatized samples (1 muL) were injected with 100:1 split into the GC-MS system described above. Analyses were carried out on a HP-5MS capillary column (30 m x 0.25 mm, 0.25 mum film thickness, Agilent J & W Scientific, Folsom, CA) using electronic impact (70 eV) as ionization mode. Helium was used as a carrier gas at a constant flow rate of 1 mL/min and the solvent delay time was set to 3.5 minutes. The column head-pressure was 10 p.s.i. The temperatures of injector, transfer line, and quadrupole were 270, 280 and 150  C, respectively. The GC oven was programmed as follows: 45  C held for 2.25 min, increased to 200 C at a rate of 20  C/minute, to 300 C at a rate of 100  C/minute and finally held for 3 minutes. Neither propionate nor butyrate were detected in fructoselysine- or glucose-supplemented BCMy harvested from cultures of C. intestinalis or C. aerofaciens."
Rb2ca2a44fa,PMC6801109,112018214,C. aerofaciens,Species,Interacts_with,HCl,Chemical,c. aerofaciens,hcl,"('C. aerofaciens', 'HCl')","('Species', 'Chemical')",['Interacts_with'],1,False,True,False,False,False,False,,5,1,"To measure short chain fatty acids [formate, acetate, propionate and butyrate] in the culture medium, 20 muL of 33% HCl was combined with 50 muL of the thawed flow through from the filtration step in a 2 mL glass screw cap tube. After addition of 1 mL diethyl ether, the samples were vortexed thoroughly for 10 minutes and centrifuged (3,200 x g, 10 minutes; 4  C) to separate the phases. 60 muL of the upper ether phase was combined with 20 muL N-tert-Butyldimethylsilyl-N-methyl-trifluoroacetamide (Sigma-Aldrich), mixed briefly, and incubated at room temperature for 2 hours. Derivatized samples (1 muL) were injected with 100:1 split into the GC-MS system described above. Analyses were carried out on a HP-5MS capillary column (30 m x 0.25 mm, 0.25 mum film thickness, Agilent J & W Scientific, Folsom, CA) using electronic impact (70 eV) as ionization mode. Helium was used as a carrier gas at a constant flow rate of 1 mL/min and the solvent delay time was set to 3.5 minutes. The column head-pressure was 10 p.s.i. The temperatures of injector, transfer line, and quadrupole were 270, 280 and 150  C, respectively. The GC oven was programmed as follows: 45  C held for 2.25 min, increased to 200 C at a rate of 20  C/minute, to 300 C at a rate of 100  C/minute and finally held for 3 minutes. Neither propionate nor butyrate were detected in fructoselysine- or glucose-supplemented BCMy harvested from cultures of C. intestinalis or C. aerofaciens."
Rdc4c29f24a,PMC6801109,112018235,Bifidobacterium longum NCC2705,Species,affects,Lactose,Chemical,bifidobacterium longum ncc2705,lactose,"('Bifidobacterium longum NCC2705', 'Lactose')","('Species', 'Chemical')",['affects'],1,False,True,False,False,False,False,,4,1,"Lactose-over-glucose preference in Bifidobacterium longum NCC2705: glcP, encoding a glucose transporter, is subject to lactose repression"
R2c2c18b7ab,PMC6801109,112018249,Salmonella,Species,start,fructoselysine 6-phosphate,Chemical,salmonella,fructoselysine 6-phosphate,"('Salmonella', 'fructoselysine 6-phosphate')","('Species', 'Chemical')",['start'],1,False,True,False,False,False,False,,8,1,(G) Known bacterial pathways for fructoselysine metabolism through a fructoselysine 6-phosphate intermediate yielding glucose 6-phosphate and lysine. E. coli utilizes a fructoselysine kinase while Salmonella utilizes a PTS.
R285361bddc,PMC6801109,112018249,E. coli,Species,Interacts_with,fructoselysine,Chemical,e. coli,fructoselysine,"('E. coli', 'fructoselysine')","('Species', 'Chemical')",['Interacts_with'],1,False,True,False,False,False,False,,8,1,(G) Known bacterial pathways for fructoselysine metabolism through a fructoselysine 6-phosphate intermediate yielding glucose 6-phosphate and lysine. E. coli utilizes a fructoselysine kinase while Salmonella utilizes a PTS.
R19eaa8a030,PMC6801109,112018249,Salmonella,Species,Interacts_with,fructoselysine,Chemical,salmonella,fructoselysine,"('Salmonella', 'fructoselysine')","('Species', 'Chemical')",['Interacts_with'],1,False,True,False,False,False,False,,8,1,(G) Known bacterial pathways for fructoselysine metabolism through a fructoselysine 6-phosphate intermediate yielding glucose 6-phosphate and lysine. E. coli utilizes a fructoselysine kinase while Salmonella utilizes a PTS.
R8846cfda8b,PMC6801109,112018249,E. coli,Species,Interacts_with,fructoselysine 6-phosphate,Chemical,e. coli,fructoselysine 6-phosphate,"('E. coli', 'fructoselysine 6-phosphate')","('Species', 'Chemical')",['Interacts_with'],1,False,True,False,False,False,False,,8,1,(G) Known bacterial pathways for fructoselysine metabolism through a fructoselysine 6-phosphate intermediate yielding glucose 6-phosphate and lysine. E. coli utilizes a fructoselysine kinase while Salmonella utilizes a PTS.
Rc13c2b74b3,PMC6801109,112018249,Salmonella,Species,Interacts_with,lysine,Chemical,salmonella,lysine,"('Salmonella', 'lysine')","('Species', 'Chemical')",['Interacts_with'],1,False,True,False,False,False,False,,8,1,(G) Known bacterial pathways for fructoselysine metabolism through a fructoselysine 6-phosphate intermediate yielding glucose 6-phosphate and lysine. E. coli utilizes a fructoselysine kinase while Salmonella utilizes a PTS.
R39f7c025ef,PMC6801109,112018249,E. coli,Species,affects,lysine,Chemical,e. coli,lysine,"('E. coli', 'lysine')","('Species', 'Chemical')",['affects'],1,False,True,False,False,False,False,,8,1,(G) Known bacterial pathways for fructoselysine metabolism through a fructoselysine 6-phosphate intermediate yielding glucose 6-phosphate and lysine. E. coli utilizes a fructoselysine kinase while Salmonella utilizes a PTS.
R3b8fe77331,PMC6801109,112018254,B. thetaiotaomicron VPI-5482,Species,affects,BCM,Chemical,b. thetaiotaomicron vpi-5482,bcm,"('B. thetaiotaomicron VPI-5482', 'BCM')","('Species', 'Chemical')",['affects'],1,False,True,False,False,False,False,,2,1,"(C) Fraction of fructoselysine (log scale) remaining in spent culture medium obtained from the indicated strains after achieving stationary phase in BCM containing 20 mM fructoselysine. All values are normalized to the non-inoculated control (BCM containing 20 mM fructoselysine; 'BCM+FL no bacteria'). BCM medium alone with no fructoselysine added is also shown ('BCM no bacteria'). B. thetaiotaomicron VPI-5482, which does not contain a fructoselysine/glucoselysine utilization locus, represents a negative bacterial control. Each dot indicates a separate monoculture. Horizontal lines denote mean values. *, P<0.05 (2-tailed Welch's t-test)."
R0ac453ddfe,PMC6801109,112018255,C. intestinalis DSM 13280,Species,affects,fructoselysine,Chemical,c. intestinalis dsm 13280,fructoselysine,"('C. intestinalis DSM 13280', 'fructoselysine')","('Species', 'Chemical')","['increase', 'affects']",2,True,True,False,False,False,False,,1,3,The metabolic fate of fructoselysine in C. intestinalis DSM 13280 and C. aerofaciens ATCC 25986
Rf5ef4798ec,PMC6801109,112018268,C. intestinalis DSM 13280,Species,affects,Fructoselysine,Chemical,c. intestinalis dsm 13280,fructoselysine,"('C. intestinalis DSM 13280', 'Fructoselysine')","('Species', 'Chemical')",['affects'],2,True,True,False,False,False,False,,1,3,Fructoselysine is sufficient to increase C. intestinalis DSM 13280 abundance in vivo
Rc8cf241977,PMC6801109,112018275,Collinsella,Species,affects,FL,Chemical,collinsella,fl,"('Collinsella', 'FL')","('Species', 'Chemical')",['affects'],1,False,True,False,False,False,False,,2,1,FL selectively increases fitness of Collinsella strains in gnotobiotic mice
Rbd3919fee2,PMC7954923,112018276,CD3,Species,increase,polysaccharide,Chemical,cd3,polysaccharide,"('CD3', 'polysaccharide')","('Species', 'Chemical')",['increase'],1,False,True,False,False,False,False,,3,1,"The gut microbiota produces metabolites that regulate host immunity, thereby impacting disease resistance and susceptibility. The extent to which commensal bacteria reciprocally respond to immune activation, however, remains largely unexplored. Herein we colonized mice with four anaerobic symbionts and show that acute immune responses result in dramatic transcriptional reprogramming of these commensals with minimal changes in their relative abundance. Transcriptomic changes include induction of stress response mediators and down-regulation of carbohydrate-degrading factors such as polysaccharide-utilization loci (PUL). Flagellin and anti-CD3 antibody, two distinct immune stimuli, induced similar transcriptional profiles, suggesting that commensal bacteria detect common effectors or activate shared pathways when facing different host responses. Immune activation altered the intestinal metabolome within 6 hours, decreasing luminal short chain fatty acid and increasing aromatic metabolite concentrations. Thus, intestinal bacteria, prior to detectable shifts in community composition, respond to acute host immune activation by rapidly changing gene transcription and immunomodulatory metabolite production."
R11986490a5,PMC7954923,112018286,CD3,Species,affects,CBBP,Chemical,cd3,cbbp,"('CD3', 'CBBP')","('Species', 'Chemical')","['increase', 'affects']",4,True,True,False,False,False,False,,4,3,"To determine the extent to which the observed transcriptional response is specific to the immune response induced by flagellin, an innate immune stimulus, we investigated the transcriptional response of CBBP in mice administered the anti-CD3 antibody 145-2C11, which activates the adaptive immune system by stimulating T cells and profoundly impacts intestinal tissues. Injection of anti-CD3 up-regulated inflammatory cytokines and anti-microbial factors in cecal tissue and produced neutrophil accumulation in the lamina propria and egress into the gut lumen (Supplementary Figure 2A, B). Anti-CD3 treatment did not alter bacterial density in the cecum, as assessed by quantitative PCR or direct plating (Supplementary Figure 2C, D) or change the microbiota's composition (Figure 2B) or relative transcriptional rate of the 4 commensal strains (Supplementary Figure 2E). Nevertheless, anti-CD3 induced dramatic transcriptional changes in all CBBP members within the first 6h, with the transcriptome largely returning to baseline by 24h post-treatment (Figure 2 C-D). GSEA revealed al very similar modulation pattern of bacterial pathways to that observed in flagellin-treated mice (Supplementary Figure 2F). Time point-matched, vehicle-injected controls confirmed modulation of signature genes following anti-CD3 treatment, suggesting that neither trauma of IP injection nor circadian oscillations contributed to transcriptional shifts (Supplementary Figure 2G, H)."
Rfd4855acba,PMC7954923,112018286,CD3,Species,increase,CBBP,Chemical,cd3,cbbp,"('CD3', 'CBBP')","('Species', 'Chemical')","['increase', 'affects']",4,True,True,False,False,False,False,,4,1,"To determine the extent to which the observed transcriptional response is specific to the immune response induced by flagellin, an innate immune stimulus, we investigated the transcriptional response of CBBP in mice administered the anti-CD3 antibody 145-2C11, which activates the adaptive immune system by stimulating T cells and profoundly impacts intestinal tissues. Injection of anti-CD3 up-regulated inflammatory cytokines and anti-microbial factors in cecal tissue and produced neutrophil accumulation in the lamina propria and egress into the gut lumen (Supplementary Figure 2A, B). Anti-CD3 treatment did not alter bacterial density in the cecum, as assessed by quantitative PCR or direct plating (Supplementary Figure 2C, D) or change the microbiota's composition (Figure 2B) or relative transcriptional rate of the 4 commensal strains (Supplementary Figure 2E). Nevertheless, anti-CD3 induced dramatic transcriptional changes in all CBBP members within the first 6h, with the transcriptome largely returning to baseline by 24h post-treatment (Figure 2 C-D). GSEA revealed al very similar modulation pattern of bacterial pathways to that observed in flagellin-treated mice (Supplementary Figure 2F). Time point-matched, vehicle-injected controls confirmed modulation of signature genes following anti-CD3 treatment, suggesting that neither trauma of IP injection nor circadian oscillations contributed to transcriptional shifts (Supplementary Figure 2G, H)."
R178eae7073,PMC7954923,112018287,CD3,Species,Interacts_with,sialic acid,Chemical,cd3,sialic acid,"('CD3', 'sialic acid')","('Species', 'Chemical')",['Interacts_with'],1,False,True,False,False,False,False,,4,1,"A cross-sectional analysis of the flagellin/anti-CD3 dataset revealed that several genes were selectively induced by only one or the other stimulus (Supplementary Table 1), likely the result of differences in the respective cytokine profiles (Figures 1C and 2A). Genes involved in the utilization of N-acetylneuraminate (sialic acid) and xylose, possibly reflecting a distinct intestinal carbohydrate profile driven by high levels of IL-22, which promotes fucosylation of epithelial cells, were selectively induced by flagellin; genes uniquely up-regulated by anti-CD3 included arginase and enzymes involved in inositol phosphate metabolism."
R607f0916f1,PMC7954923,112018287,CD3,Species,Interacts_with,N-acetylneuraminate,Chemical,cd3,n-acetylneuraminate,"('CD3', 'N-acetylneuraminate')","('Species', 'Chemical')",['Interacts_with'],1,False,True,False,False,False,False,,4,1,"A cross-sectional analysis of the flagellin/anti-CD3 dataset revealed that several genes were selectively induced by only one or the other stimulus (Supplementary Table 1), likely the result of differences in the respective cytokine profiles (Figures 1C and 2A). Genes involved in the utilization of N-acetylneuraminate (sialic acid) and xylose, possibly reflecting a distinct intestinal carbohydrate profile driven by high levels of IL-22, which promotes fucosylation of epithelial cells, were selectively induced by flagellin; genes uniquely up-regulated by anti-CD3 included arginase and enzymes involved in inositol phosphate metabolism."
Rcbc1188bcd,PMC7954923,112018294,E. coli,Species,worsen,H2O2,Chemical,e. coli,h2o2,"('E. coli', 'H2O2')","('Species', 'Chemical')",['worsen'],1,False,True,False,False,False,False,,5,1,"Mn-catalases, which scavenge H2O2, are encoded by the genomes of each of the CBBP strains, but they are the most highly up-regulated by BS upon anti-CD3 treatment (Figure 3C). In the absence of BS, anti-CD3 treatment resulted in up-regulation of MNC-encoding genes in BP, CB and PD (Figure 4D). MNCs were previously shown to function in trans to protect other catalase-negative bacteria from the effect of oxidative species (H2O2). Co-culture experiments showed that resistance of BP, CB or PD to H2O2 challenge was increased in the presence of an E. coli strain expressing BS-derived MNCs (Supplementary Table 3), suggesting that BS could protect neighboring bacteria during inflammation. Thus, microbial adaptation to host immune responses appears to be a coordinated process among community members."
R0f42c46b16,PMC7954923,112018297,CD3,Species,increase,ribose,Chemical,cd3,ribose,"('CD3', 'ribose')","('Species', 'Chemical')",['increase'],1,False,True,False,False,False,False,,2,1,"In CB we observed upregulation of an operon containing two hypothetical Hsp20-family chaperones, an operon containing genes involved in ribose transport and one encompassing four genes encoding ferric iron transport factors. Of note, iron uptake by commensals can play a role in promoting inflammation and delaying tissue repair in a mouse model of colitis and in our system anti-CD3 strongly induced lipocalin-2, an iron-sequestering molecule released in the gut lumen by epithelial cells (Figure 2A)."
Re07b6664e8,PMC7954923,112018299,CD3,Species,affects,carbohydrates,Chemical,cd3,carbohydrates,"('CD3', 'carbohydrates')","('Species', 'Chemical')",['affects'],2,True,True,False,False,False,False,,4,2,"In BS, at least 7 operons involved in degradation of dietary complex carbohydrates were down-regulated, demonstrating concerted reduction of this metabolic activity. Two highly up-regulated manganese catalases were included in operons with genes encoding additional hypothetical proteins and/or a transglycosylase-associated protein. Glutamate and aspartate decarboxylases, highly induced by anti-CD3 treatment, were also encoded within operons whose function might be related to increased amino acid metabolism or stress mitigation via consumption of protons to increase intracellular pH (Figure 5E and Supplementary Figure 5)."
Rd1127b3bae,PMC7954923,112018299,CD3,Species,Interacts_with,Glutamate,Chemical,cd3,glutamate,"('CD3', 'Glutamate')","('Species', 'Chemical')",['Interacts_with'],1,False,True,False,False,False,False,,4,1,"In BS, at least 7 operons involved in degradation of dietary complex carbohydrates were down-regulated, demonstrating concerted reduction of this metabolic activity. Two highly up-regulated manganese catalases were included in operons with genes encoding additional hypothetical proteins and/or a transglycosylase-associated protein. Glutamate and aspartate decarboxylases, highly induced by anti-CD3 treatment, were also encoded within operons whose function might be related to increased amino acid metabolism or stress mitigation via consumption of protons to increase intracellular pH (Figure 5E and Supplementary Figure 5)."
R724ff3a274,PMC7954923,112018299,CD3,Species,Interacts_with,aspartate,Chemical,cd3,aspartate,"('CD3', 'aspartate')","('Species', 'Chemical')",['Interacts_with'],1,False,True,False,False,False,False,,4,1,"In BS, at least 7 operons involved in degradation of dietary complex carbohydrates were down-regulated, demonstrating concerted reduction of this metabolic activity. Two highly up-regulated manganese catalases were included in operons with genes encoding additional hypothetical proteins and/or a transglycosylase-associated protein. Glutamate and aspartate decarboxylases, highly induced by anti-CD3 treatment, were also encoded within operons whose function might be related to increased amino acid metabolism or stress mitigation via consumption of protons to increase intracellular pH (Figure 5E and Supplementary Figure 5)."
R391b78a548,PMC7954923,112018300,CD3,Species,decrease,carbohydrate,Chemical,cd3,carbohydrate,"('CD3', 'carbohydrate')","('Species', 'Chemical')",['decrease'],1,False,True,False,False,False,False,,3,1,"To investigate whether the transcriptomic changes in commensal bacteria caused by immune activation impact the concentrations of metabolites in the gut lumen, we performed metabolomic analyses on cecal contents from CBBP-reconstituted, anti-CD3 treated mice. We detected a significant decrease in acetate, the most abundant SCFA in the intestinal lumen (Figure 6B, Supplementary Figure 6A), which is consistent with down-regulated expression of carbohydrate-degrading genes in Bacteroidetes. Reduced acetate might result from lowered production by BS and PD or diminished cross-feeding to BP and CB, given that all four species are acetate producers (Figure 6A). Production of propionate, which is a major fermentation product of BS and PD but not CB or BP (Figure 6A), was less impacted by anti-CD3, although still significantly diminished. Butyrate levels in CBBP colonized mice were very low because none of the CBBP strains produce butyrate (Figure 6B and Supplementary Figure 11B). GC-MS assays revealed increased in amino acid concentrations in cecal samples, possibly resulting from increased protein leakage caused by anti-CD3-induced damage to the ileum or enhanced protein degradation, consistent with down-regulation of genes involved in amino acid synthesis during acute inflammation. In particular, concentrations of valine, leucine, lysine, threonine, proline, tryptophan, phenylalanine were increased 6 and 24 h after immune activation. In addition, concentrations of branched-SCFA derived from amino acid metabolism (isovalerate, 2-methylbutyrate) (Figure 6B and Supplementary Figure 6A) were increased, consistent with the ability of BS, PD and BP to produce these metabolites in vitro (Figure 6A). Anti-CD3 treatment led to increased production of phenylacetate, a metabolite produced via phenylalanine catabolism by PD and CB in vitro. Concentration of palmitate was also increased by anti-CD3 treatment, providing a substrate for long-chain fatty acid CoA-ligase, whose expression was significantly induced in BP. Palmitic acid is the precursor for palmitoleic acid, an antimicrobial molecule produced by epithelial cells, which bacteria detoxify using oleate hydratase, a gene product that is also up-regulated in BP (Supplementary Figure 5). Several of the above-described metabolic changes were observed in CBBP-reconstituted mice treated with flagellin (Supplementary Figure 6B), including decreases in SCFA concentrations and augmented AA and palmitate availability. These results suggest that intestinal commensals, upon host immune activation, switch from carbohydrate- to protein/amino acid-based metabolism."
R666dbf451f,PMC7954923,112018305,CD3,Species,affects,carbohydrates,Chemical,cd3,carbohydrates,"('CD3', 'carbohydrates')","('Species', 'Chemical')",['affects'],2,True,True,False,False,False,False,,6,2,"In this study, we describe two main axes along which commensal bacterial responses to host immune activation unfold. One axis is up-regulation of stress-related molecules, such as ROS-scavenging enzymes, chaperones, multidrug-export complexes, adhesins, iron uptake mediators and the other is dramatic metabolic restructuring characterized by reduction in metabolism of complex and simple carbohydrates and augmented utilization of amino acids, C4-compounds, and nucleotides. Several differentially modulated microbial functions following flagellin or anti-CD3 administration have been implicated in bacterial adaptation to prolonged inflammation. For example, metatranscriptome analyses in colitis mouse models demonstrated up-regulation of stress-response pathways, reduced polysaccharide utilization and fermentation to butyrate, although in these studies changes in RNA levels were strongly impacted by shifts in microbial species' relative abundance, as commonly reported in studies involving complex microbial communities. In a different mouse model of colitis, E. coli up-regulated transcription of chaperones, glutamate decarboxylases (involved in acidic stress response) and glycerol-3-phosphate dehydrogenase, which can be involved in osmotic stress responses. Colitogenic E. faecalis colonization of IL-10-/- mice for 16 weeks reduced bacterial sugar metabolism and up-regulated expression of genes involved in utilization of alternative carbon sources."
R6d83819889,PMC7954923,112018305,E. faecalis,Species,decrease,butyrate,Chemical,e. faecalis,butyrate,"('E. faecalis', 'butyrate')","('Species', 'Chemical')",['decrease'],1,False,True,False,False,False,False,,6,1,"In this study, we describe two main axes along which commensal bacterial responses to host immune activation unfold. One axis is up-regulation of stress-related molecules, such as ROS-scavenging enzymes, chaperones, multidrug-export complexes, adhesins, iron uptake mediators and the other is dramatic metabolic restructuring characterized by reduction in metabolism of complex and simple carbohydrates and augmented utilization of amino acids, C4-compounds, and nucleotides. Several differentially modulated microbial functions following flagellin or anti-CD3 administration have been implicated in bacterial adaptation to prolonged inflammation. For example, metatranscriptome analyses in colitis mouse models demonstrated up-regulation of stress-response pathways, reduced polysaccharide utilization and fermentation to butyrate, although in these studies changes in RNA levels were strongly impacted by shifts in microbial species' relative abundance, as commonly reported in studies involving complex microbial communities. In a different mouse model of colitis, E. coli up-regulated transcription of chaperones, glutamate decarboxylases (involved in acidic stress response) and glycerol-3-phosphate dehydrogenase, which can be involved in osmotic stress responses. Colitogenic E. faecalis colonization of IL-10-/- mice for 16 weeks reduced bacterial sugar metabolism and up-regulated expression of genes involved in utilization of alternative carbon sources."
Rf8bee552e7,PMC7954923,112018338,E. coli,Species,affects,BHI+ medium,Chemical,e. coli,bhi medium,"('E. coli', 'BHI+ medium')","('Species', 'Chemical')",['affects'],1,False,True,False,False,False,False,,8,1,"BP, CB, PD as well as MNC+ E. coli and WT E. coli were cultured on Columbia blood agar plates (BD) for 24h and then inoculated in BHI+ medium (brain heart infusion broth supplemented with yeast extract (5 g/l) and l-cysteine (1 g/l)) in anaerobic conditions. Overnight cultures of BP, CB and PD, respectively, were mixed with an equal volume of overnight culture of either MNC+ E. coli or WT E. coli, doubled in volume with fresh medium and co-cultured anaerobically for 4h in the presence of IPTG 1 mM. Cultures were then challenged with 500 muM H2O2 for 1h, and viability of CB, BP, PD was assessed through plating on BHI+ plates supplemented with 100 mug/ml nalidixic acid, to eliminate E. coli."
Rc20ebced16,PMC7954923,112018338,E. coli,Species,affects,l-cysteine,Chemical,e. coli,l-cysteine,"('E. coli', 'l-cysteine')","('Species', 'Chemical')",['affects'],1,False,True,False,False,False,False,,8,1,"BP, CB, PD as well as MNC+ E. coli and WT E. coli were cultured on Columbia blood agar plates (BD) for 24h and then inoculated in BHI+ medium (brain heart infusion broth supplemented with yeast extract (5 g/l) and l-cysteine (1 g/l)) in anaerobic conditions. Overnight cultures of BP, CB and PD, respectively, were mixed with an equal volume of overnight culture of either MNC+ E. coli or WT E. coli, doubled in volume with fresh medium and co-cultured anaerobically for 4h in the presence of IPTG 1 mM. Cultures were then challenged with 500 muM H2O2 for 1h, and viability of CB, BP, PD was assessed through plating on BHI+ plates supplemented with 100 mug/ml nalidixic acid, to eliminate E. coli."
R0852c65c86,PMC7954923,112018338,E. coli,Species,causes,1h,Chemical,e. coli,1h,"('E. coli', '1h')","('Species', 'Chemical')",['causes'],1,False,True,False,False,False,False,,8,1,"BP, CB, PD as well as MNC+ E. coli and WT E. coli were cultured on Columbia blood agar plates (BD) for 24h and then inoculated in BHI+ medium (brain heart infusion broth supplemented with yeast extract (5 g/l) and l-cysteine (1 g/l)) in anaerobic conditions. Overnight cultures of BP, CB and PD, respectively, were mixed with an equal volume of overnight culture of either MNC+ E. coli or WT E. coli, doubled in volume with fresh medium and co-cultured anaerobically for 4h in the presence of IPTG 1 mM. Cultures were then challenged with 500 muM H2O2 for 1h, and viability of CB, BP, PD was assessed through plating on BHI+ plates supplemented with 100 mug/ml nalidixic acid, to eliminate E. coli."
R90f6e1c5ba,PMC7954923,112018363,Salmonella,Species,affects,Malate,Chemical,salmonella,malate,"('Salmonella', 'Malate')","('Species', 'Chemical')",['affects'],1,False,True,False,False,False,False,,2,1,Import of Aspartate and Malate by DcuABC Drives H2/Fumarate Respiration to Promote Initial Salmonella Gut-Lumen Colonization in Mice
Rd58e0a4fbe,PMC7954923,112018363,Salmonella,Species,affects,Aspartate,Chemical,salmonella,aspartate,"('Salmonella', 'Aspartate')","('Species', 'Chemical')",['affects'],1,False,True,False,False,False,False,,2,1,Import of Aspartate and Malate by DcuABC Drives H2/Fumarate Respiration to Promote Initial Salmonella Gut-Lumen Colonization in Mice
Rbe4d647091,PMC7954923,112018378,CD3,Species,affects,CBBP,Chemical,cd3,cbbp,"('CD3', 'CBBP')","('Species', 'Chemical')","['increase', 'affects']",4,True,True,False,False,False,False,,3,3,"A) CBBP-reconstituted mice were treated with either anti-CD3 (a-CD3) antibody or flagellin, and sacrificed 6h or 24h post-treatment to perform RNAseq on luminal RNA. Shown is a Principal Component Analysis on rlog transformed counts of all differentially expressed genes (see also Supplementary Figure 3A for PCA on all genes). Polygons represent different time points (n=3 per time point/treatment. Data shown are from the experiment depicted in Figure 1 D-F and Figure 2 B-D). B) Correlation between differential expression of genes in CBBP members following mouse treatment with anti-CD3 antibody or flagellin. Each dot represents a gene, color code indicates significance of the comparison 6h vs baseline (for each treatment). Pearson's correlation coefficient and p-value are indicated at the top (n=3 per group). C) Volcano plots highlighting genes encoding for the depicted molecules 6h post treatment. Genes of interest are highlighted and color-coded in yellow if present but not-significantly modulated, and in blue if significantly modulated (n=3 per group)."
R31c8d2b154,PMC7954923,112018381,CD3,Species,affects,CBBP,Chemical,cd3,cbbp,"('CD3', 'CBBP')","('Species', 'Chemical')","['increase', 'affects']",4,True,True,False,False,False,False,,3,3,"A) A) Metabolic profile of CBBP members cultured for 48h in BHI+. Heatmap shows fold-enrichment/depletion of the respective metabolite with reference to the plain medium (shown are average values from 2 independent experiments). B) Antibiotic-treated mice were reconstituted with CBBP (4mix) for 14 days and then treated with anti-CD3 antibody (a-CD3). Cecal contents were collected 6h and 24h post-treatment (or in untreated mice, 0h) and subject to metabolomics analysis for the depicted compounds. Shown are the results for a selection of relevant metabolites) (data are cumulative from 5 independent experiments for the 0h and 6h time points, 2 independent experiments for the 24h time point, for a total of 14, 15 and 6 mice, respectively). C) Naive SPF mice were treated with anti-CD3 antibody. Cecal contents were collected 6h and 24h post-treatment and subjected to metabolomics analysis for the depicted compounds. Shown are the results for the metabolites also shown in (B) (n=5 per group; Wilcoxon test using 0h as a reference test, *p<0.05, **p<0.01, ***p<0.001, ****p<0.0001)"
R89bb99aaa5,PMC6296223,112018395,S. enterica,Species,affects,nitrate,Chemical,s. enterica,nitrate,"('S. enterica', 'nitrate')","('Species', 'Chemical')",['affects'],1,False,True,False,False,False,False,,5,1,"An important function of a C2-skewed colonic surface is to limit the luminal availability of host-derived respiratory electron acceptors, which confers niche protection against facultative anaerobic enteric pathogens. The enteric pathogen Salmonella enterica (family Enterobacteriaceae) overcomes such niche protection by using its virulence factors to trigger severe acute intestinal inflammation. Neutrophils migrating into the intestinal lumen during gut inflammation deplete Clostridia spp.. This has the effect of decreasing the concentration of short-chain fatty acids, which steers the metabolism of terminally differentiated colonocytes towards an inflammation-associated C1 activation state and increased epithelial oxygenation. The respiratory burst of phagocytes migrating into the intestinal lumen during S. enterica-induced colitis generates additional electron acceptors for anaerobic respiration, including nitrate and tetrathionate (Fig. 3A). S. enterica expands in the lumen of the inflamed gut using a combination of aerobic and anaerobic respiration. Respiration provides S. enterica a growth advantage over obligate anaerobic bacteria, because it enables the pathogen to consume microbiota-derived fermentation products, such as succinate, butyrate, ethanolamine or 1,2-propanediol. Interestingly, the high lactate release characteristic of a C1-skewed epithelial surface (Fig. 1B) also provides S. enterica with a host-derived carbon source to support its respiratory growth (Fig. 3A). Thus, S. enterica uses its virulence factors to direct the epithelial surface towards a C1 activation state, which provides the pathogen with both a host-derived electron acceptor (i.e., oxygen) and a host-derived carbon source (i.e., lactate) and thus allows it to outcompete obligate anaerobic bacteria in the gut lumen."
R86a00dc090,PMC6296223,112018395,S. enterica,Species,affects,succinate,Chemical,s. enterica,succinate,"('S. enterica', 'succinate')","('Species', 'Chemical')",['affects'],1,False,True,False,False,False,False,,5,1,"An important function of a C2-skewed colonic surface is to limit the luminal availability of host-derived respiratory electron acceptors, which confers niche protection against facultative anaerobic enteric pathogens. The enteric pathogen Salmonella enterica (family Enterobacteriaceae) overcomes such niche protection by using its virulence factors to trigger severe acute intestinal inflammation. Neutrophils migrating into the intestinal lumen during gut inflammation deplete Clostridia spp.. This has the effect of decreasing the concentration of short-chain fatty acids, which steers the metabolism of terminally differentiated colonocytes towards an inflammation-associated C1 activation state and increased epithelial oxygenation. The respiratory burst of phagocytes migrating into the intestinal lumen during S. enterica-induced colitis generates additional electron acceptors for anaerobic respiration, including nitrate and tetrathionate (Fig. 3A). S. enterica expands in the lumen of the inflamed gut using a combination of aerobic and anaerobic respiration. Respiration provides S. enterica a growth advantage over obligate anaerobic bacteria, because it enables the pathogen to consume microbiota-derived fermentation products, such as succinate, butyrate, ethanolamine or 1,2-propanediol. Interestingly, the high lactate release characteristic of a C1-skewed epithelial surface (Fig. 1B) also provides S. enterica with a host-derived carbon source to support its respiratory growth (Fig. 3A). Thus, S. enterica uses its virulence factors to direct the epithelial surface towards a C1 activation state, which provides the pathogen with both a host-derived electron acceptor (i.e., oxygen) and a host-derived carbon source (i.e., lactate) and thus allows it to outcompete obligate anaerobic bacteria in the gut lumen."
R66d0b20eed,PMC6296223,112018395,S. enterica,Species,affects,lactate,Chemical,s. enterica,lactate,"('S. enterica', 'lactate')","('Species', 'Chemical')",['affects'],1,False,True,False,False,False,False,,5,1,"An important function of a C2-skewed colonic surface is to limit the luminal availability of host-derived respiratory electron acceptors, which confers niche protection against facultative anaerobic enteric pathogens. The enteric pathogen Salmonella enterica (family Enterobacteriaceae) overcomes such niche protection by using its virulence factors to trigger severe acute intestinal inflammation. Neutrophils migrating into the intestinal lumen during gut inflammation deplete Clostridia spp.. This has the effect of decreasing the concentration of short-chain fatty acids, which steers the metabolism of terminally differentiated colonocytes towards an inflammation-associated C1 activation state and increased epithelial oxygenation. The respiratory burst of phagocytes migrating into the intestinal lumen during S. enterica-induced colitis generates additional electron acceptors for anaerobic respiration, including nitrate and tetrathionate (Fig. 3A). S. enterica expands in the lumen of the inflamed gut using a combination of aerobic and anaerobic respiration. Respiration provides S. enterica a growth advantage over obligate anaerobic bacteria, because it enables the pathogen to consume microbiota-derived fermentation products, such as succinate, butyrate, ethanolamine or 1,2-propanediol. Interestingly, the high lactate release characteristic of a C1-skewed epithelial surface (Fig. 1B) also provides S. enterica with a host-derived carbon source to support its respiratory growth (Fig. 3A). Thus, S. enterica uses its virulence factors to direct the epithelial surface towards a C1 activation state, which provides the pathogen with both a host-derived electron acceptor (i.e., oxygen) and a host-derived carbon source (i.e., lactate) and thus allows it to outcompete obligate anaerobic bacteria in the gut lumen."
Rcb7589d728,PMC6296223,112018418,E. coli,Species,Interacts_with,nitrate,Chemical,e. coli,nitrate,"('E. coli', 'nitrate')","('Species', 'Chemical')",['Interacts_with'],6,True,True,False,False,False,False,,5,3,Host-derived nitrate boosts growth of E. coli in the inflamed gut
Rcb7589d728,PMC6296223,112018418,E. coli,Species,Interacts_with,nitrate,Chemical,e. coli,nitrate,"('E. coli', 'nitrate')","('Species', 'Chemical')",['Interacts_with'],6,True,True,False,False,False,False,,5,3,Host-derived nitrate boosts growth of E. coli in the inflamed gut
Rcb7589d728,PMC6296223,112018418,E. coli,Species,Interacts_with,nitrate,Chemical,e. coli,nitrate,"('E. coli', 'nitrate')","('Species', 'Chemical')",['Interacts_with'],6,True,True,False,False,False,False,,5,3,Host-derived nitrate boosts growth of E. coli in the inflamed gut
Rda26afc3a8,PMC6296223,112018440,Salmonella,Species,affects,"1,2-propanediol",Chemical,salmonella,1 2-propanediol,"('Salmonella', '1,2-propanediol')","('Species', 'Chemical')",['affects'],1,False,True,False,False,False,False,,2,1,"Respiration of Microbiota-Derived 1,2-propanediol Drives Salmonella Expansion during Colitis"
R0c6dbf8b9f,PMC6296223,112018447,C. rodentium,Species,start,S4O62,Chemical,c. rodentium,s4o62,"('C. rodentium', 'S4O62')","('Species', 'Chemical')",['start'],1,False,True,False,False,False,False,,2,1,"(A) S. enterica (Salmonella) uses its virulence factors to trigger neutrophil transepithelial migration, which leads to a depletion of Clostridia, thereby lowering the luminal concentration of short-chain fatty acids, such as butyrate. The consequent metabolic reprogramming of the epithelium increases the luminal bioavailability of oxygen (O2) and lactate. The inflammatory response generates additional electron acceptors, including tetrathionate (S4O62-) and nitrate (NO3-). These host-derived resources drive an expansion of the facultative anaerobic pathogen. (B) Virulence factors of C. rodentium (Citrobacter) cause epithelial injury, thereby triggering epithelial repair responses leading to colonic crypt hyperplasia. The resulting increase in epithelial oxygenation drives a C. rodentium expansion by aerobic respiration. APC, antigen presenting cell; PMN, neutrophil; SC, stem cell, TA, undifferentiated transit-amplifying cell; C2, terminally differentiated C2-colonocyte; C1, terminally differentiated C1-colonocyte; GC, goblet cell."
Rd3f67e5053,PMC4681099,112018449,Escherichia,Species,improve,metformin,Chemical,escherichia,metformin,"('Escherichia', 'metformin')","('Species', 'Chemical')","['increase', 'part_of', 'worsen', 'improve', 'decrease', 'affects', 'Associated_with']",9,True,True,False,False,False,False,,3,1,"In recent years, several associations between common chronic human disorders and altered gut microbiome composition and function have been reported. In most of these reports, treatment regimens were not controlled for and conclusions could thus be confounded by the impact of various drugs on the microbiome. This may obfuscate microbial causes, protective factors, or diagnostically relevant signals. The present study addresses disease and drug signatures in the human gut microbiome of type 2 diabetes mellitus (T2D). Two recent quantitative gut metagenomics studies of T2D patients unstratified for treatment yielded divergent conclusions regarding its associated gut microbiotal dysbiosis. Here we show, using 784 available human metagenomes, how antidiabetic medication confounds these results and analyse in detail the effects of the most widely used antidiabetic drug, metformin. We provide support for microbial mediation of therapeutic effects of metformin through short-chain fatty acid (SCFA) production as well as for potential microbiota-mediated mechanisms behind known intestinal adverse effects in the form of a relative increase of Escherichia abundance. Controlling for metformin treatment, we report a unified signature of gut microbiome shifts in T2D with a depletion of butyrate-producing taxa. These in turn cause functional microbiome shifts, in part alleviated by metformin-induced changes. Overall, the present study emphasizes the need to disentangle effects of specific diseases from those of drugs in studies of human microbiomes."
R8e7e34b37a,PMC4681099,112018453,Escherichia,Species,increase,metformin,Chemical,escherichia,metformin,"('Escherichia', 'metformin')","('Species', 'Chemical')","['increase', 'part_of', 'worsen', 'improve', 'decrease', 'affects', 'Associated_with']",9,True,True,False,False,False,False,,9,2,"Suspecting microbial mediation of some of the therapeutic effects of metformin, we next compared T2D metformin-treated (n = 93) and T2D metformin-untreated (n = 106) samples to characterize the treatment effect in more detail. Multivariate contrasts of T2D metformin-treated with T2D metformin-untreated samples appeared weaker than those between T2D metformin-untreated and ND CTRL samples, the former only significant at bacterial family level (Permanova FDR < 0.1), suggesting the effects of metformin treatment on gut microbial composition are poorly captured by multivariate analysis. Univariate tests of the effects of metformin treatment showed a significant increase of Escherichia spp. and a reduced abundance of Intestinibacter, the latter fully consistent across the different country datasets (Figure 3A) whereas the former is not seen in the CHN cohort, where diabetics and controls alike are enriched in Escherichia spp. relative to Scandinavian controls. Correcting for differences in gender, BMI and fasting levels of plasma glucose or serum insulin (some of which were significantly different between datasets, Supplementary Table S12) retained these differences as significant (Supplementary Table S13). Fasting serum concentrations of metformin were obtained for the MHD cohort and correlated significantly with abundances of both genera (Figure 3B). Amplicon-based analysis of an independent T2D cohort likewise validated an increase of Escherichia spp. and a reduced abundance of Intestinibacter in metformin-treated patients (Extended Data Figure 1c, Extended Data Table 1b, Supplementary Discussion 6). The metformin-associated changes might derive from taxon-specific resistance/sensitivity to the bacteriostatic or bactericidal properties of the drug. The genus Intestinibacter was defined only recently and includes the human isolate Clostridium bartletti, since reclassified as Intestinibacter bartlettii. Little is known about its role in the colon ecosystem and how it might affect human health. However, I. bartlettii abundances were lower in pigs susceptible to colonization by enterotoxigenic Escherichia, consistent with the pattern seen here following metformin treatment. Analysis of the SEED and GMM functional annotations linked to Intestinibacter show it to be resistant to oxidative stress and able to degrade fucose, hinting to indirect involvement in mucus degradation. It also appears to possess the genetic potential for sulphite reduction, including part of an assimilatory sulphate reduction pathway. Analysis of gut microbial functional potential more generally (Figure 3C) suggested that indirect metformin treatment effects, including reduced intestinal lipid absorption and lipopolysaccharide (LPS)-triggered local inflammation can provide a competitive advantage to Escherichia species possibly triggering a positive feedback loop further contributing to the observed taxonomic changes. At the same time, metformin might revert T2D-associated changes, as several gut microbial genera are more similar in abundance to ND CTRL levels under metformin treatment, notably Subdoligranulum and to some extent Akkermansia. The latter was previously shown to reduce insulin resistance in murine models when increased in abundance through prebiotics, and has been shown to similarly increase in abundance under metformin treatment. In human samples, the trend was however inconsistent between country subsets and only MHD samples show a similar response (Extended Data Figure 3). With respect to microbiota-mediated impact on host glucose regulation, the functional analyses (Figure 3C) demonstrated significantly enhanced butyrate and propionate production potential in metformin-treated individuals (Supplementary Table S14). Intriguingly, recent studies in mice have shown that an increase in colonic production of these SCFAs triggers intestinal gluconeogenesis (IGN) via complementary mechanisms. Butyrate activates IGN gene expression through a cAMP-dependent mechanism in enterocytes, while propionate, itself a substrate of IGN, activates IGN gene expression via the portal nervous system and the fatty acid receptor FFAR3. In rodents the net result of an increased IGN is a beneficial effect on glucose and energy homeostasis with reductions in hepatic glucose production, appetite and body weight. Taken together, our characterization of a metformin-associated human gut microbiome suggests novel mechanisms contributing to the beneficial effects of the drug on host metabolism."
R996a7c47b3,PMC4681099,112018454,Escherichia,Species,worsen,metformin,Chemical,escherichia,metformin,"('Escherichia', 'metformin')","('Species', 'Chemical')","['increase', 'part_of', 'worsen', 'improve', 'decrease', 'affects', 'Associated_with']",9,True,True,False,False,False,False,,5,1,"Both on a compositional and functional level, we found significant microbiome alterations that are consistent with well-known side-effects of metformin treatment (Figure 3C). Most such metformin-associated functional shifts, including enrichment of virulence factors and gas metabolism genes, could be attributed to the significantly increased abundance of Escherichia (Supplementary Discussion 7, Supplementary Table S14, Supplementary Table S15)."
Rf14f0673aa,PMC4681099,112018468,Escherichia,Species,affects,metformin,Chemical,escherichia,metformin,"('Escherichia', 'metformin')","('Species', 'Chemical')","['increase', 'part_of', 'worsen', 'improve', 'decrease', 'affects', 'Associated_with']",9,True,True,False,False,False,False,,2,2,"A. As a positive control for the meta-analysis pipeline, true signal was removed from the data by randomly reshuffling sample labels. Artificial contrast was thereafter introduced between random groups containing as many such reshuffled samples as were in the original sets of T2D metformin+ (nCHN=15, nMHD=58, nSWE=20) and T2D metformin- (nCHN=56, nMHD=17, nSWE=33) samples in each original study subset, using the genus Akkermansia as an example feature. Samples randomly assigned to the sets of fake ""metformin treated"" and ""control"" categories had their Akkermansia genus abundances adjusted to match the scale of the metformin effect on Escherichia genus abundance reported here (metformin-treated samples roughly 150% as likely to have nonzero abundance, with a roughly threefold higher abundance where present), while retaining their dataset origin labels. The full meta-analysis pipeline (study set blocked KWT test, post-hoc WRS test) was applied to these samples. Benjamini-Hochberg-corrected P-values (FDR scores/Q-values) from testing for a metformin effect on Akkermansia abundance are here plotted in logarithmic scale on the vertical axis for 100 randomizations of the entire shuffled dataset, either without (left boxplot) or with (right boxplot) the artificial Akkermansia metformin signal added after shuffling the data to remove original signal. Box plot borders show medians and quartiles, with points outside this range shown as vertical whisker lines and point markers, whiskers extend to 1.58 x interquartile range / sqrt (n). Horizontal guide lines are shown for ease of visualization corresponding to different false discovery rate thresholds. For randomly reshuffled data, as expected no significant contrast is detected, while the artificially introduced signal is reliably detected, roughly matching expectations from the definition of the false discovery rate itself."
R3c2671908a,PMC4681099,112018469,Escherichia,Species,increase,metformin,Chemical,escherichia,metformin,"('Escherichia', 'metformin')","('Species', 'Chemical')","['increase', 'part_of', 'worsen', 'improve', 'decrease', 'affects', 'Associated_with']",9,True,True,False,False,False,False,,2,2,"C. The graphs show Intestinibacter and Escherichia median and quartile abundances as boxplots, whiskers extend to 1.58 x interquartile range / sqrt (n), with samples extreme relative to the interquartile range shown as point markers and with samples below detection threshold (DT) plotted at y = 0, in 21 additional T2D metformin+ and 9 additional T2D metformin- samples. Differences in abundance between sample categories are significant (WRS test, BH FDR < 0.1). The samples where Intestinibacter was detected all fall among the 9/30 untreated rather than the 21/30 metformin-treated samples, consistent with severe depletion under treatment, whereas Escherichia abundances increase under treatment, likewise consistent with observations from the main dataset."
R7350580545,PMC4681099,112018469,Escherichia,Species,affects,metformin,Chemical,escherichia,metformin,"('Escherichia', 'metformin')","('Species', 'Chemical')","['increase', 'part_of', 'worsen', 'improve', 'decrease', 'affects', 'Associated_with']",9,True,True,False,False,False,False,,2,2,"C. The graphs show Intestinibacter and Escherichia median and quartile abundances as boxplots, whiskers extend to 1.58 x interquartile range / sqrt (n), with samples extreme relative to the interquartile range shown as point markers and with samples below detection threshold (DT) plotted at y = 0, in 21 additional T2D metformin+ and 9 additional T2D metformin- samples. Differences in abundance between sample categories are significant (WRS test, BH FDR < 0.1). The samples where Intestinibacter was detected all fall among the 9/30 untreated rather than the 21/30 metformin-treated samples, consistent with severe depletion under treatment, whereas Escherichia abundances increase under treatment, likewise consistent with observations from the main dataset."
R42c4c4d195,PMC4681099,112018489,E. coli,Species,Interacts_with,nitrate,Chemical,e. coli,nitrate,"('E. coli', 'nitrate')","('Species', 'Chemical')",['Interacts_with'],6,True,True,False,False,False,False,,3,3,Host-derived nitrate boosts growth of E. coli in the inflamed gut
R42c4c4d195,PMC4681099,112018489,E. coli,Species,Interacts_with,nitrate,Chemical,e. coli,nitrate,"('E. coli', 'nitrate')","('Species', 'Chemical')",['Interacts_with'],6,True,True,False,False,False,False,,3,3,Host-derived nitrate boosts growth of E. coli in the inflamed gut
R0ff4494f0b,PMC4681099,112018501,Escherichia,Species,decrease,Metformin,Chemical,escherichia,metformin,"('Escherichia', 'Metformin')","('Species', 'Chemical')",['decrease'],1,False,True,False,False,False,False,,3,1,"A. Gut microbial shifts under metformin treatment. Metformin treatment significantly (study-source adjusted KW-test and post-hoc MWU test, +: FDR<0.1; *: FDR<0.05; ***: FDR<0.001) increases Escherichia and lowers Intestinibacter abundance. Boxplots show median/quartile abundances, whiskers extend to 1.58 x interquartile range / sqrt (n), for T2D metformin+ (nCHN=15, nMHD=58, nSWE=20), T2D metformin- (nCHN=56, nMHD=17, nSWE=33) and ND CTRL (nCHN=185, nMHD=277, nSWE=92) gut metagenome samples."
R3c88d3b5a4,PMC4681099,112018501,Escherichia,Species,decrease,metformin,Chemical,escherichia,metformin,"('Escherichia', 'metformin')","('Species', 'Chemical')","['increase', 'part_of', 'worsen', 'improve', 'decrease', 'affects', 'Associated_with']",9,True,True,False,False,False,False,,3,1,"A. Gut microbial shifts under metformin treatment. Metformin treatment significantly (study-source adjusted KW-test and post-hoc MWU test, +: FDR<0.1; *: FDR<0.05; ***: FDR<0.001) increases Escherichia and lowers Intestinibacter abundance. Boxplots show median/quartile abundances, whiskers extend to 1.58 x interquartile range / sqrt (n), for T2D metformin+ (nCHN=15, nMHD=58, nSWE=20), T2D metformin- (nCHN=56, nMHD=17, nSWE=33) and ND CTRL (nCHN=185, nMHD=277, nSWE=92) gut metagenome samples."
Rf663c79ca0,PMC4900921,112018513,Candida tropicalis,Species,decrease,fluconazole,Chemical,candida tropicalis,fluconazole,"('Candida tropicalis', 'fluconazole')","('Species', 'Chemical')",['decrease'],1,False,True,False,False,False,False,,8,1,"The effect of antifungal drug treatment on intestinal and lung disease was initially predicted to be due to depletion of commensal fungal populations; however, we consistently observed only a 3-5 fold reduction in the total amount of fungal 18s rDNA in the feces after several weeks of fluconazole treatment (Figure 3A), indicating that antifungals might only target certain populations of fungi in the gut. To better understand the changes that occur within the intestinal microbiota following fluconazole treatment, we utilized high-throughput rDNA sequencing to determine if there was a general reduction of all fungal species or if the fungal community was restructured in a way that could potentially contribute to the effects observed in the lung and gut models. We isolated DNA from stool samples, amplified and sequenced fungal ITS1 (internal transcribed spacer 1) rDNA regions, and assigned operational taxonomic units using a custom-curated ITS database. The approach mapped an average of 80% of all sequences at the fungal genera and species level, identifying 57 genera of fungi. While fluconazole treatment consistently led to a relative decrease in detection of Candida spp., other fungal genera, such as Aspergillus, Wallemia, and Epicoccum expanded upon this treatment (Figure 3B-C). We next asked whether amphotericin-B affected gut fungal communities in a similar way. Principle coordinates analysis confirmed that fluconazole and amphotericin treatment led to changes in gut fungal communities that were distinct from non-treated controls (Figure 3D). Furthermore, using an algorithm for high-dimensional biomarker discovery, LEfSe, we observed that relative detection of specific fungi including Penicillium brevicompactum and Candida tropicalis was significantly decreased upon antifungal treatment (Figure 3E-F and S2A), while this treatment led to relative expansion of Aspergillus amstelodami, Epicoccum nigrum, and Wallemia sebi (Figure 3E, G and S2A)."
R31bd522975,PMC4900921,112018515,Candida albicans,Species,decrease,amphotericin-B,Chemical,candida albicans,amphotericin-b,"('Candida albicans', 'amphotericin-B')","('Species', 'Chemical')",['decrease'],1,False,True,False,False,False,False,,5,1,"The exacerbated immune responses to challenge (colitis or asthma) that we observed after fungal community dysbiosis induced by anti-fungal drug treatment could have been a consequence of the general reduction in fungal burden, reduction in specific fungi, or the relative expansion of specific fungi. Having unexpectedly observed that several fungi (A. amstelodami, E. nigrum and W.sebi) appeared to expand during treatment with either drug, we hypothesized that this expansion might be sufficient to influence systemic immunity. Species-specific quantitative PCR of fecal DNA revealed that fluconazole treatment resulted in an increase in A. amstelodami, E. nigrum and W. sebi rDNA (Figure 4A), indicating that levels of these species were truly increased and did not simply become more common in the context of a total reduction in fungal burden. We confirmed that all three fungi were resistant to fluconazole in vitro and showed little (A. amstelodami, E. nigrum) or no (W. sebi) susceptibility to amphotericin-B compared to Candida albicans (Figure S3A). It is unlikely that the effect of antifungal treatment is due to alterations of fungal populations within the lung as we consistently recovered less fungal DNA from an entire lobe of lung tissue compared to a single fecal pellet and were unable to detect the presence of the fungi of interest in the mouse lung by quantitative PCR (Figure S3B-C)."
R7708989221,PMC4900921,112018515,Candida albicans,Species,worsen,fluconazole,Chemical,candida albicans,fluconazole,"('Candida albicans', 'fluconazole')","('Species', 'Chemical')",['worsen'],1,False,True,False,False,False,False,,5,1,"The exacerbated immune responses to challenge (colitis or asthma) that we observed after fungal community dysbiosis induced by anti-fungal drug treatment could have been a consequence of the general reduction in fungal burden, reduction in specific fungi, or the relative expansion of specific fungi. Having unexpectedly observed that several fungi (A. amstelodami, E. nigrum and W.sebi) appeared to expand during treatment with either drug, we hypothesized that this expansion might be sufficient to influence systemic immunity. Species-specific quantitative PCR of fecal DNA revealed that fluconazole treatment resulted in an increase in A. amstelodami, E. nigrum and W. sebi rDNA (Figure 4A), indicating that levels of these species were truly increased and did not simply become more common in the context of a total reduction in fungal burden. We confirmed that all three fungi were resistant to fluconazole in vitro and showed little (A. amstelodami, E. nigrum) or no (W. sebi) susceptibility to amphotericin-B compared to Candida albicans (Figure S3A). It is unlikely that the effect of antifungal treatment is due to alterations of fungal populations within the lung as we consistently recovered less fungal DNA from an entire lobe of lung tissue compared to a single fecal pellet and were unable to detect the presence of the fungi of interest in the mouse lung by quantitative PCR (Figure S3B-C)."
R378969dd6f,PMC4900921,112018522,E. nigrum,Species,affects,PHR1160,Chemical,e. nigrum,phr1160,"('E. nigrum', 'PHR1160')","('Species', 'Chemical')",['affects'],1,False,True,False,False,False,False,,4,1,"Mice were provided with autoclaved water supplemented with 0.5 mg/ml fluconazole (Sigma-Aldrich PHR1160), 0.1 mg/ml amphotericin-B solubilized in DMSO (Sigma-Aldrich), or 1 mg/ml 5-fluorocytosine (Sigma-Aldrich) for 1-3 weeks prior to initiation of lung or intestinal disease. Antifungal treatment was continued throughout the course of experiments. A. amstelodami (ATCC 46362), E. nigrum (ATCC 42773), W. sebi (ATCC 42694) and P. brevicompactum (ATCC 9056) were cultivated on Sabouraud dextrose agar for 5-7 days and further propagated in liquid Sabouraud dextrose broth (both at 25 C) prior to oral gavage into mice. Fungi were mixed at equal ratios (by dry weight) and dispersed vigorously with a 20 gauge needle. Mice were inoculated by oral gavage with 20 gauge feeding needles with 100 mul of the fungi cocktail (approximately 0.5 g/kg in PBS) every other day, beginning 1 week prior to initiation of allergic airway disease or DSS colitis, and continued throughout the course of the experiment."
Re2e0210890,PMC4900921,112018543,Aspergillus,Species,increase,fluconazole,Chemical,aspergillus,fluconazole,"('Aspergillus', 'fluconazole')","('Species', 'Chemical')",['increase'],1,False,True,False,False,False,False,,6,1,"(A) Quantitative PCR for fungal 18S rDNA in feces of mice before and after 3 weeks treatment with fluconazole. (B) Bar graphs show relative abundance of specific fungal genera sequences before and after treatment with fluconazole assessed by ITS1 amplicon sequencing. (C) PCR quantification of Candida and Aspergillus DNA, relative to total 18S fungal rDNA, in the feces of mice before and after fluconazole treatment. (D) PCoA analysis of fungal communities in control mice and mice treated with fluconazole or amphotericin. (E) Taxonomic distribution of most abundant fungal species in control mice and mice treated with fluconazole or amphotericin. LEfSe analysis on samples from control mice and mice treated with fluconazole or amphotericin showed significant decrease (F) of some or expansion (G) of other fungal species. The horizontal straight lines in the panels (F, G) indicate the group means, and the dotted lines indicate the group medians. Each bar represents an individual mouse. Data are representative of three independent sequencing experiments with 5 mice/group for each condition. See also Figure S2."
R1023d8de2a,PMC4900921,112018545,P. brevicompactum,Species,decrease,fluconazole,Chemical,p. brevicompactum,fluconazole,"('P. brevicompactum', 'fluconazole')","('Species', 'Chemical')",['decrease'],1,False,True,False,False,False,False,,5,1,"(A) Species-specific PCR quantification (relative to the amount of input DNA in PCR reaction) of indicated fungi in feces of mice treated with or without fluconazole for 3 weeks. (B) Experimental setup and time course of oral fungal inoculation and HDM immunization. (C and E) Quantification of cell counts in the BAL of HDM-immunized mice treated (filled black bars) or not (open bars) with the fungal cocktail (C) or P. brevicompactum (E). (D and F) Serum levels of IgE and HDM-specific IgG1 in HDM-immunized mice treated (filled black bars) or not (open bars) with the fungal cocktail (D) or P. brevicompactum (F). Each dot represents and individual mouse. Data are representative to two independent experiments. *P<0.05, **P<0.01 Student's t-test. See also Figure S3 and S4."
R2855587bd2,PMC5764785,112018548,Clostridium difficile,Species,affects,glycan,Chemical,clostridium difficile,glycan,"('Clostridium difficile', 'glycan')","('Species', 'Chemical')",['affects'],1,False,True,False,False,False,False,,7,1,"Recent evidence has demonstrated that the intestinal microbiota can influence the properties of the colonic mucus layer. Certain microbial generalists and specialists possess various carbohydrate utilization gene clusters that allow them to degrade and metabolize specific glycans of the intestinal mucus layer. Indeed, bacterial glycan metabolism in mice that were colonized with 14 human gut microbiota species switched from fiber-degradation to mucus glycan degradation when fed a fiber-free diet. Accordingly, feeding mice a fiber-depleted diet for up to 40 days reduced colonic mucus layer thickness by analyzing fixed tissue sections. Such a deteriorated colonic mucus layer contributed to lethal colitis when the mice were infected with the intestinal pathogen Citrobacter rodentium. Similarly, human obesity, which is often caused by high intake of a ""Western style"" diet (WSD) - a diet rich in saturated fats and simple carbohydrates but depleted of dietary fiber - is a risk factor for infection by the enteric pathogen Clostridium difficile in humans."
Rdd778af153,PMC5764785,112018584,dH2,Species,affects,Hoechst-34580,Chemical,dh2,hoechst-34580,"('dH2', 'Hoechst-34580')","('Species', 'Chemical')",['affects'],1,False,True,False,False,False,False,,4,1,"Paraffin-embedded tissue slides were de-waxed and antigen retrieval was carried out in 10 mM citrate buffer, pH 6.0. Tissue was blocked in 5% fetal calf serum (FCS), washed in PBS and incubated with primary antibodies (alphaMuc2(mature): Rabbit Muc2-C3, alphaMuc2(non-O-glycosylated): Rabbit Muc2-PH497), diluted in FCS over night. After another washing step tissue sections were incubated with a fluorophore-conjugated secondary antibody (Donkey alpha-Rabbit AF 488, Thermo Fisher Scientific) diluted in block solution for 2 hours. DNA was stained with Hoechst-34580 (Sigma-Aldrich; 5 mug/ml) in PBS for 5 min, slides were washed in dH2O, dried and mounted in a small volume of Prolong-Gold Antifade mounting medium (ThermoFisher Scientific)."
R4a2c4a4f5b,PMC5764785,112018616,Bifidobacterium longum NCC2705,Species,improve,Drinking water,Chemical,bifidobacterium longum ncc2705,drinking water,"('Bifidobacterium longum NCC2705', 'Drinking water')","('Species', 'Chemical')",['improve'],1,False,True,False,False,False,False,,5,1,"Probiotic and prebiotic supplement prevent distinct aspects of diet-mediated mucus defects. (A) After mucus properties were analyzed in a control subset of mice (C, n = 4) the remaining animals were divided into 4 groups (n = 7 per group) and switched to a Western style diet (WSD) at the age of 9 - 11 weeks. Drinking water was supplemented with vehicle control (WSD), 1% (w/v) oligofructose-enriched inulin (I) Bifidobacterium longum NCC2705 (B) or a combination of both (B+I). (B) Metabolic parameters were analyzed 3 weeks after the dietary switch and mucus measurements performed after 4 weeks on supplemented WSD. (C) Confocal z-stacks (top) calculated from the position of fluorescent 1 mum beads (bottom) were used to determine penetrability of the inner colonic mucus layer (D). The median z-stack is shown for each mouse. Turquoise: colonic tissue; red: bacteria-sized beads. (E) Growth rate and thickness (F) of the inner colonic mucus layer. Data are presented as mean +- SEM. Statistical significance against WSD fed mice (vehicle control) was determined by Kruskal-Wallis test and corrected by Dunn's multiple comparisons test with (*) = p<0.05 and (**) = p<0.01."
R2b3b438761,PMC9082339,112018618,Salmonella,Species,worsen,ciprofloxacin,Chemical,salmonella,ciprofloxacin,"('Salmonella', 'ciprofloxacin')","('Species', 'Chemical')","['possible', 'worsen']",3,True,True,False,False,False,False,,4,1,"Efforts to probe the role of the gut microbiota in disease would benefit from a system in which patient-derived bacterial communities can be studied at scale. We addressed this by validating a strategy to propagate phylogenetically complex, diverse, stable, and highly reproducible stool-derived communities in vitro. We generated hundreds of in vitro communities cultured from diverse stool samples in various media; certain media generally preserved inoculum composition, and inocula from different subjects yielded source-specific community compositions. Upon colonization of germ-free mice, community composition was maintained and host proteome resembled the host from which the community was derived. Treatment with ciprofloxacin in vivo increased susceptibility to Salmonella invasion in vitro and the in vitro response to ciprofloxacin was predictive of compositional changes observed in vivo, including the resilience and sensitivity of each Bacteroides species. These findings demonstrate that stool-derived in vitro communities can serve as a powerful system for microbiota research."
R180c2c42da,PMC9082339,112018618,Bacteroides,Species,decrease,ciprofloxacin,Chemical,bacteroides,ciprofloxacin,"('Bacteroides', 'ciprofloxacin')","('Species', 'Chemical')","['affects', 'increase', 'worsen', 'decrease']",7,True,True,False,False,False,False,,4,2,"Efforts to probe the role of the gut microbiota in disease would benefit from a system in which patient-derived bacterial communities can be studied at scale. We addressed this by validating a strategy to propagate phylogenetically complex, diverse, stable, and highly reproducible stool-derived communities in vitro. We generated hundreds of in vitro communities cultured from diverse stool samples in various media; certain media generally preserved inoculum composition, and inocula from different subjects yielded source-specific community compositions. Upon colonization of germ-free mice, community composition was maintained and host proteome resembled the host from which the community was derived. Treatment with ciprofloxacin in vivo increased susceptibility to Salmonella invasion in vitro and the in vitro response to ciprofloxacin was predictive of compositional changes observed in vivo, including the resilience and sensitivity of each Bacteroides species. These findings demonstrate that stool-derived in vitro communities can serve as a powerful system for microbiota research."
R2b3b438761,PMC9082339,112018618,Salmonella,Species,worsen,ciprofloxacin,Chemical,salmonella,ciprofloxacin,"('Salmonella', 'ciprofloxacin')","('Species', 'Chemical')","['possible', 'worsen']",3,True,True,False,False,False,False,,4,1,"Efforts to probe the role of the gut microbiota in disease would benefit from a system in which patient-derived bacterial communities can be studied at scale. We addressed this by validating a strategy to propagate phylogenetically complex, diverse, stable, and highly reproducible stool-derived communities in vitro. We generated hundreds of in vitro communities cultured from diverse stool samples in various media; certain media generally preserved inoculum composition, and inocula from different subjects yielded source-specific community compositions. Upon colonization of germ-free mice, community composition was maintained and host proteome resembled the host from which the community was derived. Treatment with ciprofloxacin in vivo increased susceptibility to Salmonella invasion in vitro and the in vitro response to ciprofloxacin was predictive of compositional changes observed in vivo, including the resilience and sensitivity of each Bacteroides species. These findings demonstrate that stool-derived in vitro communities can serve as a powerful system for microbiota research."
Rbe34862322,PMC9082339,112018622,Salmonella Typhimurium,Species,worsen,ciprofloxacin,Chemical,salmonella typhimurium,ciprofloxacin,"('Salmonella Typhimurium', 'ciprofloxacin')","('Species', 'Chemical')",['worsen'],1,False,True,False,False,False,False,,1,1,"Here, we establish that stool-derived in vitro communities (SICs) are powerful tools for modeling responses of the gut microbiota to antibiotics in vivo. We demonstrate that hundreds of SICs generated from distinct initial inocula in diverse media can be phylogenetically complex and diverse, and stably preserve the composition of the initial inoculum. SIC composition was maintained during colonization of gnotobiotic mice, and the host proteome was mostly reprogrammed in the same manner as by the original humanization. SICs derived from the feces of ciprofloxacin-treated mice exhibited increased invasion by the pathogen Salmonella Typhimurium in vitro, consistent with previously observed decreases in colonization resistance after antibiotic treament. Ciprofloxacin caused similar compositional changes in SICs and humanized mice, highlighting the utility of SICs for predicting and interpreting the results of in vivo experiments in high throughput."
Re3929978cd,PMC9082339,112018625,A. muciniphila,Species,decrease,carbohydrates,Chemical,a. muciniphila,carbohydrates,"('A. muciniphila', 'carbohydrates')","('Species', 'Chemical')",['decrease'],1,False,True,False,False,False,False,,4,1,"To determine whether SICs reached stable compositions, we performed 16S sequencing on SICs derived from feces of two mice fed a diet deficient in microbiota-accessible carbohydrates (MACs) and grown in the complex medium BHI. At the family level, SICs stabilized by the second passage (Fig. 1B) and retained most families from the original feces (Fig. 1C). Of the families present in the inoculum but not in the passaged SIC, most were at low abundance in vivo (Fig. 1C); with the exception of the Verrucomicrobiaceae (Fig. 1B,C). In turn, the sole family to emerge from undetectable levels was the Enterobacteriaceae (Fig. 1B,C), whose members can be associated with dysbiosis. The fraction of amplicon sequence variants (ASVs, a proxy for strains) detectable in the fecal sample that were detectable on average beyond the fourth passage was 39.1+-2.6% (23/58 ASVs). Of the lost ASVs, their median log10(relative abundance) in the inoculum was lower than that of the retained ASVs (-2.46 and -2.05, respectively; p=0.006 Wilcoxon test) and they constituted 55.1% of the inoculum, of which 38.0% corresponded to A. muciniphila, which has been shown to be fastidious. Lost ASVs were lost early in the culturing experiment, in 1.6+-0.7 passages. Of the 37 ASVs lost in at least one replicate, 92% were lost in all three replicates, suggesting that ASV loss was not due to bottleneck effects of dilution during passaging. Thus, even though family-level composition is preserved for families conducive to culturing in these conditions, passaging leads to deterministic decreases to levels below the limit of detection biased toward species that start at lower abundance."
R6432ab015f,PMC9082339,112018637,S. Typhimurium,Species,worsen,agar,Chemical,s. typhimurium,agar,"('S. Typhimurium', 'agar')","('Species', 'Chemical')",['worsen'],1,False,True,False,False,False,False,,3,1,"The compositions of SICs derived during and after antibiotic treatment resembled the compositions of the inocula (Fig. 3B,C). Thus, we next asked whether the SICs recapitulated an important feature observed in vivo: decreased resistance to colonization by the pathogen Salmonella enterica serovar Typhimurium. Specifically, we asked whether exposure to ciprofloxacin led to compositional changes that reduce colonization resistance in the absence of the drug in vitro. We grew SICs derived from SD mice inocula gathered before, during the peak of, during residual, and after treatment in vivo (Pre-SD, Peak-SD, Res-SD, and Post-SD, respectively) in BHI. We challenged these SICs with S. Typhimurium for 48 h in BHI, diluted them, spotted them onto LB-streptomycin agar plates, and incubated them in aerobic conditions to select for S. Typhimurium (Fig. 4A). Pre-SD SICs had >10-fold less S. Typhimurium than communities derived from feces of ciprofloxacin-treated mice (Fig. 4B, S7A). Single-cell quantification of fluorescently tagged S. Typhimurium revealed an even larger difference in colonization efficiency between the Pre-SD and Res-SD SICs (Fig. 4C, S7B). Thus, changes in composition driven by antibiotic treatment in vivo lead to differences in SICs that mimic the resilience of the microbiota to S. Typhimurium invasion in vivo."
Redefef138d,PMC9082339,112018638,Bacteroides vulgatus,Species,worsen,ciprofloxacin,Chemical,bacteroides vulgatus,ciprofloxacin,"('Bacteroides vulgatus', 'ciprofloxacin')","('Species', 'Chemical')",['worsen'],1,False,True,False,False,False,False,,4,1,"We isolated 15 strains from a Pre-MD SIC and measured their MICs (Table S1). The Lachnospiraceae exhibited the highest MICs (Fig. 5A); consistent with the high levels of Lachnospiraceae and Ruminococcaceae in humanized mice at the peak of ciprofloxacin treatment (Fig. S2B). Most sensitive families (MIC <32 mug/mL) decreased in abundance in vivo (Fig. 5A); the lone exception was the Bacteroidaceae, which increased in three of four mice (Fig. 5A), consistent with our previous observation that a highly resistant Bacteroides vulgatus strain (MIC >512 mug/mL) can be selected in vivo. These results suggest that ciprofloxacin sensitivities are generally similar in vitro and in vivo."
Rad2783084a,PMC9082339,112018647,B. caccae,Species,affects,ciprofloxacin,Chemical,b. caccae,ciprofloxacin,"('B. caccae', 'ciprofloxacin')","('Species', 'Chemical')",['affects'],1,False,True,False,False,False,False,,5,1,"The unexpected recovery of the Bacteroidaceae in vivo motivated us to probe the dynamics of these ASVs. In vivo, although most Bacteroides ASVs were undetectable at the peak and residual time points, most reappeared post-treatment (Fig. 7A). Only B. vulgatus increased in relative abundance to become dominant during residual treatment (Fig. 7B); this strain was likely highly resistant to ciprofloxacin based on our assessment of Bacteroides isolates from the residual fecal sample. Consistent with this observation, B. vulgatus was the only Bacteroidaceae ASV present in vitro after 3 passages with 32 mug/mL ciprofloxacin, reaching a stable abundance in the Pre-SD (Fig. 7B) and Res-SD SICs (Fig. S7N). B. caccae and B. uniformis were present after 3 passages of the Pre-SD SIC at 8 mug/mL, and B. thetaiotaomicron was present after 3 passages at 2 mug/mL (Fig. 7B); all three species recovered in vivo post-treatment (Fig. 7A), which our data suggests is due to their intrinsic resistance. Other Bacteroides species, such as B. fragilis, became undetectable after one passage at 2 mug/mL in both SICs (Fig. 7B, S7N). These trends are consistent with the higher MICs of B. uniformis and B. thetaiotaomicron compared to B. fragilis (Table S1). Thus, sensitivities of isolates are predictive of Bacteroides resistance during continuous ciprofloxacin treatment."
R85a123f1d6,PMC9082339,112018648,Bacteroides,Species,worsen,ciprofloxacin,Chemical,bacteroides,ciprofloxacin,"('Bacteroides', 'ciprofloxacin')","('Species', 'Chemical')","['affects', 'increase', 'worsen', 'decrease']",7,True,True,False,False,False,False,,7,2,"Like B. fragilis, B. intestinalis was undetectable by the second passage even at 2 mug/mL (Fig. 7B). Nonetheless, both species recovered in vivo in SD mice (Fig. 7A). Remarkably, these species also re-emerged in vitro upon further passage without drug in the Pre-SD SIC (Fig. 7C), as did B. fragilis in the Res-SD SIC (Fig. S7O). In fact, B. fragilis became dominant after recovery from treatment with 2 mug/mL in the Pre-SD SIC (Fig. 7C), similar to the replacement of resistant B. vulgatus in vivo by other Bacteroides and consistent with dominance of B. fragilis in the Res-SD SIC (Fig. S7N). B. intestinalis was detected in the Pre-SD SIC only after recovery from treatment with 8 mug/mL (Fig. 7C), suggesting that different ciprofloxacin concentrations can alter the competitive landscape of Bacteroides species. We refer to the ability of strains to recover from undetectable levels during treatment as ""resilience"". Interestingly, B. vulgatus was only detected when the SIC was continuously exposed (Fig. 7B) and not after ciprofloxacin was removed (Fig. 7C), suggesting that recovery of other families can drive resistant members to undetectable levels. Species that did not recover in vivo, such as B. ovatus, did not recover in vitro (Fig. 7A,C). In sum, fecal-derived SICs can distinguish between resistance and resilience."
Rdbb8958832,PMC9082339,112018650,B. intestinalis,Species,improve,ciprofloxacin,Chemical,b. intestinalis,ciprofloxacin,"('B. intestinalis', 'ciprofloxacin')","('Species', 'Chemical')",['improve'],1,False,True,False,False,False,False,,2,1,"Our study shows that SICs can shed light on behaviors observed in vivo. SICs derived from mice during and after antibiotic treatment were more susceptible to invasion by S. Typhimurium than SICs derived before treatment (Fig. 4). While previous studies reported that ciprofloxacin treatment can increase the colonization susceptibility of chemostat-grown microbial communities, our experiments were conducted in the absence of ciprofloxacin at the time of challenge. Thus, the compositional changes elicited by antibiotics in vivo are maintained in vitro, leading to different functional outcomes. Our quantitative comparison between the ciprofloxacin response of the gut microbiota in vivo and in vitro revealed remarkable similarities in taxon-specific changes in diversity (Fig. 6E) despite differences in spatial structure, duration of treatment, and population sizes between SICs and the gut. Thus, SICs have the potential to shed light on many aspects of the dynamics that are confounded by multiple factors in vivo. The observed correlation between abundance changes upon continuous ciprofloxacin treatment and strain sensitivities (Fig. 5F) suggests that interspecies interactions are not strong modifiers of ciprofloxacin sensitivity in these communities. Nevertheless, the predicted emergence of resistant strains led to a subsequent out-competition by close relatives upon removal of the drug (SI), highlighting the role of ecological interactions on community structure. Further studies using SICs can elucidate the role of ecology on antibiotic sensitivity and community structure, especially in the case of antibiotics where indirect resistance can benefit multiple species. The lack of substantial recovery in richness in vitro after treatment (Fig. 6B) suggests that the ~4-fold increase in vivo post-treatment (Fig. S2C) could come from environmental reseeding, supporting the physiological relevance of reservoirs suggested in vivo by comparisons of singly housed and co-housed mice. Nonetheless, the recovery in vitro of some species such as B. intestinalis from undetectable levels did not require reseeding (Fig. 7C), indicating built-in resilience; such findings point to the ability of SICs to elucidate aspects of community ecology that can be uncoupled from host dependence. Taken together, these findings indicate that dissecting how a gut community is remodeled by a perturbation in vitro can serve as a pre-screening tool before expensive animal experiments. Many other fascinating questions should be tackled in the future using our in vitro approach, which can easily be scaled to thousands of communities."
R5e3d2f271c,PMC9082339,112018666,S. Typhimurium,Species,decrease,streptomycin,Chemical,s. typhimurium,streptomycin,"('S. Typhimurium', 'streptomycin')","('Species', 'Chemical')","['Location_of', 'decrease']",2,True,True,False,False,False,False,,5,2,"SICs were revived in 200 muL BHI in microplates and passaged twice by diluting 1 muL into 200 muL fresh medium every 48 h. A frozen stock of S. Typhimurium strain SL1344 was grown anaerobically at 37  C for 24 h in BHI. One microliter of the SICs and 1 muL of S. Typhimurium adjusted to OD600=0.1 was diluted into 200 muL fresh BHI. Saturated co-cultures were serially diluted into sterile PBS after 48 h of incubation at 37  C. Three microliters of a 1:104 dilution were spotted onto LB agar with 50 mug/mL streptomycin to select for S. Typhimurium. Pictures of colonies (Fig. 4B, S8A) were taken after 48 h of incubation at 37  C in aerobic conditions."
R397dfc90da,PMC9082339,112018679,Salmonella enterica serovar Typhimurium,Species,causes,streptomycin,Chemical,salmonella enterica typhimurium,streptomycin,"('Salmonella enterica serovar Typhimurium', 'streptomycin')","('Species', 'Chemical')",['causes'],2,True,True,False,False,False,False,,3,2,Pretreatment of mice with streptomycin provides a Salmonella enterica serovar Typhimurium colitis model that allows analysis of both pathogen and host
R4fc894b067,PMC9082339,112018715,S. Typhimurium,Species,causes,ciprofloxacin,Chemical,s. typhimurium,ciprofloxacin,"('S. Typhimurium', 'ciprofloxacin')","('Species', 'Chemical')","['causes', 'affects']",2,True,True,False,False,False,False,,1,1,Pre-exposure of the gut microbiota to ciprofloxacin in vivo results in differential invasion of S. Typhimurium in vitro.
R13280bba05,PMC9082339,112018717,S. Typhimurium SL1344,Species,decrease,ciprofloxacin,Chemical,s. typhimurium sl1344,ciprofloxacin,"('S. Typhimurium SL1344', 'ciprofloxacin')","('Species', 'Chemical')",['decrease'],1,False,True,False,False,False,False,,2,1,B) SICs derived from mice treated with ciprofloxacin are more susceptible to S. Typhimurium. Colonies of S. Typhimurium SL1344 after 48 h of growth with SICs diluted 1:104 and grown aerobically on LB+streptomycin.
R35b1bc2fe1,PMC9082339,112018717,S. Typhimurium,Species,affects,ciprofloxacin,Chemical,s. typhimurium,ciprofloxacin,"('S. Typhimurium', 'ciprofloxacin')","('Species', 'Chemical')","['causes', 'affects']",2,True,True,False,False,False,False,,2,1,B) SICs derived from mice treated with ciprofloxacin are more susceptible to S. Typhimurium. Colonies of S. Typhimurium SL1344 after 48 h of growth with SICs diluted 1:104 and grown aerobically on LB+streptomycin.
R3529a1e976,PMC9082339,112018731,Bacteroides,Species,affects,ciprofloxacin,Chemical,bacteroides,ciprofloxacin,"('Bacteroides', 'ciprofloxacin')","('Species', 'Chemical')","['increase', 'affects', 'decrease', 'worsen']",7,True,True,False,False,False,False,,3,2,"B,C) Bacteroides survival and recovery in vivo can be respectively explained by resistance and resilience characteristics of the Pre-SD SIC in vitro during continuous treatment (B) or one round of treatment followed by two rounds of recovery (C). Data are the mean log10(relative abundance) of two replicates during one round of ciprofloxacin treatment and two rounds of recovery at the ASV level. Thick lines highlight Bacteroides ASVs that show resistance (B) or resilience (C) at the highest concentration that they display the behavior."
Re84ba284cb,PMC4269104,112018733,Bt,Species,affects,succinate,Chemical,bt,succinate,"('Bt', 'succinate')","('Species', 'Chemical')",['affects'],1,False,True,False,False,False,False,,7,1,"The enteric pathogen enterohemorrhagic Escherichia coli (EHEC) causes severe diarrhea but the influence of the gut microbiota on EHEC infection is largely unknown. A predominant member of the microbiota, Bacteroides thetaiotaomicron (Bt), is resident at EHEC attachment sites. We show that Bt enhances EHEC virulence gene expression through the transcription factor, Cra, which is functionally sensitive to sugar concentrations. This enhanced virulence accompanies increased formation of attaching and effacing (AE) lesions requisite for EHEC colonization. Infection with Citrobacter rodentium, a natural mouse pathogen homologous to EHEC, in Bt-reconstituted mice results in increased gut permeability along with exacerbated host pathology and mortality compared to mice deplete of microflora. Bt modifies the metabolite environment at infection sites, increasing metabolites involved in gluconeogenesis, with stark increases in succinate, which can be sensed by Cra. Our findings suggest that microbiota composition affects disease outcome and may explain links between microbiota composition and disease susceptibility."
R1655e96db6,PMC4269104,112018736,Bt,Species,Interacts_with,monosaccharides,Chemical,bt,monosaccharides,"('Bt', 'monosaccharides')","('Species', 'Chemical')",['Interacts_with'],1,False,True,False,False,False,False,,7,1,"A member of the Bacteroidetes phylum and major constituent of the microbiota, Bacteroides thetaiotaomicron encodes a number of glycoside hydrolases and polysaccharide lyases that enrich the availability of nutrients within the intestine. Within the intestine, Bt degrades complex polysaccharides into monosaccharides that can readily be used by non-glycophagic bacterial species such as E. coli and C. rodentium. Fluctuations in sugar concentrations modulate virulence gene expression and colonization of the human pathogen Enterohemorrhagic E. coli (EHEC). EHEC colonizes the human colon, forming attaching and effacing (AE) lesions, invoking bloody diarrhea, hemorrhagic colitis, and hemolytic uremic syndrome (HUS) (Karmali et al., 1983). AE lesions result from extensive remodeling of the host cellular cytoskeleton that create a pedestal, or cup-like structure, beneath the bacteria. EHEC also encodes a potent Shiga toxin (Stx) that is responsible for HUS. EHEC intestinal colonization is dependent on the locus of enterocyte effacement (LEE) pathogenicity island (PAI) (McDaniel et al., 1995). The LEE region contains five major operons (LEE1-5) that encode a type III secretion system (T3SS), an adhesin (intimin) and its receptor (Tir), and effector proteins (Elliott et al., 1998; Kenny et al., 1997; Knutton et al., 1998). The ler gene encoded within LEE1 acts as the master regulator of the LEE genes (Elliott et al., 2000; Mellies et al., 1999). Glycolytic conditions, such as those found in the gut lumen, inhibit LEE1 expression while gluconeogenic conditions, akin to those found near the epithelial surface, activate LEE1 expression. We sought to understand if the metabolic changes induced by Bt affect susceptibility to infection and disease progression of EHEC."
Rb66587500d,PMC4269104,112018736,C. rodentium,Species,affects,sugar,Chemical,c. rodentium,sugar,"('C. rodentium', 'sugar')","('Species', 'Chemical')",['affects'],1,False,True,False,False,False,False,,7,1,"A member of the Bacteroidetes phylum and major constituent of the microbiota, Bacteroides thetaiotaomicron encodes a number of glycoside hydrolases and polysaccharide lyases that enrich the availability of nutrients within the intestine. Within the intestine, Bt degrades complex polysaccharides into monosaccharides that can readily be used by non-glycophagic bacterial species such as E. coli and C. rodentium. Fluctuations in sugar concentrations modulate virulence gene expression and colonization of the human pathogen Enterohemorrhagic E. coli (EHEC). EHEC colonizes the human colon, forming attaching and effacing (AE) lesions, invoking bloody diarrhea, hemorrhagic colitis, and hemolytic uremic syndrome (HUS) (Karmali et al., 1983). AE lesions result from extensive remodeling of the host cellular cytoskeleton that create a pedestal, or cup-like structure, beneath the bacteria. EHEC also encodes a potent Shiga toxin (Stx) that is responsible for HUS. EHEC intestinal colonization is dependent on the locus of enterocyte effacement (LEE) pathogenicity island (PAI) (McDaniel et al., 1995). The LEE region contains five major operons (LEE1-5) that encode a type III secretion system (T3SS), an adhesin (intimin) and its receptor (Tir), and effector proteins (Elliott et al., 1998; Kenny et al., 1997; Knutton et al., 1998). The ler gene encoded within LEE1 acts as the master regulator of the LEE genes (Elliott et al., 2000; Mellies et al., 1999). Glycolytic conditions, such as those found in the gut lumen, inhibit LEE1 expression while gluconeogenic conditions, akin to those found near the epithelial surface, activate LEE1 expression. We sought to understand if the metabolic changes induced by Bt affect susceptibility to infection and disease progression of EHEC."
R0a56839a11,PMC4269104,112018751,Bacteroides spp,Species,start,succinate,Chemical,bacteroides,succinate,"('Bacteroides spp', 'succinate')","('Species', 'Chemical')",['start'],1,False,True,False,False,False,False,,5,1,"To further explore the mechanism of how Bt may be exerting its pro-virulence effect on C. rodentium, we examined metabolites present in the large intestine during infection. Our metabolomics studies showed that the metabolic landscape between mice colonized with Bt or not (PBS or C. rodentium infected animals) were quite diverse, and that the Bt alone and Bt + C. rodentium animals have a more similar metabolite profile in their intestines (Fig. 7A,B). Of note, several metabolites indicative of a gluconeogenic environment (such as lactate, succinate, glycerate, and others) were elevated in the Bt treated animals (Fig. 7A,B). Elevated concentrations of succinate, but not of fumarate or pyruvate, were measured within the cecum when Bt was present (Fig. 7C), consistent with findings identifying succinate as a major metabolic by-product of Bacteroides spp. Succinate produced by Bacteroides spp. has been shown previously to impair neutrophil function and inhibit phagocytic killing of E. coli. Additionally, in a recent complementary study, Sonnenburg and colleagues demonstrated that microbiota-produced succinate induced after antibiotic treatment augments expansion of C. difficile in mice and that C. difficile deficient in succinate utilization pathways displayed a competitive disadvantage (Ferreyra et al., 2014). Moreover, the addition of succinate during in vitro culture of EHEC resulted in an increase in the expression of the LEE-encoded protein EspA in wild-type EHEC; whereas, the cra mutant remains unresponsive to succinate (Fig. 7D). It is also worth noting that Enterococcus faecalis, which also increases EHEC virulence gene expression (Fig. 3), also produces and secretes copious amounts of succinate."
Rf0ca26c3dd,PMC4269104,112018752,Bt,Species,increase,GSH,Chemical,bt,gsh,"('Bt', 'GSH')","('Species', 'Chemical')",['increase'],1,False,True,False,False,False,False,,7,1,"Interestingly, Bt colonization increases the levels of gamma-L- glutamyl-L-cysteinyl-glycine, or glutathione (GSH), and its precursors cysteine and S-adenosyl-homocysteine (Fig. 7A). GSH plays a role in nutrient metabolism, antioxidant defense, and a number of key cellular metabolic functions. Additionally, Bt colonization alone increases the gluconeogenic metabolites succinate, glycerate, and lactate, creating a different metabolic landscape for C. rodentium than what the pathogen encounters in the microflora-deplete animals. In the C. rodentium infected animals deplete of a microflora, the levels of nucleosides (cytidine, guanosine, thymidine, uridine) are decreased compared to mock-infected animals. The presence of Bt in C. rodentium-infected animals rescues this decrease in nucleosides and nucleic acid precursors (Fig. 7A). Our findings begin to delve into the specific metabolites that a key constituent of the microbiota, Bt, contributes to the intestinal environment, and we link this metabolic environment to an increase in virulence of an enteric pathogen."
Re8ce259aeb,PMC4269104,112018754,C. rodentium,Species,decrease,chloramphenicol,Chemical,c. rodentium,chloramphenicol,"('C. rodentium', 'chloramphenicol')","('Species', 'Chemical')",['decrease'],1,False,True,False,False,False,False,,4,1,"Strains used in this study are listed in Table S1. B. thetaiotaomicron VPI-5482 was grown anaerobically overnight at 37 C in TYG medium plus 200 microg/ml gentamicin. Wild-type EHEC O157:H7 strain 86-24 and its isogenic mutants (DeltaqseC, DeltaqseE, Deltacra, DeltakdpE, DeltacraDeltakdpE, DeltafusK) were grown anaerobically overnight at 37 C in LB plus 50 microg/ml streptomycin. C. rodentium strains DBS770 (lambdastx2dact) and its isogenic mutant MMC01 (CRDeltaescN) were grown anaerobically overnight in LB plus 25 microg/ml chloramphenicol. The lysogenized, Stx-deficient C. rodentium strain DBS771 was grown in LB plus 50 microg/ml kanamycin. Bt overnight culture was pelleted and concentrated 10-fold in LB. Bt was plated in a 10-fold excess over EHEC or C. rodentium to represent the composition of the intestinal microbiota. E. faecalis V583 was grown anaerobically in LB overnight, and the overnight culture was plated at a 1:1 with EHEC. The bacteria were grown anaerobically in Petri dishes in 25 ml of pre-reduced low-glucose Dulbecco's modified Eagle's medium (DMEM) (Invitrogen) for 6 h, unless otherwise noted, in a GasPak EZ anaerobe container (Becton Dickinson). RNA was extracted using a RiboPure Bacteria RNA isolation kit (Ambion) according to manufacturer's guidelines."
R13a6f4df45,PMC4269104,112018755,Bt,Species,affects,DMEM,Chemical,bt,dmem,"('Bt', 'DMEM')","('Species', 'Chemical')","['part_of', 'affects']",3,True,True,False,False,False,False,,5,1,"Affymetrix 2.0 E. coli gene arrays were used to compare gene expression in strain 86-24 when cultured alone to that in strain 86-24 when grown in the presence of Bt, grown anaerobically in pre-reduced DMEM at 37 C for 6 h to late-log phase in a GasPak EZ anaerobe container. The relative abundance of EHEC to Bt at the time of RNA harvest was 70% EHEC, 30% Bt. Bt grown alone was included as a control to ensure that Bt cDNA did not hybridize to the E. coli gene array. The RNA processing, labeling, hybridization, and slide-scanning procedures were performed as described in the Affymetrix Gene Expression technical manual. The array data analyses were performed as described previously. Based on array data analyses, the biological processes of the genes significantly increased >= 4-fold (406 genes, 297 with known functions, 109 with unknown function) or significantly decreased >= 2-fold (72 genes, 58 with known functions, 14 with unknown function) were characterized using the Universal Protein Resource (UniProt) Knowledgebase (UniProtKB/Swiss-Prot). (http://www.uniprot.org)."
R13a6f4df45,PMC4269104,112018755,Bt,Species,affects,DMEM,Chemical,bt,dmem,"('Bt', 'DMEM')","('Species', 'Chemical')","['part_of', 'affects']",3,True,True,False,False,False,False,,5,1,"Affymetrix 2.0 E. coli gene arrays were used to compare gene expression in strain 86-24 when cultured alone to that in strain 86-24 when grown in the presence of Bt, grown anaerobically in pre-reduced DMEM at 37 C for 6 h to late-log phase in a GasPak EZ anaerobe container. The relative abundance of EHEC to Bt at the time of RNA harvest was 70% EHEC, 30% Bt. Bt grown alone was included as a control to ensure that Bt cDNA did not hybridize to the E. coli gene array. The RNA processing, labeling, hybridization, and slide-scanning procedures were performed as described in the Affymetrix Gene Expression technical manual. The array data analyses were performed as described previously. Based on array data analyses, the biological processes of the genes significantly increased >= 4-fold (406 genes, 297 with known functions, 109 with unknown function) or significantly decreased >= 2-fold (72 genes, 58 with known functions, 14 with unknown function) were characterized using the Universal Protein Resource (UniProt) Knowledgebase (UniProtKB/Swiss-Prot). (http://www.uniprot.org)."
R05097032bc,PMC4269104,112018757,C. rodentium,Species,increase,DMEM,Chemical,c. rodentium,dmem,"('C. rodentium', 'DMEM')","('Species', 'Chemical')",['increase'],1,False,True,False,False,False,False,,7,1,"For in vitro experiments, cultures were grown to late-log phase in pre-reduced DMEM under anaerobic conditions (6 h). For in vivo experiments, fecal pellets were collected from infected mice on days 0, 1 and 4 after C. rodentium infection. RNA was extracted using the RiboPure Bacteria isolation kit according to the manufacturer's protocols (Ambion). To assess host gene expression, tissue from the distal colon of infected mice was harvested on day 5 post-infection and homogenized in 1 ml TRIzol  (Life Technologies) per 100 mg tissue. RNA was isolated using standard molecular biological procedures. The primers used for quantitative reverse transcription-PCR (qRT-PCR) (Table S2) were validated for amplification efficiency and template specificity. qRT-PCR was performed as previously described in a one-step reaction using an ABI 7500 sequence detection system (Applied Biosystems). Data were collected using the ABI Sequence Detection 1.2 software (Applied Biosystems)."
R69e88828bd,PMC4269104,112018761,Bt,Species,affects,CO2,Chemical,bt,co2,"('Bt', 'CO2')","('Species', 'Chemical')",['affects'],1,False,True,False,False,False,False,,6,1,"Fluorescein actin staining assays were performed as described by Knutton et al. Briefly, HeLa cells were grown on coverslips in 12-well culture plates with DMEM supplemented with 10% fetal bovine serum (FBS) and 1% penicillin/streptomycin/gentamicin (PSG) antibiotic mix at 37 C, 5% CO2, overnight to 80% confluency. The wells were washed with PBS and replaced with low-glucose DMEM supplemented with 10% FBS. Bacterial cultures were grown anaerobically overnight as described above at 37 C, and overnight Bt culture was concentrated 10-fold in LB. Overnight bacterial cultures were diluted 1:100 to infect confluent monolayers of HeLa cells for 6 h at 37 C, 5% CO2. After a 6 h infection, the coverslips were washed, fixed, permeabilized, and then treated with fluorescein isothiocyanate (FITC)-labeled phalloidin to visualize actin accumulation and propidium iodide to visualize host nuclei and bacteria. The coverslips were mounted on slides and visualized with a Zeiss Axiovert microscope. To determine percentage infected cells, 5-7 fields from three separate coverslips (triplicate) were counted, and calculated as (Cells with Pedestals/Total cells)*100. Statistical analyses were performed using the Student unpaired t test."
Rc8b9412435,PMC4269104,112018765,C. rodentium,Species,improve,FITC-dextran,Chemical,c. rodentium,fitc-dextran,"('C. rodentium', 'FITC-dextran')","('Species', 'Chemical')",['improve'],1,False,True,False,False,False,False,,4,1,"To measure gut permeability, mice were fasted for 4 h prior to administration of 20 ml/kg of FITC-dextran (Sigma) via oral gavage on day 5 post-infection with C. rodentium. Fasting conditions were maintained for an additional 3 h, at which point blood was collected and centrifuged to collect plasma. Serum was diluted 1:2 in PBS and fluorescence at excitation 490 nm, emission 520 nm was measured using a fluorimeter. A standard curve was prepared by serially diluting FITC-dextran in a consistent PBS:mouse serum with the samples."
Ra99c2d3d9e,PMC8904204,112018817,C. albicans SC5314,Species,affects,KO159,Chemical,c. albicans sc5314,ko159,"('C. albicans SC5314', 'KO159')","('Species', 'Chemical')",['affects'],1,False,True,False,False,False,False,,2,1,"C. albicans TetO strains were created using the transient CRISPR approach using the primers listed in Supplementary Table 6. The NAT promoter replacement cassette was amplified from pLC605 using the forward and reverse repair primers. The sgRNA fusion cassettes were made by PCR from pV1524 using KO160 and the reverse sgRNA primers (fragment A) and KO161 and forward sgRNA primers (fragment B), and then fusion PCR was performed on the fragments using the nested primers KO162 and KO163. CAS9 DNA was PCR-amplified from pV1525 with KO158 and KO159. The NAT-TetO cassette (40 mul), sgRNA (10 mul), and CAS9 DNA (10 mul) were transformed into C. albicans SC5314 wild type. Integration was tested using the reverse check primers and KO188. Lack of a wild-type allele was tested using forward and reverse check primers. For some strains, NAT sensitivity was restored by culture in YNB-BSA."
R8804f8de56,PMC8904204,112018817,C. albicans SC5314,Species,affects,KO158,Chemical,c. albicans sc5314,ko158,"('C. albicans SC5314', 'KO158')","('Species', 'Chemical')",['affects'],1,False,True,False,False,False,False,,2,1,"C. albicans TetO strains were created using the transient CRISPR approach using the primers listed in Supplementary Table 6. The NAT promoter replacement cassette was amplified from pLC605 using the forward and reverse repair primers. The sgRNA fusion cassettes were made by PCR from pV1524 using KO160 and the reverse sgRNA primers (fragment A) and KO161 and forward sgRNA primers (fragment B), and then fusion PCR was performed on the fragments using the nested primers KO162 and KO163. CAS9 DNA was PCR-amplified from pV1525 with KO158 and KO159. The NAT-TetO cassette (40 mul), sgRNA (10 mul), and CAS9 DNA (10 mul) were transformed into C. albicans SC5314 wild type. Integration was tested using the reverse check primers and KO188. Lack of a wild-type allele was tested using forward and reverse check primers. For some strains, NAT sensitivity was restored by culture in YNB-BSA."
R09417acfc6,PMC8904204,112018825,Candida,Species,affects,ethanol,Chemical,candida,ethanol,"('Candida', 'ethanol')","('Species', 'Chemical')",['affects'],2,True,True,False,False,False,False,,3,1,"For imaging in the gut, intestinal sections were placed in tissue embedding cassette (Thermo Fisher Scientific) and samples were fixed for 3-4 h in Carnoy's solution (Spectrum Chemical) at room temperature with shaking. Cassettes were then washed twice for 5 min with cold PBS, and then for 40 min in 40% ethanol. Samples were stored in 70% ethanol until sectioning by the ARUP Research histology laboratory. To stain intestinal sections, slides were de-paraffined in Coplin Staining Jars (VWR): two 6-min washes in xylenes followed by sequential 2-min washes in 100% ethanol, 100% ethanol, 95% ethanol, 70% ethanol and 40% ethanol. Slides were incubated in humidified staining chamber at room temperature for 20 min with 150 mul blocking buffer (PBS with 4% donkey serum). Slides were stained with 150 mul (1:500 dilution) of AF488 anti-Candida antibody (Meridian) in humified staining chamber overnight at 4  C. Slides were washed twice for 5 min in PBS supplemented with 0.1% Tween-20 with shaking. Slides were rinsed twice in cold PBS before mounting and imaging."
R09417acfc6,PMC8904204,112018825,Candida,Species,affects,ethanol,Chemical,candida,ethanol,"('Candida', 'ethanol')","('Species', 'Chemical')",['affects'],2,True,True,False,False,False,False,,3,1,"For imaging in the gut, intestinal sections were placed in tissue embedding cassette (Thermo Fisher Scientific) and samples were fixed for 3-4 h in Carnoy's solution (Spectrum Chemical) at room temperature with shaking. Cassettes were then washed twice for 5 min with cold PBS, and then for 40 min in 40% ethanol. Samples were stored in 70% ethanol until sectioning by the ARUP Research histology laboratory. To stain intestinal sections, slides were de-paraffined in Coplin Staining Jars (VWR): two 6-min washes in xylenes followed by sequential 2-min washes in 100% ethanol, 100% ethanol, 95% ethanol, 70% ethanol and 40% ethanol. Slides were incubated in humidified staining chamber at room temperature for 20 min with 150 mul blocking buffer (PBS with 4% donkey serum). Slides were stained with 150 mul (1:500 dilution) of AF488 anti-Candida antibody (Meridian) in humified staining chamber overnight at 4  C. Slides were washed twice for 5 min in PBS supplemented with 0.1% Tween-20 with shaking. Slides were rinsed twice in cold PBS before mounting and imaging."
R6f6ee2d5cf,PMC8904204,112018833,C. albicans,Species,affects,Mk II,Chemical,c. albicans,mk ii,"('C. albicans', 'Mk II')","('Species', 'Chemical')",['affects'],1,False,True,False,False,False,False,,6,1,"Faecal samples from SW mice that had been monocolonized with GFP-C. albicans (YJB11522) for 3 weeks were used for imaging. Faecal samples were prepared and stained for CFW and IgA as described for flow cytometry analysis. Samples from three mice were analysed using the Amnis ImageStream Mk II using the 488-nm, 405-nm and 592-nm laser. Data were analysed using IDEAs 6.3 software. C. albicans were gated on GFP+ and CFW intermediate populations, and finally gated by IgA. Bright-field images of C. albicans populations were visually inspected to exclude non-C. albicans faecal particles. Data from the three mice were combined into a single file to analyse C. albicans circularity by IgA binding. Circularity of the IgA+ and IgA- populations were calculated using the CFW channel using the Shape Change wizard."
R69444bbb9c,PMC8904204,112018838,Ca,Species,increase,Mg2+,Chemical,ca,mg2,"('Ca', 'Mg2+')","('Species', 'Chemical')",['increase'],1,False,True,False,False,False,False,,1,1,"Lamina propria cells were isolated as described previously with the following alterations. The epithelial dissociation step was performed with 10 ml HBSS (without Mg2+ and Ca2+) containing 30 mM 0.5 EDTA (Corning), 10 mM HEPES (Corning), and 1.5 mM DL-dithirothreitol (DTT) (Sigma). Cells were dissociated for 30 min at 37  C with shaking at 37  C for 30 min. Digestions were carried out as described previously, but instead of percoll separation, digestion solution was spun at 800g for 10 min and washed one time in 10 ml cold PBS. Digests were resuspended in 5 ml RPMI complete (RPMI 1640 with l-glutamine (Corning) supplemented with 10% FBS, 1x MEM non-essential amino acids (Corning), 1 mM sodium pyruvate (Corning), 1x 2-mercaptoethanol (Gibco)), and counted. Peyer's patches were isolated and prepared as described previously."
Raef72dbd48,PMC8904204,112018840,C. albicans,Species,Interacts_with,Tris HCl,Chemical,c. albicans,tris hcl,"('C. albicans', 'Tris HCl')","('Species', 'Chemical')",['Interacts_with'],1,False,True,False,False,False,False,,3,1,"C. albicans (SC5314) was cultured overnight in 5 ml YPD at 30  C. Then, 100 mul was added either to 5 ml YPD and rotated overnight at 30  C (yeast) or to 5 ml RMPI complete and shaken at 150 rpm overnight at 37  C (hyphae). Yeast and hyphal cultures were collected and washed once with 10 ml cold 10 mM Tris HCl pH 7.4, resuspended in 1 ml 10 mM Tris HCl and stored in bead beating tubes at -80  C. Fungal cell walls were isolated as described previously. Cell walls were normalized to 20 mg/ml in Tris HCl pH 7.4, and 50 mul of each sample was mixed with 10 mul 6x Laemmli sample buffer and boiled for 10 min. Then, 30 mul (500 mug) was loaded and run on two 4-20% 12-well Mini-PROTEAN TGX precast protein gels (BioRad). For one gel, proteins were transferred to a 0.45-nm nitrocellulose membrane, stained with intestinal wash from C57BL/6 mice monocolonized with C. albicans (cleared small intestinal wash diluted 100 mul in 5 ml TBST with 5% dried milk (v/v)), followed by staining with 1:1,000 dilution of goat anti-mouse IgA (mu chain) HRP secondary antibody (SouthernBiotech) diluted in TBST with 5% milk. The duplicate protein gel was stained with Coomassie. Two protein gel regions of greater than 254 kDa were cut from each lane and submitted to the Mass Spectrometry and Proteomics Core Facility at the University of Utah for protein identification using the procedure described below."
Rca76673514,PMC5790183,112018979,Escherichia coli,Species,start,glycans,Chemical,escherichia coli,glycans,"('Escherichia coli', 'glycans')","('Species', 'Chemical')","['start', 'Location_of']",2,True,True,False,False,False,False,,5,1,"To further understand the molecular basis for microbiota surface-reactivity, we asked whether IgAs might bind microbial glycans by screening mAbs against a microbial glycan microarray. Numerous glycan reactivities were observed among microbiota-reactive mAbs from IgA PCs (Fig. 2E, S11A-B), whereas non-microbiota-reactive mAbs from B2 cells showed little reactivity. Significantly, microbiota-reactive IgA mAbs typically bound multiple distinct microbial glycans, often at low to moderate affinity. For example, mAb 40A6 showed both high-binding and low-binding interactions with glycans from Proteus penneri, Proteus mirabilis, Shigella boydii, Salmonella Typhimurium, and various strains of Escherichia coli. These findings support the conclusion that microbial surface glycans are common targets of microbiota-reactive IgAs."
R20e21a14b8,PMC5790183,112018991,expression vectors,Species,Interacts_with,beta-mercaptoethanol,Chemical,expression vectors,beta-mercaptoethanol,"('expression vectors', 'beta-mercaptoethanol')","('Species', 'Chemical')",['Interacts_with'],1,False,True,False,False,False,False,,4,1,"Detailed protocols for single-cell cloning and mAb production have been published separately. Briefly, single cells were sorted into 96-well plates (Biorad) using a BD AriaII cell sorter. In all plates, one row was left empty as a negative control. For most plasma cell populations, cells were sorted into 10 muL/well nuclease-free 10 mM Tris-HCl with 1 U/muL SUPERase-In RNase inhibitor (Ambion) and immediately frozen on dry ice. Single-cell cDNA synthesis and paired amplification of rearranged immunoglobulin VH and Vkappa genes was then performed using a cocktail of primers as described. Non-plasma cell populations amplified inefficiently with this method and were instead sorted into 5 muL/well TCL buffer (Qiagen) with 1% beta-mercaptoethanol (v/v). RNA was purified using RNase-free SPRI beads (Beckman Coulter) as described, and cDNA synthesis and paired amplification were performed as described above. PCR products from single cells were sequenced and cloned using gene-specific primers into human IgG1/Igkappa expression vectors as described; plasmid midipreps were performed with a Qiagen HiSpeed Midi Kit. All sequences were identified and processed using IMGT's default settings (www.imgt.org). Somatic mutations were identified and quantified using IMGT's default settings. In some cases, mutations introduced at the beginning or end of the sequence by degenerate primers were discarded from analysis. For germline reverted mAbs, heavy and light chain sequences were reverted to inferred germline as determined using IMGT, synthesized, and cloned into expression vectors using the same methods described above. If identical mAbs were obtained from multiple cells, only a single copy was retained. mAbs were expressed by transient PEI transfection of 293T cells as described. Culture supernatants were harvested 6-7d after transfection, cleared of cells by centrifugation at 900g for 10 mins, and mAbs purified with Protein A agarose (Thermo) as described. mAbs were stored at 4  C in TBS pH 8.0 with 0.5% BSA, 150 mM NaCl, and 0.05% sodium azide."
R06447c673d,PMC5790183,112019003,S. typhimurium,Species,start,ethanol,Chemical,s. typhimurium,ethanol,"('S. typhimurium', 'ethanol')","('Species', 'Chemical')",['start'],1,False,True,False,False,False,False,,5,1,"Polyreactivity assays were performed as described. ELISA plates (Thermo) were coated overnight with 50 muL/well antigen diluted in carbonate buffer (Bethyl) with the exception of cardiolipin, which was coated overnight in 100% ethanol left uncovered to allow evaporation. The following antigens and concentrations were used for coating: calf thymus DNA (Life Technologies), 10 mug/mL; human insulin (Fitzgerald), 5 mug/mL; LPS from E. coli (Sigma), 10 mug/mL; flagellin from S. typhimurium (InvivoGen), 2 mug/mL; cardiolipin (Sigma), 10 mug/mL; albumin from human serum, low endotoxin (Sigma), 10 mug/mL; and KLH, endotoxin free (Millipore), 10 mug/mL. Plates were washed 4x with nanopure H2O with an ELISA plate washer (BioTek) and blocked with 150 muL/well blocking buffer [1X TBS-T (Thermo), 1mM EDTA (Boston BioProducts)] for 1 hour at 37  C. Plates were washed 4x with H2O using an ELISA plate washer (BioTek) and 50 muL/well of mAbs pre-diluted in TBS pH 7.4 were added. mAbs were assayed at 1 mug/mL and three additional 1:4 dilutions. Strongly polyreactive positive control mAb 3H9 and four TBS-only wells were included on each plate. Plates were incubated at 37  C for one hour then washed 4x with H2O. 75 muL/well of goat anti-human IgG HRP (Southern Biotech) diluted in blocking buffer were added and plates were incubated one hour at 37  C then washed 4x with H2O. 150 muL/well of blocking buffer was added and plates incubated 5 mins at room temperature. Plates were washed 4x with H2O and 100 muL/well of developing reagent was added (Super AquaBlue ELISA Substrate, eBioscience). Plates were monitored at OD405 using an ELISA plate reader (BioTek) and reading was stopped when the 3H9 positive control reached an OD405 of ~3.0. Average OD405 of TBS-only wells was subtracted from mAb-containing wells for analysis. mAbs were considered polyreactive if they bound two or more antigens with an OD405 of >=0.5 at a concentration of <= 1 mug/mL."
R257f05eb8c,PMC5790183,112019024,Lactobacillus rhamnosus GG,Species,start,Galactose-Rich Exopolysaccharide,Chemical,lactobacillus rhamnosus gg,galactose-rich exopolysaccharide,"('Lactobacillus rhamnosus GG', 'Galactose-Rich Exopolysaccharide')","('Species', 'Chemical')",['start'],1,False,True,False,False,False,False,,1,1,"Identification of a Gene Cluster for the Biosynthesis of a Long, Galactose-Rich Exopolysaccharide in Lactobacillus rhamnosus GG and Functional Analysis of the Priming Glycosyltransferase"
R00b5032932,PMC3645302,112019048,E. coli K12,Species,increase,Cif,Chemical,e. coli k12,cif,"('E. coli K12', 'Cif')","('Species', 'Chemical')",['increase'],1,False,True,False,False,False,False,,5,1,"We hypothesized that E. coli NC101 has carcinogenic capabilities not shared by E. faecalis. Several members of the family Enterobacteriaceae, including select E. coli strains of B2 phylotype, harbor a ~54kb polyketide synthases (pks) pathogenicity island that encodes multi-enzymatic machinery for synthesizing a peptide-polyketide hybrid genotoxin named Colibactin. A bioinformatics BLAST search of the E. coli NC101 genome (accession NZ_AEFA00000000) revealed the presence of pks and the absence of other known E. coli genotoxins Cif, CNF and CDT. Using PCR and sequencing, we detected the pks island in E. coli NC101, but not E. faecalis or non-colitogenic E. coli K12 (Fig 3A). To determine if E. coli pks is associated with human CRC or IBD, we screened mucosa-associated E. coli strains isolated from colorectal tissue specimens of 35 patients with IBD, 21 with CRC, and 24 non-IBD/non-CRC controls. CRC specimens could not be obtained from IBD-associated CRC patients as these patients typically undergo colectomy upon diagnosis of dysplasia. Although 5 of the 24 (20.8%) non-IBD/non-CRC controls harbored pks+ E. coli, the genotoxic island was detected in 14 of 35 (40%, p<0.05) IBD patients and in 14 of 21 (66.7%, p<0.001) CRC patients (Figure 3B, Table S3). This suggests pks+ bacteria are associated with chronic intestinal inflammation and CRC and may impact carcinogenesis."
R6a2b12bda4,PMC6108420,112019084,Akkermansia muciniphila,Species,worsen,amoxicillin,Chemical,akkermansia muciniphila,amoxicillin,"('Akkermansia muciniphila', 'amoxicillin')","('Species', 'Chemical')",['worsen'],1,False,True,False,False,False,False,,5,1,"Having demonstrated that many human-targeted drugs inhibit gut bacteria in vitro at relevant doses, we searched for evidence that such effects manifest in vivo in the human gut. We reviewed all available clinical cohort data from metagenomics association studies and compared it to our screen if studies had enough statistical power and affected taxa overlapped with those tested here. We found suitable studies for PPIs, AAPs, and 7 further drugs, spanning altogether 5 different drug classes according to Anatomical Therapeutic Chemical (ATC) classification. All three PPI representatives in our screen exhibited broad anticommensal activity similar to microbiome changes occurring in patients taking PPIs (Fig. 3a): taxa with reduced abundance in patients exhibited reduced growth in our screen and enriched taxa in patients were rarely inhibited by PPIs in vitro (ED Fig. 7a). This suggests that PPIs directly influence the gut microbiome composition, in addition to changing the stomach pH and thus, which bacteria reach the gut. Concordance was similarly high for many microbe-drug associations identified in a large Flemish cohort for the immunosuppressive azathioprine, the antidepressant venlafaxine, the anti-inflammatory mesalazine, aminosalicylate, progesterone, estrogens and amoxicillin; the only exception was another antibiotic, nitrofurantoin (ED Fig. 7b-c). We also compared our data to a study reporting lower Akkermansia levels after treatment with AAPs. Our screen included 6/10 AAPs investigated in this study. Akkermansia muciniphila was significantly more sensitive to these AAPs than other strains (p = 0.09; one-sided Wilcoxon rank sum test), while being more resistant to other human-targeted drugs (p = 0.0005, one-sided Wilcoxon rank sum test; ED Fig. 7d). Finally, we found high concordance between a longitudinal microbiome study of patients taking metformin and our IC25 data for the same drug (ED Fig. 4b)."
R6640159001,PMC6108420,112019097,of 10,Species,Interacts_with,dimethyl sulfoxide,Chemical,of 10,dimethyl sulfoxide,"('of 10', 'dimethyl sulfoxide')","('Species', 'Chemical')",['Interacts_with'],1,False,True,False,False,False,False,,3,1,"The Prestwick Chemical Library was purchased from Prestwick Chemical Inc. (Illkirch, France) with compounds coming dissolved in dimethyl sulfoxide (DMSO) at a concentration of 10 mM. Compounds were re-arrayed to redistribute the DMSO control wells in each plate and to minimize the total number of 96- and 384- well plates (4 x 384-well plates or 14 x 96-well plates). At the same time, drugs were diluted to a concentration of 2 mM to facilitate further aliquoting, and these plates were stored at -30 C. For each experimental batch (10 replicates in 96-well plates; 20 replicates in 384-well plates) we prepared drug plates in the respective growth medium (2x for 96-well plates, 1x for 384-well plates), and stored at -30 C until use (max 2 months). Before inoculation, plates were thawed and pre-reduced in the anaerobic chamber overnight. The Biomek FXP (Beckman Coulter) liquid handling system was used for all rearranging and aliquoting of the library compounds."
R21e0c04a50,PMC6108420,112019097,of 10,Species,Interacts_with,DMSO,Chemical,of 10,dmso,"('of 10', 'DMSO')","('Species', 'Chemical')",['Interacts_with'],1,False,True,False,False,False,False,,3,1,"The Prestwick Chemical Library was purchased from Prestwick Chemical Inc. (Illkirch, France) with compounds coming dissolved in dimethyl sulfoxide (DMSO) at a concentration of 10 mM. Compounds were re-arrayed to redistribute the DMSO control wells in each plate and to minimize the total number of 96- and 384- well plates (4 x 384-well plates or 14 x 96-well plates). At the same time, drugs were diluted to a concentration of 2 mM to facilitate further aliquoting, and these plates were stored at -30 C. For each experimental batch (10 replicates in 96-well plates; 20 replicates in 384-well plates) we prepared drug plates in the respective growth medium (2x for 96-well plates, 1x for 384-well plates), and stored at -30 C until use (max 2 months). Before inoculation, plates were thawed and pre-reduced in the anaerobic chamber overnight. The Biomek FXP (Beckman Coulter) liquid handling system was used for all rearranging and aliquoting of the library compounds."
Rbfbdfc1043,PMC6108420,112019116,Akkermansia,Species,affects,rabeprazole,Chemical,akkermansia,rabeprazole,"('Akkermansia', 'rabeprazole')","('Species', 'Chemical')",['affects'],1,False,True,False,False,False,False,,6,1,"a. Association coefficients between PPI usage and relative taxonomical abundance in fecal microbiomes of PPI users from two studies (twins, UK cohort - green; and 3 independent cohorts from the Netherlands - blue) (left) are compared to in vitro growth inhibition of isolates with same taxonomic rank in the presence of PPIs (omeprazole, lansoprazole and rabeprazole) as accessed by FDR adjusted p-values (q-values) in our screen (right). Point size in the left panel corresponds to the q-value as reported in the original study. Reduced taxa in patients (negative association coefficient, left to vertical black line) were mostly inhibited by PPIs in our screen (q-value below 0.01, left to vertical black line), while enriched taxa were insensitive to PPIs. Box plots show: centre line, median; box limits, upper and lower quartiles; whiskers, 1.5x interquartile range; points, outliers. For fewer than 10 data points, all points are shown individually. b. Spearman correlation coefficients between association coefficients of fecal microbiome composition after consumption of amoxicillin or azathioprine and the screen p-values. The histogram represents the background distribution of correlations between the in vitro data for all human-targeted drugs and the in vivo response to these drugs; correlations with amoxicillin/azathioprine are highlighted by triangles c. Comparisons between association coefficients and drugs from different therapeutic classes as assessed by Falony et al.  and our in vitro data. d. A bipolar disease cohort study reported a significantly decrease in abundance of Akkermansia upon atypical antipsychotics (AAP) treatment. Comparing distributions of adjusted p-values from our screen for different strains, Akkermansia muciniphila was significantly more sensitive than all other strains to antipsychotics in general and APP in particular (p = 0.02 and p = 0.09, one-sided Wilcoxon rank sum test). In contrast, A. muciniphila is relatively more resistant than other strains across all human-targeted drugs (p = 0.0005, one-sided Wilcoxon rank sum test). Violin plot shows estimated density of points with the estimated median as vertical bar. For fewer than 10 data points, all points are also shown individually."
R2eff6c55b3,PMC6108420,112019116,A. muciniphila,Species,affects,omeprazole,Chemical,a. muciniphila,omeprazole,"('A. muciniphila', 'omeprazole')","('Species', 'Chemical')",['affects'],1,False,True,False,False,False,False,,6,1,"a. Association coefficients between PPI usage and relative taxonomical abundance in fecal microbiomes of PPI users from two studies (twins, UK cohort - green; and 3 independent cohorts from the Netherlands - blue) (left) are compared to in vitro growth inhibition of isolates with same taxonomic rank in the presence of PPIs (omeprazole, lansoprazole and rabeprazole) as accessed by FDR adjusted p-values (q-values) in our screen (right). Point size in the left panel corresponds to the q-value as reported in the original study. Reduced taxa in patients (negative association coefficient, left to vertical black line) were mostly inhibited by PPIs in our screen (q-value below 0.01, left to vertical black line), while enriched taxa were insensitive to PPIs. Box plots show: centre line, median; box limits, upper and lower quartiles; whiskers, 1.5x interquartile range; points, outliers. For fewer than 10 data points, all points are shown individually. b. Spearman correlation coefficients between association coefficients of fecal microbiome composition after consumption of amoxicillin or azathioprine and the screen p-values. The histogram represents the background distribution of correlations between the in vitro data for all human-targeted drugs and the in vivo response to these drugs; correlations with amoxicillin/azathioprine are highlighted by triangles c. Comparisons between association coefficients and drugs from different therapeutic classes as assessed by Falony et al.  and our in vitro data. d. A bipolar disease cohort study reported a significantly decrease in abundance of Akkermansia upon atypical antipsychotics (AAP) treatment. Comparing distributions of adjusted p-values from our screen for different strains, Akkermansia muciniphila was significantly more sensitive than all other strains to antipsychotics in general and APP in particular (p = 0.02 and p = 0.09, one-sided Wilcoxon rank sum test). In contrast, A. muciniphila is relatively more resistant than other strains across all human-targeted drugs (p = 0.0005, one-sided Wilcoxon rank sum test). Violin plot shows estimated density of points with the estimated median as vertical bar. For fewer than 10 data points, all points are also shown individually."
Rfa094b4719,PMC6108420,112019116,A. muciniphila,Species,worsen,azathioprine,Chemical,a. muciniphila,azathioprine,"('A. muciniphila', 'azathioprine')","('Species', 'Chemical')",['worsen'],1,False,True,False,False,False,False,,6,1,"a. Association coefficients between PPI usage and relative taxonomical abundance in fecal microbiomes of PPI users from two studies (twins, UK cohort - green; and 3 independent cohorts from the Netherlands - blue) (left) are compared to in vitro growth inhibition of isolates with same taxonomic rank in the presence of PPIs (omeprazole, lansoprazole and rabeprazole) as accessed by FDR adjusted p-values (q-values) in our screen (right). Point size in the left panel corresponds to the q-value as reported in the original study. Reduced taxa in patients (negative association coefficient, left to vertical black line) were mostly inhibited by PPIs in our screen (q-value below 0.01, left to vertical black line), while enriched taxa were insensitive to PPIs. Box plots show: centre line, median; box limits, upper and lower quartiles; whiskers, 1.5x interquartile range; points, outliers. For fewer than 10 data points, all points are shown individually. b. Spearman correlation coefficients between association coefficients of fecal microbiome composition after consumption of amoxicillin or azathioprine and the screen p-values. The histogram represents the background distribution of correlations between the in vitro data for all human-targeted drugs and the in vivo response to these drugs; correlations with amoxicillin/azathioprine are highlighted by triangles c. Comparisons between association coefficients and drugs from different therapeutic classes as assessed by Falony et al.  and our in vitro data. d. A bipolar disease cohort study reported a significantly decrease in abundance of Akkermansia upon atypical antipsychotics (AAP) treatment. Comparing distributions of adjusted p-values from our screen for different strains, Akkermansia muciniphila was significantly more sensitive than all other strains to antipsychotics in general and APP in particular (p = 0.02 and p = 0.09, one-sided Wilcoxon rank sum test). In contrast, A. muciniphila is relatively more resistant than other strains across all human-targeted drugs (p = 0.0005, one-sided Wilcoxon rank sum test). Violin plot shows estimated density of points with the estimated median as vertical bar. For fewer than 10 data points, all points are also shown individually."
Reec5ab5a7a,PMC8346519,112019134,Enterococcus faecalis,Species,decrease,corticosterone,Chemical,enterococcus faecalis,corticosterone,"('Enterococcus faecalis', 'corticosterone')","('Species', 'Chemical')",['decrease'],1,False,True,False,False,False,False,,5,1,"Social interactions among animals mediate essential behaviours, including mating, nurturing, and defence. The gut microbiota contribute to social activity in mice, but the gut-brain connections that regulate this complex behaviour and its underlying neural basis are unclear. Here we show that the microbiome modulates neuronal activity in specific brain regions of male mice to regulate canonical stress responses and social behaviours. Social deviation in germ-free and antibiotic-treated mice is associated with elevated levels of the stress hormone corticosterone, which is primarily produced by activation of the hypothalamus-pituitary-adrenal (HPA) axis. Adrenalectomy, antagonism of glucocorticoid receptors, or pharmacological inhibition of corticosterone synthesis effectively corrects social deficits following microbiome depletion. Genetic ablation of glucocorticoid receptors in specific brain regions or chemogenetic inactivation of neurons in the paraventricular nucleus of the hypothalamus that produce corticotrophin-releasing hormone (CRH) reverse social impairments in antibiotic-treated mice. Conversely, specific activation of CRH-expressing neurons in the paraventricular nucleus induces social deficits in mice with a normal microbiome. Via microbiome profiling and in vivo selection, we identify a bacterial species, Enterococcus faecalis, that promotes social activity and reduces corticosterone levels in mice following social stress. These studies suggest that specific gut bacteria can restrain the activation of the HPA axis, and show that the microbiome can affect social behaviours through discrete neuronal circuits that mediate stress responses in the brain."
Rce1971f5ea,PMC8346519,112019193,E. faecalis,Species,affects,ABX,Chemical,e. faecalis,abx,"('E. faecalis', 'ABX')","('Species', 'Chemical')",['affects'],1,False,True,False,False,False,False,,6,1,"Gut microbiota were depleted in adult C57BL/6J male mice (8-12 weeks) by treatment with ABX for 3 weeks as described above. Three weeks after ABX treatment, mice were given 6 inoculums of 1 x 108 CFU each of E. faecalis (ATCC 19433) by oral gavage (2x per week). ABX water was replaced by sterilized regular drinking water during the period of gavage with E. faecalis. Control ABX-treated mice and vehicle-treated mice were given 6 oral gavages with 1.5% sodium bicarbonate in PBS (control buffer), which was the same buffer used for E. faecalis gavage. The reciprocal social interaction tested was performed before (first) and after gavage with E. faecalis or control buffer (second) (Fig. 4h). The subject mouse was placed in a novel sterilized cage without bedding for a five-minute acclimation period. After the second social interaction test, mice were left in the testing cage for one hour before blood collection. Cardiac puncture blood collection was performed one hour after social interaction. Bacterial genomic DNA from faecal samples was isolated using a commercial kit (Quick-DNA fecal microbe kits, Zymo Research) following the manufacturer's instructions, and the relative densities of bacteria were determined by qPCR using E. faecalis-specific primers: forward 5'- CCCTTATTGTTAGTTGCCATCATT-3', reverse 5'- ACTCGTTGTACTTCCCATTGT-3'."
Rde579d76e9,PMC8346519,112019193,E. faecalis,Species,decrease,sodium bicarbonate,Chemical,e. faecalis,sodium bicarbonate,"('E. faecalis', 'sodium bicarbonate')","('Species', 'Chemical')",['decrease'],1,False,True,False,False,False,False,,6,1,"Gut microbiota were depleted in adult C57BL/6J male mice (8-12 weeks) by treatment with ABX for 3 weeks as described above. Three weeks after ABX treatment, mice were given 6 inoculums of 1 x 108 CFU each of E. faecalis (ATCC 19433) by oral gavage (2x per week). ABX water was replaced by sterilized regular drinking water during the period of gavage with E. faecalis. Control ABX-treated mice and vehicle-treated mice were given 6 oral gavages with 1.5% sodium bicarbonate in PBS (control buffer), which was the same buffer used for E. faecalis gavage. The reciprocal social interaction tested was performed before (first) and after gavage with E. faecalis or control buffer (second) (Fig. 4h). The subject mouse was placed in a novel sterilized cage without bedding for a five-minute acclimation period. After the second social interaction test, mice were left in the testing cage for one hour before blood collection. Cardiac puncture blood collection was performed one hour after social interaction. Bacterial genomic DNA from faecal samples was isolated using a commercial kit (Quick-DNA fecal microbe kits, Zymo Research) following the manufacturer's instructions, and the relative densities of bacteria were determined by qPCR using E. faecalis-specific primers: forward 5'- CCCTTATTGTTAGTTGCCATCATT-3', reverse 5'- ACTCGTTGTACTTCCCATTGT-3'."
R5c145809b2,PMC8346519,112019265,E.f,Species,affects,corticosterone,Chemical,e.f,corticosterone,"('E.f', 'corticosterone')","('Species', 'Chemical')",['affects'],1,False,True,False,False,False,False,,2,1,"a, Timeline schematics for b, c, f (left) and d, e, g (right). b, Social activity in mice treated with various antibiotic combinations (see main text). c, Serum corticosterone levels after social interaction in AVM- and AVNM-treated mice. d, Social activity in GF mice receiving faecal transplants from AVNM- or AVM-treated donor mice. e, Serum corticosterone levels in GF mice receiving faecal transplants from AVNM- or AVM-treated donor mice. f, Composition of bacteria (at family level) in faeces from AVNM- and AVM-treated donor mice. g, Enterococcus loads in faecal pellets from GF mice that received faecal transplants from AVNM- and AVM-treated donor mice. Red dashed line, lower limit of quantification (LLOQ). h, Timeline schematic depicts two rounds of RSI (first, baseline 3-week ABX effects; second, 3-week E.f. colonization effects). ABX mice colonized with E. faecalis (ABX + E.f.). Control buffer was given to vehicle (VEH + Ctrl) and ABX (ABX + Ctrl) mice. i, Social activity in VEH + Ctrl, ABX + Ctrl and ABX + E.f. mice. j, Serum corticosterone levels in ABX + Ctrl mice after second RSI. Data shown as individual points with mean +- s.e.m. from at least two independent trials. n = b, c, 8; d, e, 12 GF-AVNM, 14 GF-AVM; g, 11 GF-AVM, 9 GF-AVNM; i, 8 VEH, 8 ABX, 7 ABX + E.f.; j, 7 VEH + Ctrl, 8 ABX + Ctrl,7 ABX + E.f. mice per group. One-way ANOVA (b, j), two-way ANOVA with repeated measures (i) with Bonferroni multiple comparison test; two-tailed unpaired t-test (c-e). NS, not significant."
Re8511067f0,PMC4268032,112019281,Escherichia coli,Species,increase,streptomycin,Chemical,escherichia coli,streptomycin,"('Escherichia coli', 'streptomycin')","('Species', 'Chemical')",['increase'],1,False,True,False,False,False,False,,7,1,"Bone marrow derived macrophages (BMDMs) were generated by culturing bone marrow cells in L-cell-conditioned IMDM medium supplemented with 10% FBS, 1% nonessential amino acid, and 1% penicillin-streptomycin for 5 days. BMDMs were seeded in 12-well cell culture plates and cultured overnight. To evaluate IL-1beta production, BMDMs were primed with 2 mug/ml ultrapure Escherichia coli-derived LPS (Invivogen) for 3 hours followed by 5 mM ATP (Sigma-Aldrich) for an additional 30 min. To measure IL-1beta processing and production in response to stimulation with LPS+silica, cells were first primed with 2 mug/ml ultrapure Escherichia coli-derived LPS (Invivogen) for 3 hours and then were further activated with 500 mug/ml Min-U-Sil-5 silica (US Silica) for an additional 5-12 hours."
R03aff3b1ff,PMC4268032,112019281,Escherichia coli,Species,Interacts_with,IMDM medium,Chemical,escherichia coli,imdm medium,"('Escherichia coli', 'IMDM medium')","('Species', 'Chemical')",['Interacts_with'],2,True,True,False,False,False,False,,7,1,"Bone marrow derived macrophages (BMDMs) were generated by culturing bone marrow cells in L-cell-conditioned IMDM medium supplemented with 10% FBS, 1% nonessential amino acid, and 1% penicillin-streptomycin for 5 days. BMDMs were seeded in 12-well cell culture plates and cultured overnight. To evaluate IL-1beta production, BMDMs were primed with 2 mug/ml ultrapure Escherichia coli-derived LPS (Invivogen) for 3 hours followed by 5 mM ATP (Sigma-Aldrich) for an additional 30 min. To measure IL-1beta processing and production in response to stimulation with LPS+silica, cells were first primed with 2 mug/ml ultrapure Escherichia coli-derived LPS (Invivogen) for 3 hours and then were further activated with 500 mug/ml Min-U-Sil-5 silica (US Silica) for an additional 5-12 hours."
R03aff3b1ff,PMC4268032,112019281,Escherichia coli,Species,Interacts_with,IMDM medium,Chemical,escherichia coli,imdm medium,"('Escherichia coli', 'IMDM medium')","('Species', 'Chemical')",['Interacts_with'],2,True,True,False,False,False,False,,7,1,"Bone marrow derived macrophages (BMDMs) were generated by culturing bone marrow cells in L-cell-conditioned IMDM medium supplemented with 10% FBS, 1% nonessential amino acid, and 1% penicillin-streptomycin for 5 days. BMDMs were seeded in 12-well cell culture plates and cultured overnight. To evaluate IL-1beta production, BMDMs were primed with 2 mug/ml ultrapure Escherichia coli-derived LPS (Invivogen) for 3 hours followed by 5 mM ATP (Sigma-Aldrich) for an additional 30 min. To measure IL-1beta processing and production in response to stimulation with LPS+silica, cells were first primed with 2 mug/ml ultrapure Escherichia coli-derived LPS (Invivogen) for 3 hours and then were further activated with 500 mug/ml Min-U-Sil-5 silica (US Silica) for an additional 5-12 hours."
R4d4b856834,PMC4268032,112019281,Escherichia coli,Species,Interacts_with,penicillin,Chemical,escherichia coli,penicillin,"('Escherichia coli', 'penicillin')","('Species', 'Chemical')",['Interacts_with'],1,False,True,False,False,False,False,,7,1,"Bone marrow derived macrophages (BMDMs) were generated by culturing bone marrow cells in L-cell-conditioned IMDM medium supplemented with 10% FBS, 1% nonessential amino acid, and 1% penicillin-streptomycin for 5 days. BMDMs were seeded in 12-well cell culture plates and cultured overnight. To evaluate IL-1beta production, BMDMs were primed with 2 mug/ml ultrapure Escherichia coli-derived LPS (Invivogen) for 3 hours followed by 5 mM ATP (Sigma-Aldrich) for an additional 30 min. To measure IL-1beta processing and production in response to stimulation with LPS+silica, cells were first primed with 2 mug/ml ultrapure Escherichia coli-derived LPS (Invivogen) for 3 hours and then were further activated with 500 mug/ml Min-U-Sil-5 silica (US Silica) for an additional 5-12 hours."
R2f1e8941d1,PMC8050837,112019346,E. coli,Species,affects,EDTA,Chemical,e. coli,edta,"('E. coli', 'EDTA')","('Species', 'Chemical')",['affects'],1,False,True,False,False,False,False,,4,1,"E. coli cells were grown overnight on an LB agar plate. A single colony from the plate was inoculated into 800mL of LB broth supplemented with 40 mL of 1M potassium phosphate buffer and 40 mL of 20% glucose solution. Cells were grown for 7 hours to an OD of 1.1. Cultured cells were fixed for 1.5 hours by the addition of 800 mL of 2% freshly made formaldehyde. Fixed cells were aliquoted into 50mL tubes, concentrated by centrifugation at 4000 RPM for 15 minutes, resuspended in 1X PBS (1 mL per tube), and pooled together into two 50 mL tubes (~16 mL of E. coli suspension each). Cell suspensions were washed 3 times in 1X PBS (50 mL per wash per tube), suspended in 50% ethanol, and stored at -20 C until use. Before the encoding hybridization experiment, cell suspension were treated with lysozyme solution (10 mg/mL in 10 mM Tris-HCl, pH 8) for 30 minutes at 37 C, washed once with 1X PBS, and resuspended in 50% EtOH. Every 9.9 mL of encoding hybridization buffer includes 4 mL of cell suspension resuspended in 5.8 mL of Ultrapure water, 1 mL of 20X SSC, 1 mL of Denhardt's solution, 2 mL of ethylene carbonate, and 100 muL of 1% SDS. Encoding hybridization buffers were aliquoted into 1.5 mL Eppendorf tubes at 99 muL per tube. Finally, 1 muL of the encoding probe for a barcode was added to each tube. The encoding hybridization suspension was briefly vortexed, incubated at 46 C for 4 hours, washed once in Washing Buffer (215 mM NaCl, 20 mM Tris-HCl, 20 mM EDTA) for 15 minutes at 48 C, washed twice in PBS, and resuspended in 100 muL of 50% EtOH. The 1023-plex synthetic community of barcoded E. coli was generated by mixing together 1 muL of each barcoded E. coli stock. The titrated community was generated first by dividing the 1023 barcodes into 8 groups (7 communities with 128 barcodes each, and one community with 127 barcodes). Each 128-plex or 127-plex titration community was generated by mixing together a variable amount of barcoded E. coli stock. All synthetic community mixes were resuspended in 100 muL of 50% EtOH."
R8c3cac7e82,PMC8050837,112019354,E. coli,Species,affects,Alexa 488,Chemical,e. coli,alexa 488,"('E. coli', 'Alexa 488')","('Species', 'Chemical')",['affects'],1,False,True,False,False,False,False,,1,1,"a, Classification frequency as a function of hamming distance for all 1023 barcodes. Insets show barcodes with detectable error (in orange) and an example of a barcode with no detectable error (in blue). b & c, Photon counting measurements for Alexa 488 for each pixel (b) and across each cell (c). d, Signal-to-noise ratio calculated using Poisson statistics for the E. coli cells under nominal experimental imaging conditions. e, Simulated classification error as a function of ribosomal density within individual cells. In (b) and (c), the center lines show the median value, the bounds of the boxes correspond to 25th and 75th percentile, and the whiskers extend to 1.5 interquartile range."
R2274bf6010,PMC8712374,112019383,CD8,Species,affects,bile acids,Chemical,cd8,bile acids,"('CD8', 'bile acids')","('Species', 'Chemical')",['affects'],1,False,True,False,False,False,False,,7,1,"Novel therapeutics could use bacterial strains or purified pathogen-associated molecular patterns that function as Toll-like receptor (TLR) agonists to trigger local immune responses in patients with low levels of TLR stimulation. In addition, levels of faecal and circulatory microbial metabolites that can affect tumour growth (SCFAs, secondary bile acids, vitamins and polyamines) could be used to assess metabolic health status before treatment and, in turn, influence a next generation of biotherapeutics, perhaps in combination with dietary intervention. A range of immune cell subsets (TH17 cells, T regulatory (Treg) type 1 cells, cytotoxic T lymphocytes, CD4+ cells, CD8+ cells) and cytokine abundances (TNF, IL-12, IL-22 through aryl hydrocarbon receptor (AHR) signalling) are affected by changes in the gut microbiota and might be modulated to influence cancer immunosurveillance. Measurements of such markers can also lead to the assessment of immune health of the patient and provide a target for intervention. These approaches will require detailed personalized multi-omic studies on large cohorts before they can be embraced in the clinic."
R420d7714a8,PMC8712374,112019396,Clostridium butyricum,Species,decrease,metformin,Chemical,clostridium butyricum,metformin,"('Clostridium butyricum', 'metformin')","('Species', 'Chemical')",['decrease'],1,False,True,False,False,False,False,,3,1,"Given the data supporting the connection between metformin administration and increased abundance of A. muciniphila and butyrate-producing microorganisms, a multicentre, double blind, randomized placebo-controlled trial studied the administration of these microorganisms in probiotic form in 76 patients with T2DM. There was a promising trend towards better glycaemic control in those who received a combination therapy synbiotic (A. muciniphila, Clostridium beijerinckii, Clostridium butyricum, Bifidobacterium infantis, Anaerobutyricum hallii and inulin) versus placebo, although the small population and short follow-up (12 weeks) leave it unclear whether this approach might be beneficial in the long-term for T2DM. Trials to expand on this finding and studies using similar targeted microbiome approaches for diabetes management should help to push treatment of this condition further into precision medicine in the future."
Rebd8f509ac,PMC8712374,112019401,E. faecalis,Species,affects,metformin,Chemical,e. faecalis,metformin,"('E. faecalis', 'metformin')","('Species', 'Chemical')",['affects'],1,False,True,False,False,False,False,,8,1,"Metformin, which is commonly used to treat T2DM, is also used in management of NAFLD, with animal studies supporting the efficacy of metformin in this setting and human data showing improvement in liver function tests but not in histological response. As outlined earlier, a successful response to metformin seems to be driven, at least in part, by the gut microbiome. The mechanistic connections between NAFLD and the gut microbiome have led to studies exploring potential microbiota-based therapeutics. FMT has shown promise in animal studies and preliminary human data also suggest improvement of hepatic steatosis and abnormal intestinal permeability after FMT. Ongoing clinical trials will better clarify the efficacy and safety of these procedures. Probiotic administration has also shown some promise with regard to improving steatosis and markers of liver inflammation. However, the composition of these probiotic formulations have been variable, complicating their clinical recommendation at this point. A study in germ-free mice colonized with faeces from two cytolysin-positive patients with alcoholic hepatitis showed therapeutic benefit with bacteriophages that target cytolytic E. faecalis and it remains to be seen whether similar approaches might also be useful in NAFLD. Other novel microbiome therapeutics focused on alleviating sources of liver toxicity from the microbiota seem promising but are in an early stage (TABLE 1)."
Ra25cbb0204,PMC8712374,112019403,Escherichia fergusonii,Species,Interacts_with,trimethylamine,Chemical,escherichia fergusonii,trimethylamine,"('Escherichia fergusonii', 'trimethylamine')","('Species', 'Chemical')",['Interacts_with'],1,False,True,False,False,False,False,,4,1,"An early advance in the field of gut microbiome research was the identification of elevated plasma levels of the metabolite trimethylamine-N-oxide (TMAO) as a risk factor for CVD. TMAO is produced in the liver by action of flavin monooxygenase 3 using the bacterial metabolite trimethylamine (TMA) as a substrate. TMA originates from the bacterial conversion of choline, phosphatidylcholine or l-carnitine. The mechanistic role of TMAO based on animal studies suggests it is likely a major driver of atherosclerotic plaques and high plasma l-carnitine levels are associated with decreased event-free survival from cardiovascular events only when there is a concurrent increase in TMAO levels, suggesting that TMAO is the likely driver of cardiovascular risks in humans. The mechanisms by which TMAO contributes to CVD include its effect on foam cells and endothelial cells, vascular inflammation, atherosclerotic lesions, fibrosis, and enhanced platelet aggregation and thrombosis. Specific gut microorganisms, including Proteus mirabilis, Proteus penneri and Escherichia fergusonii, are known to produce TMA in vitro and in animal models. However, because of considerable inter-strain diversity, the abundance of the genes responsible for TMA production, namely cutC/D or cntA, in the human gut microbiome might have larger predictive promise than levels of specific taxa."
R860019e0c3,PMC8712374,112019404,Eubacterium rectale,Species,start,SCFAs acetate,Chemical,eubacterium rectale,scfas acetate,"('Eubacterium rectale', 'SCFAs acetate')","('Species', 'Chemical')",['start'],1,False,True,False,False,False,False,,6,1,"In addition, atherosclerotic CVD in humans was also linked to a reduced functional capacity for microbial fermentation of the gut microbiota as well as to an elevated abundance of the bacterial taxa Enterobacteriaceae and Streptococcus. Other microbiota-derived metabolites that correlate with lowering of blood pressure are the SCFAs acetate and butyrate. A reduced abundance of SCFA producers, such as Eubacterium rectale, Dorea longicatena, Clostridium clostridioforme and F. prausnitzii, has been associated with the development of heart failure in humans."
R4eba6eb008,PMC8712374,112019418,F. prausnitzii,Species,affects,nitrate,Chemical,f. prausnitzii,nitrate,"('F. prausnitzii', 'nitrate')","('Species', 'Chemical')",['affects'],1,False,True,False,False,False,False,,6,1,"The overall expansion of Enterobacteriaceae in IBD is likely due to changes to the nutritional landscape of the gut such as elevated host production of N-acetyl ethanolamine signalling lipids, which can be exploited by Enterobacteriaceae. In addition, bacterial nitrogen metabolism is linked to Enterobacteriaceae expansion though the production of ureases and the availability of nitrate in an inflammatory environment, which can fuel anaerobic respiration of Enterobacteriaceae. An increased abundance of Proteobacteria might not necessarily be the inciting event in IBD and could result from a combination of host genetic predisposition as well as dietary and environmental exposures. However, Proteobacteria do contain highly immunogenic LPS, which in itself can trigger an inflammatory response. This feedforward mechanism might serve to perpetuate inflammation and allow Proteobacteria to thrive while at the same time excluding bacteria such as F. prausnitzii, which does not fare well in an inflammatory milieu. This hypothesis is supported, in part, by the observation that IBD treatment with TNF inhibitors is associated with restoration of a more diverse gut microbiome in paediatric patients with Crohn's disease. Besides LPS, several other bacterial components and metabolites have also been implicated in IBD such as higher levels of polyamines and ATP and lower levels of secondary bile acids and butyrate."
R2e9e13439e,PMC8712374,112019546,Eggerthella lenta,Species,affects,digoxin,Chemical,eggerthella lenta,digoxin,"('Eggerthella lenta', 'digoxin')","('Species', 'Chemical')","['increase', 'affects']",2,True,True,False,False,False,False,,1,1,Mechanistic insight into digoxin inactivation by Eggerthella lenta augments our understanding of its pharmacokinetics
R87f9789146,PMC9035980,112019642,Faecalibacterium prausnitzii,Species,start,exopolysaccharides,Chemical,faecalibacterium prausnitzii,exopolysaccharides,"('Faecalibacterium prausnitzii', 'exopolysaccharides')","('Species', 'Chemical')",['start'],1,False,True,False,False,False,False,,7,1,"Several microbial metabolites, including SCFAs, are anti-inflammatory but other microbially derived macromolecules, such as exopolysaccharides, also downregulate gut inflammation. Depletion of taxa that have anti-inflammatory properties, such as Faecalibacterium prausnitzii, was highlighted in early reports of gut microbiome alterations in patients with inflammatory bowel disease. The anti-inflammatory effects of this anaerobe have been attributed to secreted peptides, salicylic acid and even the bacterial quorum-sensing molecule N-acyl homoserine lactone."
Rf814240630,PMC9035980,112019669,A. muciniphila,Species,Interacts_with,butyrate,Chemical,a. muciniphila,butyrate,"('A. muciniphila', 'butyrate')","('Species', 'Chemical')","['start', 'Interacts_with']",2,True,True,False,False,False,False,,7,1,"In apparently healthy older people, the loss of prominent butyrate producers belonging to Group 1, such as Faecalibacterium, Roseburia, Coprococcus and Eubacterium spp. (especially E. rectale), typically associated with health in younger individuals, is less severe. The benefits of prolonged retention of a 'youth-like' microbiota have been further shown in a large-scale mouse study where faecal microbiota transplantation (FMT) from young mice reversed ageing-linked deterioration in peripheral and brain immunity and attenuated selected age-associated impairments in cognitive behaviour in aged mice. Furthermore, studies on humans have observed that, in apparently healthy older people, the loss of Group 1 members is compensated for by the gain of alternate butyrate-producing Group 3 taxa such as Odoribacter, Butyricimonas, Butyrivibrio and Oscillospira (Tables 2,3). Butyrate is a potentially pivotal inhibitor of unhealthy ageing by virtue of multiple properties that delay the ageing host from shifting towards physiological decline. These properties include preventing inflammation (by multiple means, including acting as an energy source for colonocytes, improving barrier function and downregulating endocannabinoid-regulated adipogenesis), insulin resistance (by regulation of B1 cell activity), cancer onset (by acting as a histone deacetylase inhibitor and facilitating programmed cell death) and cognitive decline (by acting as a putative negative regulator of amyloidosis and neuro-inflammation). Besides the butyrate producers, multiple studies have associated the Group 3 member Akkermansia (especially the species Akkermansia muciniphila) with beneficial traits (some causally using preclinical studies), including facilitating the growth of butyrate producers (by producing acetate), which results in reduced loss of colonic bilayer (thereby reducing inflammation), reduced activation of B1a cells (thereby preventing insulin resistance), prevention of cellular senescence (tryptophan mediated as well as through modulation of bile acid profiles), ameliorating progeroid symptoms as well as markedly reducing insulin resistance and the risk of cardiometabolic disease in humans with overweight or obesity. Surprisingly, A. muciniphila has also been reported as more abundant in faecal samples of patients with multiple sclerosis and Parkinson disease than of healthy individuals as controls. However, it is still uncertain whether the positive association of Akkermansia in these diseases is a cause or an effect of a variable host-specific immune response. Other Group 3 members, Barnesiellaceae and Christensenellaceae, have been associated with increased physical activity and are depleted in humans with sarcopenia, inflammation and mitochondrial DNA damage. Strains belonging to the family Odoribacteriaceae (related to another Group 3 member Odoribacter) were shown to produce a novel bile acid called isoallolithocholic acid, which was enriched in the faecal metabolome of centenarians and showed antimicrobial effects on multidrug-resistant pathogens, including Clostridioides difficile (Fig. 4). Further evidence for the microbiome basis of longevity comes from a study in Caenorhabditis elegans, where screening a mutant bank of E. coli identified 12 microbial genes associated with longevity, including those linked to colanic acid secretion, which in turn beneficially regulate mitochondrial gene transcription and the unfolded protein response by facilitating transcription of mitochondrial chaperone genes."
Rdc6bfa8c9d,PMC9035980,112019704,bifidobacterium longum,Species,Interacts_with,exopolysaccharide,Chemical,bifidobacterium longum,exopolysaccharide,"('bifidobacterium longum', 'exopolysaccharide')","('Species', 'Chemical')",['Interacts_with'],1,False,True,False,False,False,False,,1,1,The surface-associated exopolysaccharide of bifidobacterium longum 35624 plays an essential role in dampening host proinflammatory responses and repressing local TH17 responses
R8f2a49b892,PMC9035980,112019842,plum,Species,improve,anthocyanin,Chemical,plum,anthocyanin,"('plum', 'anthocyanin')","('Species', 'Chemical')",['improve'],1,False,True,False,False,False,False,,3,1,"Low anthocyanin plum nectar does not impact cognition, blood pressure and gut microbiota in healthy older adults: A randomized crossover trial"
Rfa79b5ae73,PMC6312102,112019887,black raspberry,Species,decrease,cyanidin-3-O-rutinoside,Chemical,black raspberry,cyanidin-3-o-rutinoside,"('black raspberry', 'cyanidin-3-O-rutinoside')","('Species', 'Chemical')",['decrease'],1,False,True,False,False,False,False,,10,1,"The antineoplastic potential of black raspberries has been studied for many years, identifying anthocyanins (cyanidin-3-O-glucoside, cyanidin-3-O-rutinoside and cyanidin 3-O-2G-xylosylrutinoside) as the most potent anticarcinogenic constituents, whereas ellagitannins have been identified as the key components of tumour suppression in red raspberries. These studies have shown that extracts suppressed colon tumour formation by up to 70% in the AOM rat cancer model. Studies in tumorigenic cell lines suggest that the mechanism involves the inhibition of proliferation, induction of apoptosis and the modulation of the expression of COX-2 and inducible nitric oxide synthase. Randomized controlled trials of black raspberries are now being performed in patients with a high risk of colon and oesophageal cancer. Preliminary findings of a phase 1b controlled clinical trial in 14 patients with familial adenomatous polyposis have been published, showing that supplementation of the diet for 9 months with 100 g black raspberry powder significantly (P <0.05) reduced the polyp burden and decreased staining of the mucosal proliferation biomarker Ki-67, compared with seven patients given placebo."
R20cc05e212,PMC6312102,112019894,Bilophila wadsworthia,Species,affects,taurine,Chemical,bilophila wadsworthia,taurine,"('Bilophila wadsworthia', 'taurine')","('Species', 'Chemical')","['part_of', 'affects']",2,True,True,False,False,False,False,,5,1,"Finally, a study in a mouse model deficient in IL-10 showed that a diet high in saturated fat cultivated a blossom of Bilophila wadsworthia in the colon, which released hydrogen sulfide from taurine-containing bile acids, leading to acute inflammation that might predispose to neoplastic change. Although hydrogen sulfide has been shown to be genotoxic in experimental cell lines, the study in IL-10 deficient mice, in which only saturated fat and not polyunsaturated fat stimulated the growth of B. wadsworthia, suggests that all fats might not be equal."
Rd6d3c6a90a,PMC6312102,112019911,Lactobacillus casei,Species,Interacts_with,acetate,Chemical,lactobacillus casei,acetate,"('Lactobacillus casei', 'acetate')","('Species', 'Chemical')",['Interacts_with'],1,False,True,False,False,False,False,,2,1,Epithelial cell proliferation arrest induced by lactate and acetate from Lactobacillus casei and Bifidobacterium breve
R9f24e330a6,PMC6312102,112019911,Lactobacillus casei,Species,Interacts_with,lactate,Chemical,lactobacillus casei,lactate,"('Lactobacillus casei', 'lactate')","('Species', 'Chemical')",['Interacts_with'],1,False,True,False,False,False,False,,2,1,Epithelial cell proliferation arrest induced by lactate and acetate from Lactobacillus casei and Bifidobacterium breve
R6105728a4e,PMC7841622,112020032,Drosophila,Species,affects,essential amino acids,Chemical,drosophila,essential amino acids,"('Drosophila', 'essential amino acids')","('Species', 'Chemical')",['affects'],1,False,True,False,False,False,False,,5,1,"An example of microbial regulation of food preferences has been shown in a study demonstrating that fruit flies fed a diet deficient in essential amino acids show preferential intake of amino acid-rich foods. These preferences are, however, blunted by the presence of both Acetobacter pomorum and lactobacilli. Of note, neither Acetobacter pomorum nor lactobacilli were capable of modulating food intake individually, suggesting that these microorganisms must work together to influence host behavior. Although the mechanisms driving food seeking behaviors in this model remain unclear, microbial modulation of neuronal TOR signaling has been previously proposed as an important mediator of nutrient balance and growth in Drosophila. In fruit flies exposed to a nutrient scarce environment, Lactobacillus plantarum can promote protein assimilation from the diet, resulting in increased production of branched-chain amino acids. These amino acids activate central nervous system (CNS) TOR kinase activity, resulting in the release of insulin-like peptides."
Rf10d89d179,PMC6813786,112020180,E. coli,Species,increase,carbon,Chemical,e. coli,carbon,"('E. coli', 'carbon')","('Species', 'Chemical')",['increase'],1,False,True,False,False,False,False,,6,1,"Priority effects occur when microorganisms either pre-empt or modify a given ecological niche and thereby alter the ability of subsequent microbial immigrants to colonize. For example, Bifidobacterium spp. consume a wide range of HMOs found in breast milk. Their arrival soon after birth likely depletes the intestinal lumen of these carbon sources, thereby limiting the ability of later species to colonize. Niche pre-emption necessarily results in the inhibition of later immigrants, but taxa that modify niches can either inhibit or facilitate later immigrants. For example, the gut commensal Bacteroides thetaiotaomicron liberates mucus-derived sugars such as fucose and sialic acid, which provide efficient carbon sources for late-arriving pathogens such as Clostridium difficile and Salmonella enterica subsp. enterica serovar Typhimurium. Similarly, some early colonizers such as E. coli deplete oxygen in the infant gut, facilitating subsequent colonization by obligate anaerobes such as Bacteroides spp. while making the environment less hospitable to facultative anaerobes."
Rac4a96b1ef,PMC6813786,112020180,Bacteroides thetaiotaomicron,Species,affects,sialic acid,Chemical,bacteroides thetaiotaomicron,sialic acid,"('Bacteroides thetaiotaomicron', 'sialic acid')","('Species', 'Chemical')",['affects'],1,False,True,False,False,False,False,,6,1,"Priority effects occur when microorganisms either pre-empt or modify a given ecological niche and thereby alter the ability of subsequent microbial immigrants to colonize. For example, Bifidobacterium spp. consume a wide range of HMOs found in breast milk. Their arrival soon after birth likely depletes the intestinal lumen of these carbon sources, thereby limiting the ability of later species to colonize. Niche pre-emption necessarily results in the inhibition of later immigrants, but taxa that modify niches can either inhibit or facilitate later immigrants. For example, the gut commensal Bacteroides thetaiotaomicron liberates mucus-derived sugars such as fucose and sialic acid, which provide efficient carbon sources for late-arriving pathogens such as Clostridium difficile and Salmonella enterica subsp. enterica serovar Typhimurium. Similarly, some early colonizers such as E. coli deplete oxygen in the infant gut, facilitating subsequent colonization by obligate anaerobes such as Bacteroides spp. while making the environment less hospitable to facultative anaerobes."
Rd399f84a3e,PMC6813786,112020180,Clostridium difficile,Species,Interacts_with,carbon,Chemical,clostridium difficile,carbon,"('Clostridium difficile', 'carbon')","('Species', 'Chemical')",['Interacts_with'],1,False,True,False,False,False,False,,6,1,"Priority effects occur when microorganisms either pre-empt or modify a given ecological niche and thereby alter the ability of subsequent microbial immigrants to colonize. For example, Bifidobacterium spp. consume a wide range of HMOs found in breast milk. Their arrival soon after birth likely depletes the intestinal lumen of these carbon sources, thereby limiting the ability of later species to colonize. Niche pre-emption necessarily results in the inhibition of later immigrants, but taxa that modify niches can either inhibit or facilitate later immigrants. For example, the gut commensal Bacteroides thetaiotaomicron liberates mucus-derived sugars such as fucose and sialic acid, which provide efficient carbon sources for late-arriving pathogens such as Clostridium difficile and Salmonella enterica subsp. enterica serovar Typhimurium. Similarly, some early colonizers such as E. coli deplete oxygen in the infant gut, facilitating subsequent colonization by obligate anaerobes such as Bacteroides spp. while making the environment less hospitable to facultative anaerobes."
R6a9e3f1252,PMC6813786,112020180,Bacteroides spp,Species,start,sugars,Chemical,bacteroides,sugars,"('Bacteroides spp', 'sugars')","('Species', 'Chemical')",['start'],1,False,True,False,False,False,False,,6,1,"Priority effects occur when microorganisms either pre-empt or modify a given ecological niche and thereby alter the ability of subsequent microbial immigrants to colonize. For example, Bifidobacterium spp. consume a wide range of HMOs found in breast milk. Their arrival soon after birth likely depletes the intestinal lumen of these carbon sources, thereby limiting the ability of later species to colonize. Niche pre-emption necessarily results in the inhibition of later immigrants, but taxa that modify niches can either inhibit or facilitate later immigrants. For example, the gut commensal Bacteroides thetaiotaomicron liberates mucus-derived sugars such as fucose and sialic acid, which provide efficient carbon sources for late-arriving pathogens such as Clostridium difficile and Salmonella enterica subsp. enterica serovar Typhimurium. Similarly, some early colonizers such as E. coli deplete oxygen in the infant gut, facilitating subsequent colonization by obligate anaerobes such as Bacteroides spp. while making the environment less hospitable to facultative anaerobes."
R31da73f941,PMC6813786,112020180,Bacteroides spp,Species,Interacts_with,sialic acid,Chemical,bacteroides,sialic acid,"('Bacteroides spp', 'sialic acid')","('Species', 'Chemical')",['Interacts_with'],1,False,True,False,False,False,False,,6,1,"Priority effects occur when microorganisms either pre-empt or modify a given ecological niche and thereby alter the ability of subsequent microbial immigrants to colonize. For example, Bifidobacterium spp. consume a wide range of HMOs found in breast milk. Their arrival soon after birth likely depletes the intestinal lumen of these carbon sources, thereby limiting the ability of later species to colonize. Niche pre-emption necessarily results in the inhibition of later immigrants, but taxa that modify niches can either inhibit or facilitate later immigrants. For example, the gut commensal Bacteroides thetaiotaomicron liberates mucus-derived sugars such as fucose and sialic acid, which provide efficient carbon sources for late-arriving pathogens such as Clostridium difficile and Salmonella enterica subsp. enterica serovar Typhimurium. Similarly, some early colonizers such as E. coli deplete oxygen in the infant gut, facilitating subsequent colonization by obligate anaerobes such as Bacteroides spp. while making the environment less hospitable to facultative anaerobes."
Rc9a677c6b5,PMC9554112,112020253,Enterobacter aerogenes,Species,Interacts_with,sulfides,Chemical,enterobacter aerogenes,sulfides,"('Enterobacter aerogenes', 'sulfides')","('Species', 'Chemical')",['Interacts_with'],1,False,True,False,False,False,False,,6,1,"Sulfur-containing amino acids such as cysteine and methionine produce sulfides under the action of intestinal bacteria, which are mainly produced by the desulfurization reaction of intestinal bacteria. Studies have found that bacteria such as Escherichia coli, Salmonella, Clostridium and Enterobacter aerogenes in the large intestine can lyse sulfur-containing amino acids. Some bacteria in the human intestine use sulfate as a substrate to produce a large amount of H2S, which has various functions such as protecting cells, relaxing blood vessels, regulating blood pressure and reducing heart rate. And H2S is also important in the protection of CVDs."
Rc5a14bc7af,PMC9554112,112020277,A. muciniphila,Species,start,butyrate,Chemical,a. muciniphila,butyrate,"('A. muciniphila', 'butyrate')","('Species', 'Chemical')","['start', 'Interacts_with']",2,True,True,False,False,False,False,,5,1,"SCFAs influence blood glucose levels and are associated with the regulation of intestinal gluconeogenesis. Two SCFAs, propionate and butyrate, promote the secretion of postprandial insulin and activate intestinal gluconeogenesis control. Butyrate activates the gene expression of intestinal gluconeogenesis by the cAMP pathway, while propionate is a substrate for intestinal gluconeogenesis, and approximately 50% of the preferred precursor for gluconeogenesis is propionate. Bacterial fermentation of dietary fiber produces large amounts of succinate, which improves blood glucose by activating intestinal gluconeogenesis control. Elevated postprandial plasma butyrate concentration is associated with increased abundance of Intestinimonas butyriciproducens and A. muciniphila. Therefore, regulating the levels of SCFAs production may be a promising approach to the regulate the development of diabetes."
Rd391c80443,PMC9554112,112020278,Bacteroides,Species,affects,DCA,Chemical,bacteroides,dca,"('Bacteroides', 'DCA')","('Species', 'Chemical')",['affects'],1,False,True,False,False,False,False,,3,1,"BAs are steroid carboxylic acids mainly derived from cholesterol through the action of CYP7A1, and their main function is to digest and absorb lipids and fat-soluble vitamins in the small intestine. The gut microbiota can also affect health by modulating the metabolic levels of total BAs, DCA and LCA, either by metabolizing bile salts or modulating downstream signaling pathways of BAs. Most gut microbiota have BSH activity. For example, Firmicutes have CYP7A1, which most intestinal microorganisms do not have. Bacteroides can oxidize, epimerize and esterify BAs at the same time."
Ra247d0682c,PMC9554112,112020297,Lactobacillus,Species,increase,salt,Chemical,lactobacillus,salt,"('Lactobacillus', 'salt')","('Species', 'Chemical')",['increase'],1,False,True,False,False,False,False,,3,1,"In addition, the abundance of gut microbiota is associated with salt sensitivity in hypertension. It was reported that moderate high salt stimulation reduced the survival of Lactobacillus in the intestine and increased TH17 cells, which could lead to an increase in blood pressure. Besides, gut microbiota has been found to promote angiotensin II-induced hypertension by supporting monocyte chemoattractant protein 1/IL-17 driven vascular immune cell infiltration and inflammation. Therefore, the dysbiosis of gut microbiota may have an impact on the development of hypertension."
Ra9b93db2da,PMC9554112,112020354,Bacteroides spp,Species,improve,BCAAs,Chemical,bacteroides,bcaas,"('Bacteroides spp', 'BCAAs')","('Species', 'Chemical')",['improve'],1,False,True,False,False,False,False,,5,1,"Probiotics are a general term for microorganisms that can improve the microecological balance of the host and play a beneficial role in the intestinal tract. Regulating the gut microbiota using probiotics may be a good supplementary treatment for obesity and the regulation of lipid metabolism. It was reported that Bacteroides could be used for treating obesity. Nevertheless, whether adding probiotic strains has an effect on the adjustment of the composition of intestinal microbiota, insulin resistance and inflammation remains to be investigated. Some studies have used bacteria to promote BCAAs metabolism to explore potential bacterial therapeutic effects. For instance, Bacteroides spp. was used to treat obesity by promoting the breakdown of BCAAs. Moreover, engineered probiotic bacteria and specific symbionts have shown a beneficial effect on reducing obesity in mice, although the relative methods that affect obesity risk have yet to be determined."
R6ad196babf,PMC9554112,112020358,Enterococcus faecium,Species,improve,selenium,Chemical,enterococcus faecium,selenium,"('Enterococcus faecium', 'selenium')","('Species', 'Chemical')",['improve'],1,False,True,False,False,False,False,,4,1,"Many studies have fully investigated the role of probiotics in the prevention and treatment of atherosclerosis. For example, Lactobacillus can regulate gut microbiota structure and its metabolites, and improve lipid metabolism and serum TMAO levels. It was found that dietary tea polyphenols could affect intestinal Bifidobacteria and regulate atherosclerotic plaques. P Hlivak et al. studied the effects of long-term oral administration of Enterococcus faecium M-74 rich in selenium on human total cholesterol, LDH, HDL and triglycerides, and they found that the application of Enterococcus faecium M-74 probiotics for 1 year can reduce serum cholesterol levels. In addition, the Lab4 probiotic consortium (Bifidobacterium bifidum, Bifidobacterium animalis subsp. lactis and two strains of Lactobacillus acidophilus) plus Lactobacillus plantarum CUL66 (Lab4P) can reduce plasma cholesterol levels induced by a high-fat diet. Researchers further demonstrated that Lab4P reduced atherosclerosis in LDLR-/- mice and stabilized plaques by inhibiting inflammation."
Rf34e4cc51f,PMC9554112,112020358,Enterococcus faecium,Species,improve,triglycerides,Chemical,enterococcus faecium,triglycerides,"('Enterococcus faecium', 'triglycerides')","('Species', 'Chemical')",['improve'],1,False,True,False,False,False,False,,4,1,"Many studies have fully investigated the role of probiotics in the prevention and treatment of atherosclerosis. For example, Lactobacillus can regulate gut microbiota structure and its metabolites, and improve lipid metabolism and serum TMAO levels. It was found that dietary tea polyphenols could affect intestinal Bifidobacteria and regulate atherosclerotic plaques. P Hlivak et al. studied the effects of long-term oral administration of Enterococcus faecium M-74 rich in selenium on human total cholesterol, LDH, HDL and triglycerides, and they found that the application of Enterococcus faecium M-74 probiotics for 1 year can reduce serum cholesterol levels. In addition, the Lab4 probiotic consortium (Bifidobacterium bifidum, Bifidobacterium animalis subsp. lactis and two strains of Lactobacillus acidophilus) plus Lactobacillus plantarum CUL66 (Lab4P) can reduce plasma cholesterol levels induced by a high-fat diet. Researchers further demonstrated that Lab4P reduced atherosclerosis in LDLR-/- mice and stabilized plaques by inhibiting inflammation."
R305ec8bd8c,PMC9554112,112020358,Bifidobacterium animalis subsp. lactis,Species,Interacts_with,selenium,Chemical,bifidobacterium animalis lactis,selenium,"('Bifidobacterium animalis subsp. lactis', 'selenium')","('Species', 'Chemical')",['Interacts_with'],1,False,True,False,False,False,False,,4,1,"Many studies have fully investigated the role of probiotics in the prevention and treatment of atherosclerosis. For example, Lactobacillus can regulate gut microbiota structure and its metabolites, and improve lipid metabolism and serum TMAO levels. It was found that dietary tea polyphenols could affect intestinal Bifidobacteria and regulate atherosclerotic plaques. P Hlivak et al. studied the effects of long-term oral administration of Enterococcus faecium M-74 rich in selenium on human total cholesterol, LDH, HDL and triglycerides, and they found that the application of Enterococcus faecium M-74 probiotics for 1 year can reduce serum cholesterol levels. In addition, the Lab4 probiotic consortium (Bifidobacterium bifidum, Bifidobacterium animalis subsp. lactis and two strains of Lactobacillus acidophilus) plus Lactobacillus plantarum CUL66 (Lab4P) can reduce plasma cholesterol levels induced by a high-fat diet. Researchers further demonstrated that Lab4P reduced atherosclerosis in LDLR-/- mice and stabilized plaques by inhibiting inflammation."
Rcbd5eb8498,PMC9554112,112020373,Safflower,Species,improve,tryptophan,Chemical,safflower,tryptophan,"('Safflower', 'tryptophan')","('Species', 'Chemical')",['improve'],1,False,True,False,False,False,False,,6,1,"A growing body of evidence has mentioned that gut microbiota, which emerged as the frontier, may play an important role in the mechanism underlying TCM in heart failure. Du et al. demonstrated that Baoyuan Decoction formula could regulate gut metabolism-related tryptophan and attenuate cardiac hypertrophy, which contributes to alleviating the development of heart failure. Besides, other TCMs, such as Notoginseng total saponins, Safflower total flavonoids, and Poria cocos, can dilate blood vessels, and diuresis and inhibit adverse cardiac remodeling."
R8d83dd6261,PMC9554112,112020564,sheep,Species,increase,lipopolysaccharide,Chemical,sheep,lipopolysaccharide,"('sheep', 'lipopolysaccharide')","('Species', 'Chemical')",['increase'],1,False,True,False,False,False,False,,4,1,"Ren Z, Chen W, Getachew T, Mwacharo JM, Haile A, Sun W. Expression analysis of TLR signaling pathway genes under lipopolysaccharide-induced and e. Coli f17-infected sheep intestinal epithelial cells. Anim Biotechnol. 2022;1-7. 10.1080/10495398.2022.2052305."
R8630b77f32,PMC9554112,112020673,saccharomyces boulardii,Species,treats,Rifaximin,Chemical,saccharomyces boulardii,rifaximin,"('saccharomyces boulardii', 'Rifaximin')","('Species', 'Chemical')",['treats'],1,False,True,False,False,False,False,,1,1,Rifaximin or saccharomyces boulardii in heart failure with reduced ejection fraction: results from the randomized gutheart trial
R9e821829d1,PMC4498258,112020839,Bacteroides thetaiotaomicron,Species,Interacts_with,fucose,Chemical,bacteroides thetaiotaomicron,fucose,"('Bacteroides thetaiotaomicron', 'fucose')","('Species', 'Chemical')",['Interacts_with'],1,False,True,False,False,False,False,,5,1,"Intestinal mucus is produced by goblet cells and is mainly composed of a single, highly O-glycosylated protein, mucin 2 (MUC2), which is secreted into the lumen of the small and large intestine (Figure 1). Mucus-associated sugars are utilized by intestinal microbes and recent studies show that sensing of microbial ligands by type 3 innate lymphoid cells stimulates the addition of fucose to mucus, which in turn supports colonization of commensal bacteria. The fucosidase and sialidase activity of certain symbiotic bacteria such as Bacteroides thetaiotaomicron to liberate mucosal glycans does not compromise the integrity of the mucus layer and is indeed a common feature of healthy microbiota. However, pathogenic bacteria can take advantage of these liberated sugars to facilitate their expansion. Further, establishing immunological tolerance to the intestinal microbiota has been shown to involve the exposure of dendritic cells to microbe-MUC2 complexes; recognition of which results in the generation of tolerogenic signals, dependent on the presence of MUC2, to specific microbial antigens. In the small intestine, microbe-triggered secretion of meprin beta by enterocytes causes cleavage of MUC2 from the surface of the epithelium, preventing the formation of an adherent mucus layer. In contrast, absence of meprin beta in the large intestine allows the formation of a mucus bilayer; the inner layer is firmly attached to the surface of the epithelium and is thought to be sterile, while the outer layer is a loose matrix containing microbes. The physiological requirement for this bilayer structure is likely due to the high bacterial load of the large intestine, reduced AMP production, and the slower transit time of fecal matter. IBD patients have both a thinner inner mucus layer as well as reduced glycosylation of MUC2, with both alterations reducing the barrier potential of the inner mucus layer. Like AMP secretion, mucus secretion in the large intestine is also highly dependent on autophagy, through signaling mediated by both reactive oxygen species and ligation of the NLRP6 inflammasome."
R695d9abb8a,PMC4498258,112020845,Bilophila wadsworthia,Species,start,H2,Chemical,bilophila wadsworthia,h2,"('Bilophila wadsworthia', 'H2')","('Species', 'Chemical')",['start'],1,False,True,False,False,False,False,,6,1,"Hydrogen (H2) and hydrogen sulfide (H2S) production vary considerably across regions of the gastrointestinal tract and are involved in immunomodulation. In a study that examined the microbiome across 10 human body habitats, the authors found enzymes necessary for the production and utilization of H2, an anti-inflammatory metabolite highly abundant in the oral cavity but nearly absent from the intestine. H2S is a metabolite produced by microbial H2 utilization, which at high concentrations can inhibit SCFA production and at low concentrations is involved in regulating host inflammatory responses. The potential for production of H2S is particularly high in stool and is strongly positively associated with the abundance of the pathogenic genera Treponema and Fusobacterium, suggesting a role in host-cell toxicity. A comparison of healthy human volunteers subjected to short term diets composed entirely of either plant or animal products, found that the microbiota of the carnivores contained more bile acid-tolerant taxa, including Alistipes, Bacteroides, and Bilophila, compared to vegans. High levels of Bilophila wadsworthia, which uses bile acids as an energy source, leads to increased taurine conjugation of bile acids and subsequent H2S production. High H2S levels in turn promote increased levels of proinflammatory Th1 cells and the development of colitis in IL-10-/- mice. In pediatric patients with CD, an elemental diet consisting of amino acids, elemental nitrogen, carbohydrates, vitamins, minerals, and low fat has been shown to be as efficacious as corticosteroid therapy. The elemental diet causes large changes in gut microbiome composition and increases microbial diversity. As diet alters the availability of substrates for microbial generation of potentially harmful metabolites, this finding suggests the importance of diet in managing IBD."
R6a85c89e71,PMC4498258,112020846,Eggerthella lenta,Species,increase,glycoside,Chemical,eggerthella lenta,glycoside,"('Eggerthella lenta', 'glycoside')","('Species', 'Chemical')",['increase'],1,False,True,False,False,False,False,,3,1,"Another important consideration in inflammatory disease is the impact of the microbiota on drug metabolism. For example, the cardiac glycoside digoxin causes the intestinal bacterium Eggerthella lenta to upregulate a unique operon encoding glycoside reductases that use digoxin as an electron acceptor, thus inactivating the drug. The impact of the microbiome on the metabolism of drugs used to treat inflammatory and other diseases could help explain why certain drugs are more effective in some individuals than others and should be more closely studied."
R97746297b6,PMC4498258,112020846,Eggerthella lenta,Species,increase,digoxin,Chemical,eggerthella lenta,digoxin,"('Eggerthella lenta', 'digoxin')","('Species', 'Chemical')","['increase', 'affects']",2,True,True,False,False,False,False,,3,1,"Another important consideration in inflammatory disease is the impact of the microbiota on drug metabolism. For example, the cardiac glycoside digoxin causes the intestinal bacterium Eggerthella lenta to upregulate a unique operon encoding glycoside reductases that use digoxin as an electron acceptor, thus inactivating the drug. The impact of the microbiome on the metabolism of drugs used to treat inflammatory and other diseases could help explain why certain drugs are more effective in some individuals than others and should be more closely studied."
R858704d334,PMC4498258,112020912,brewer's yeast,Species,Interacts_with,sphingoid bases,Chemical,brewer s yeast,sphingoid bases,"(""brewer's yeast"", 'sphingoid bases')","('Species', 'Chemical')",['Interacts_with'],1,False,True,False,False,False,False,,4,1,Phytoceramide and sphingoid bases derived from brewer's yeast Saccharomyces pastorianus activate peroxisome proliferator-activated receptors
R983a28a9fb,PMC4498258,112020912,Saccharomyces pastorianus,Species,start,sphingoid bases,Chemical,saccharomyces pastorianus,sphingoid bases,"('Saccharomyces pastorianus', 'sphingoid bases')","('Species', 'Chemical')",['start'],1,False,True,False,False,False,False,,4,1,Phytoceramide and sphingoid bases derived from brewer's yeast Saccharomyces pastorianus activate peroxisome proliferator-activated receptors
R2ce7eece56,PMC4498258,112020912,brewer's yeast,Species,Interacts_with,Phytoceramide,Chemical,brewer s yeast,phytoceramide,"(""brewer's yeast"", 'Phytoceramide')","('Species', 'Chemical')",['Interacts_with'],1,False,True,False,False,False,False,,4,1,Phytoceramide and sphingoid bases derived from brewer's yeast Saccharomyces pastorianus activate peroxisome proliferator-activated receptors
Rb10817d311,PMC4498258,112020912,Saccharomyces pastorianus,Species,start,Phytoceramide,Chemical,saccharomyces pastorianus,phytoceramide,"('Saccharomyces pastorianus', 'Phytoceramide')","('Species', 'Chemical')",['start'],1,False,True,False,False,False,False,,4,1,Phytoceramide and sphingoid bases derived from brewer's yeast Saccharomyces pastorianus activate peroxisome proliferator-activated receptors
Re9a8c6c039,PMC7954989,112020948,Clostridium innocuum,Species,worsen,MTX,Chemical,clostridium innocuum,mtx,"('Clostridium innocuum', 'MTX')","('Species', 'Chemical')","['worsen', 'decrease']",2,True,True,False,False,False,False,,6,1,"We assembled a panel of 45 bacterial isolates from 6 phyla, 42 of which are commonly found in the human gut microbiota (Table S4). Each isolate was incubated for 48 hours with vehicle controls or MTX (1.7-900 mug/ml, 2-2,000 muM). Minimal inhibitory concentration (MIC) ranged across the full gradient, with 11 isolates resistant to the maximum concentration tested (Figure 2A). We did not detect any significant correlation between growth parameters in vehicle controls and MTX sensitivity ( rho <0.19, p>0.28, Data File S1). Bacteroidetes tended to be sensitive to MTX relative to the other phyla (Figure 2B). We also observed multiple cases where nearest neighbors had discrepant phenotypes; for example, Parabacteriodes merdae vs. Parabacteroides distasonis and Lactococcus lactis vs. Clostridium innocuum (Figure 2A)."
R91e41f6aba,PMC7954989,112020948,Parabacteroides distasonis,Species,decrease,MTX,Chemical,parabacteroides distasonis,mtx,"('Parabacteroides distasonis', 'MTX')","('Species', 'Chemical')",['decrease'],1,False,True,False,False,False,False,,6,1,"We assembled a panel of 45 bacterial isolates from 6 phyla, 42 of which are commonly found in the human gut microbiota (Table S4). Each isolate was incubated for 48 hours with vehicle controls or MTX (1.7-900 mug/ml, 2-2,000 muM). Minimal inhibitory concentration (MIC) ranged across the full gradient, with 11 isolates resistant to the maximum concentration tested (Figure 2A). We did not detect any significant correlation between growth parameters in vehicle controls and MTX sensitivity ( rho <0.19, p>0.28, Data File S1). Bacteroidetes tended to be sensitive to MTX relative to the other phyla (Figure 2B). We also observed multiple cases where nearest neighbors had discrepant phenotypes; for example, Parabacteriodes merdae vs. Parabacteroides distasonis and Lactococcus lactis vs. Clostridium innocuum (Figure 2A)."
Ra11f6bca50,PMC7954989,112020948,Clostridium innocuum,Species,decrease,MTX,Chemical,clostridium innocuum,mtx,"('Clostridium innocuum', 'MTX')","('Species', 'Chemical')","['worsen', 'decrease']",2,True,True,False,False,False,False,,6,1,"We assembled a panel of 45 bacterial isolates from 6 phyla, 42 of which are commonly found in the human gut microbiota (Table S4). Each isolate was incubated for 48 hours with vehicle controls or MTX (1.7-900 mug/ml, 2-2,000 muM). Minimal inhibitory concentration (MIC) ranged across the full gradient, with 11 isolates resistant to the maximum concentration tested (Figure 2A). We did not detect any significant correlation between growth parameters in vehicle controls and MTX sensitivity ( rho <0.19, p>0.28, Data File S1). Bacteroidetes tended to be sensitive to MTX relative to the other phyla (Figure 2B). We also observed multiple cases where nearest neighbors had discrepant phenotypes; for example, Parabacteriodes merdae vs. Parabacteroides distasonis and Lactococcus lactis vs. Clostridium innocuum (Figure 2A)."
Rbec6fe818f,PMC7954989,112020950,C. asparagiforme,Species,worsen,MTX,Chemical,c. asparagiforme,mtx,"('C. asparagiforme', 'MTX')","('Species', 'Chemical')","['part_of', 'worsen', 'affects']",5,True,True,False,False,False,False,,8,1,"We used RNA sequencing (RNA-seq) to identify differentially expressed transcripts in the presence or absence of MTX (100 mug/ml). We selected 4 isolates (1 Bacteroides and 3 Clostridia) with varying sensitivity to the growth-inhibitory effects of MTX (Table S4). As expected, MTX induced a profound shift in gene expression in the most sensitive strain, B. theta, affecting 83% of genes in the transcriptome (Figure 3A). In contrast, the three Clostridia tested had markedly distinct transcriptional responses that did not correlate to their sensitivity to MTX. Clostridium sporogenes and C. symbiosum exhibited a defined shift (21 and 55 genes, respectively) whereas C. asparagiforme had a robust transcriptional response (468 genes; Figure 3A; Table S5A). Many of these changes were detected at more stringent p-adjusted cutoffs (Table S5B) and with an alternative analysis method (see Methods)."
R3c76ad1cac,PMC7954989,112020950,C. symbiosum,Species,worsen,MTX,Chemical,c. symbiosum,mtx,"('C. symbiosum', 'MTX')","('Species', 'Chemical')","['part_of', 'worsen']",2,True,True,False,False,False,False,,8,1,"We used RNA sequencing (RNA-seq) to identify differentially expressed transcripts in the presence or absence of MTX (100 mug/ml). We selected 4 isolates (1 Bacteroides and 3 Clostridia) with varying sensitivity to the growth-inhibitory effects of MTX (Table S4). As expected, MTX induced a profound shift in gene expression in the most sensitive strain, B. theta, affecting 83% of genes in the transcriptome (Figure 3A). In contrast, the three Clostridia tested had markedly distinct transcriptional responses that did not correlate to their sensitivity to MTX. Clostridium sporogenes and C. symbiosum exhibited a defined shift (21 and 55 genes, respectively) whereas C. asparagiforme had a robust transcriptional response (468 genes; Figure 3A; Table S5A). Many of these changes were detected at more stringent p-adjusted cutoffs (Table S5B) and with an alternative analysis method (see Methods)."
R31a427835d,PMC7954989,112020951,C. asparagiforme,Species,affects,MTX,Chemical,c. asparagiforme,mtx,"('C. asparagiforme', 'MTX')","('Species', 'Chemical')","['part_of', 'affects', 'worsen']",5,True,True,False,False,False,False,,2,3,"Next, we searched for differentially expressed metabolic pathways and modules. Both purine and pyrimidine metabolism were significantly affected in C. asparagiforme and B. theta, among other pathways (Figure 3B; Tables S5C and S5D). While B. theta exhibited multiple pathway enrichments (57 pathways enriched among transcripts with padj<0.2), purine and pyrimidine metabolism were among the top 10 pathways (9th and 5th, respectively) when ranked by p-value (p<0.05 with Benjamini-Hochberg (BH) adjustment), and these enrichments were largely insensitive to the padj threshold used in our analyses (Table S5E). C. asparagiforme exhibited enrichment of 23 pathways, and purine and pyrimidine metabolism were 2nd and 11th among this list (Table S5D). Additionally, pathways contributing to protein synthesis, which is also known to be targeted by MTX in patients, were enriched in both B. theta and C. asparagiforme, such as ""biosynthesis of amino acids"" and more specific pathways such as ""valine, leucine, and isoleucine biosynthesis"" and ""alanine, aspartate and glutamate metabolism"" (Figure 3B; Tables S5C and S5D)."
Re58225a1e0,PMC7954989,112020954,C. innocuum,Species,increase,leucovorin,Chemical,c. innocuum,leucovorin,"('C. innocuum', 'leucovorin')","('Species', 'Chemical')",['increase'],1,False,True,False,False,False,False,,3,1,"To provide functional validation of the observed transcriptomic and metabolomic changes, we quantified the ability of folic acid and leucovorin (see Figure 3D) to rescue MTX-induced growth inhibition of four isolates of varying MTX sensitivity (Table S4). B. theta growth was improved in a dose-dependent manner in response to folic acid in the presence and absence of MTX (Figures 4A-C). In contrast, dose-dependent increases in growth for B. vulgatus and C. innocuum were only evident in the presence of MTX (Figures 4A-C). Surprisingly, MTX resistant C. symbiosum was sensitized to MTX in the presence of folic acid at high doses of MTX (Figures 4A-C). In contrast, leucovorin improved growth of 3 of the 4 tested isolates (Figure 4D and 4E) but did not have any significant dose-dependent effects on growth in the presence of MTX (Figure 4F). Taken together, these findings support the hypothesis that MTX acts on bacterial DHFR (Figure 3D)."
R3e5a6bae14,PMC7954989,112020956,C. aerofaciens,Species,affects,MTX,Chemical,c. aerofaciens,mtx,"('C. aerofaciens', 'MTX')","('Species', 'Chemical')",['affects'],1,False,True,False,False,False,False,,6,1,"To test the impact of MTX in the context of a complex human gut microbial community we incubated stool samples obtained from 30 MTX-naive patients (Table S1A) with MTX (100 mug/ml) or vehicle for 48 hours. MTX significantly impaired the growth of these complex microbial communities (Figure 5A), resulting in a significant decrease in carrying capacity (Figure S4A) and a significant delay in the lag phase (Figure S4B). 16S-seq of endpoint samples revealed a significant decrease in richness (Figure S4C) and shift in community structure (Figures 5B-E) in response to MTX. Consistent with our studies in mice and on isolates, Bacteroidetes decreased (Figure 5F) and Actinobacteria increased (Figure 5G). We also detected significant shifts in the abundance of 17 genera and 20 ASVs (Table S2C, Figure 5H). This included multiple MTX-modulated ASVs seen in our in vivo experiments: B. thetaiotaomicron (ASV23), B. uniformis (ASV14), B. vulgatus (ASV26), C. aerofaciens (ASV44), and B. ovatus (ASV496), which changed in a direction similar to what was seen in vivo."
Rbb6fceb4a1,PMC7954989,112020956,B. thetaiotaomicron,Species,increase,MTX,Chemical,b. thetaiotaomicron,mtx,"('B. thetaiotaomicron', 'MTX')","('Species', 'Chemical')",['increase'],1,False,True,False,False,False,False,,6,1,"To test the impact of MTX in the context of a complex human gut microbial community we incubated stool samples obtained from 30 MTX-naive patients (Table S1A) with MTX (100 mug/ml) or vehicle for 48 hours. MTX significantly impaired the growth of these complex microbial communities (Figure 5A), resulting in a significant decrease in carrying capacity (Figure S4A) and a significant delay in the lag phase (Figure S4B). 16S-seq of endpoint samples revealed a significant decrease in richness (Figure S4C) and shift in community structure (Figures 5B-E) in response to MTX. Consistent with our studies in mice and on isolates, Bacteroidetes decreased (Figure 5F) and Actinobacteria increased (Figure 5G). We also detected significant shifts in the abundance of 17 genera and 20 ASVs (Table S2C, Figure 5H). This included multiple MTX-modulated ASVs seen in our in vivo experiments: B. thetaiotaomicron (ASV23), B. uniformis (ASV14), B. vulgatus (ASV26), C. aerofaciens (ASV44), and B. ovatus (ASV496), which changed in a direction similar to what was seen in vivo."
R5c3374e5a5,PMC7954989,112020963,Alistipes shahii,Species,Interacts_with,folic acid,Chemical,alistipes shahii,folic acid,"('Alistipes shahii', 'folic acid')","('Species', 'Chemical')",['Interacts_with'],1,False,True,False,False,False,False,,3,1,"While the effects of MTX were detectable across multiple bacterial phyla, just a single phylum (the Bacteroidetes) was consistently affected in mice, bacterial isolates, mixed communities, and non-responsive patients. The underlying determinants of variability in MTX sensitivity at the cellular, community, and ecosystem level remain to be investigated, are likely multifactorial, and may involve one or more of the following: drug influx and efflux, drug metabolism, compensatory pathways (i.e., de novo synthesis of folic acid), and redundancies in the cellular pathways to produce reduced folates, as well as microbe-microbe or host-microbe interaction. Consistent with the importance of these higher-order interactions, we were able to detect ASVs with discrepant sensitivities in vitro and in vivo (e.g., Alistipes shahii). From a translational perspective, the observation of reproducible findings at the phylum level may be a simple and useful biomarker of therapeutic efficacy, which would complement ongoing attempts to integrate data on the pre-treatment microbiome with more established risk factors like host genetics and smoking status."
Rb6af2558fb,PMC7954989,112020978,B. thetaiotaomicron,Species,decrease,leucovorin,Chemical,b. thetaiotaomicron,leucovorin,"('B. thetaiotaomicron', 'leucovorin')","('Species', 'Chemical')",['decrease'],1,False,True,False,False,False,False,,4,1,"As described in our in vitro bacterial growth studies, 48-hour overnight cultures were grown in an anaerobic chamber in liquid BHI+ for the following isolates: Bacteroides vulgatus, Bacteroides thetaiotaomicron, Clostridium innocuum and Clostridium symbiosum. Each subculture was diluted down to an OD600 of 0.08-0.1, which was then further diluted 100-fold, and then used to inoculate a 96-well microtiter plate with 2-fold serial dilutions of MTX (Sigma, Cat#M9929) concentrations ranging from 0 - 450 mug/ml (0 - 990 muM) along the columns (1-10) and 2-fold serial dilutions of folic acid (Fischer Scientific, BP25195) ranging from 0 - 250 mug/ml (0-566 muM) along the rows (A-H). Each plate included media and growth controls. The same setup was used to test the rescue effects of 2-fold serial dilutions of leucovorin (Spectrum Chemicals, Cat#LE117) at concentrations ranging from 0-125 mug/ml (0 - 264 muM) and the following isolates were tested: B. vulgatus, B. thetaiotaomicron, C. innocuum, and C. symbiosum. Solubility limits restricted the max concentrations for each compound. Growth curves from these experiments are shown in Data File S1 (panels F-G)."
R03f8ece149,PMC7954989,112020978,C. symbiosum,Species,improve,leucovorin,Chemical,c. symbiosum,leucovorin,"('C. symbiosum', 'leucovorin')","('Species', 'Chemical')",['improve'],1,False,True,False,False,False,False,,4,1,"As described in our in vitro bacterial growth studies, 48-hour overnight cultures were grown in an anaerobic chamber in liquid BHI+ for the following isolates: Bacteroides vulgatus, Bacteroides thetaiotaomicron, Clostridium innocuum and Clostridium symbiosum. Each subculture was diluted down to an OD600 of 0.08-0.1, which was then further diluted 100-fold, and then used to inoculate a 96-well microtiter plate with 2-fold serial dilutions of MTX (Sigma, Cat#M9929) concentrations ranging from 0 - 450 mug/ml (0 - 990 muM) along the columns (1-10) and 2-fold serial dilutions of folic acid (Fischer Scientific, BP25195) ranging from 0 - 250 mug/ml (0-566 muM) along the rows (A-H). Each plate included media and growth controls. The same setup was used to test the rescue effects of 2-fold serial dilutions of leucovorin (Spectrum Chemicals, Cat#LE117) at concentrations ranging from 0-125 mug/ml (0 - 264 muM) and the following isolates were tested: B. vulgatus, B. thetaiotaomicron, C. innocuum, and C. symbiosum. Solubility limits restricted the max concentrations for each compound. Growth curves from these experiments are shown in Data File S1 (panels F-G)."
Rdf230e1f1a,PMC7954989,112020983,C. asparagiforme,Species,affects,MTX,Chemical,c. asparagiforme,mtx,"('C. asparagiforme', 'MTX')","('Species', 'Chemical')","['part_of', 'affects', 'worsen']",5,True,True,False,False,False,False,,2,3,"The bacterial strains used in RNA-seq are given in Table S4. Genomes were obtained from NCBI's GenBank Assembly database (see Table S4 for accession numbers). Culture media was composed of BHI+ and allowed to equilibrate in an anaerobic environment prior to use. Briefly, bacteria were cultured in BHI+ at 37  C in an anaerobic chamber. Cultures for each isolate were grown to mid-exponential (achieving an OD600 ~ 0.5), aliquoted into triplicates, treated for 30 minutes with either DMSO or MTX 100 mug/ml, and then removed from the anaerobic chamber. The mid-exponential time point was selected to facilitate comparisons across isolates, as has been done by others, since lag and stationary phases would present challenges in term of biomass (lag phase with low biomass) and differing physiology (i.e., sporulation among some isolates and not others). For C. asparagiforme, cultures were incubated for 4 and 20 hours as well and profiled. Cultures were centrifuged at 2000 rpm for 10 minutes at 4 C to facilitate removal of supernatant, and the remaining bacterial pellet was flash-frozen in liquid nitrogen."
R2c733ebf70,PMC7954989,112020983,C. asparagiforme,Species,improve,DMSO,Chemical,c. asparagiforme,dmso,"('C. asparagiforme', 'DMSO')","('Species', 'Chemical')",['improve'],1,False,True,False,False,False,False,,2,1,"The bacterial strains used in RNA-seq are given in Table S4. Genomes were obtained from NCBI's GenBank Assembly database (see Table S4 for accession numbers). Culture media was composed of BHI+ and allowed to equilibrate in an anaerobic environment prior to use. Briefly, bacteria were cultured in BHI+ at 37  C in an anaerobic chamber. Cultures for each isolate were grown to mid-exponential (achieving an OD600 ~ 0.5), aliquoted into triplicates, treated for 30 minutes with either DMSO or MTX 100 mug/ml, and then removed from the anaerobic chamber. The mid-exponential time point was selected to facilitate comparisons across isolates, as has been done by others, since lag and stationary phases would present challenges in term of biomass (lag phase with low biomass) and differing physiology (i.e., sporulation among some isolates and not others). For C. asparagiforme, cultures were incubated for 4 and 20 hours as well and profiled. Cultures were centrifuged at 2000 rpm for 10 minutes at 4 C to facilitate removal of supernatant, and the remaining bacterial pellet was flash-frozen in liquid nitrogen."
Rdb1661ed9e,PMC7954989,112020988,MS2,Species,Interacts_with,ammonium formate,Chemical,ms2,ammonium formate,"('MS2', 'ammonium formate')","('Species', 'Chemical')",['Interacts_with'],1,False,True,False,False,False,False,,3,1,"Samples (5 mul) were separated by hydrophilic interaction chromatography HPLC using a Vanquish UHPLC system (Thermo Fisher Scientific, Waltham, MA) with a Waters (Milford, MA) Acquity UPLC BEH Amide Column (2.1 x 100 mm x 1.7mum particle size) maintained at 65  C and a 17 minute gradient,at a flow rate of 400 mul/min. Solvent A was 100% HPLC grade water with 0.1% formic acid and 10 mM ammonium formate, Solvent B was 95% HPLC grade acetonitrile and 5% HPLC grade water with 0.1% formic acid and 10 mM ammonium formate. The initial condition was 100 % B, decreasing to 70% B at 7.7 minutes, 40% B at 9.5 minutes, 30% B at 10.25 minutes, and 100% B at 12.750 minutes where it was held until 17 minutes. The eluate was delivered into an Orbitrap Fusion Lumos Tribrid  mass spectrometer using a H-ESI  ion source (all Thermo Fisher Scientific). The mass spectrometer was scanned from 75-750 m/z at a resolution of 120,000 and operated in polarity switching mode. The capillary voltage was set at 3.25 kV in positive ion mode, and 2.025 kV in negative ion mode with an RF lens value of 30%, and an AGC target of 1.0E + 6 with a maximum injection time of 50 ms. Product ion MS/MS spectra were acquired in AcquireX mode, with one exclusion blank, then three subsequent sample injections. The parent ion was isolated using the quadrupole with an isolation window of 1.5 Da, a stepped HCD (10,25,40 V) was used for activation, the mass spectrometer was operated at a resolution of 7500, and 3 microscans were acquired for each MS2 spectra."
R2f51beda9f,PMC7954989,112021003,C. innocuum,Species,decrease,MTX,Chemical,c. innocuum,mtx,"('C. innocuum', 'MTX')","('Species', 'Chemical')",['decrease'],1,False,True,False,False,False,False,,3,1,"Growth parameters (carrying capacity, time to mid-exponential and growth rate) were calculated in R using GrowthCurveR (v0.2.1). Curves that could not be fit by the software (i.e., generated a warning/error message) were excluded from further analysis. We visually inspected the fits for the remaining curves and removed curves with an area under the curve of <52, or estimated time to mid-exponential > 48 hours which we found to be indicators of poor fit in our dataset. Determination of dose-dependency was done by fitting a linear regression with methotrexate concentration as the independent variable and the estimated growth parameter as the dependent variable using lm from the stats package (v3.5.1). For rescue studies, as above, growth parameters (carrying capacity, time to mid-exponential, growth rate, and area under the curve) were calculated in R using GrowthCurveR (v0.2.1). We evaluated 4 isolates with varying sensitivity to MTX (B. thetaiotaomicron, B. vulgatus, C. innocuum and C. symbiosum). C. asparagiforme was excluded because rescue of growth would be difficult to identify in this MTX resistant strain (Figure 2D). We measured growth curves at 9 concentrations of MTX tested against 7 concentrations of folic acid. Determination of dose-dependency at each tested concentration of MTX was done by fitting a linear regression with folic acid or leucovorin concentration as the independent variable and the estimated growth parameter as the dependent variable using lm from the stats package (v3.5.1). We also included an interaction term to assess whether the rescue agent demonstrated an interaction with MTX concentration (e.g., AUC ~ MTX + rescue + MTX:rescue). We used a p-value cutoff of p<0.05 to identify effects that were dose-dependent based on the linear regression."
Rb1f39ddff1,PMC7954989,112021005,Clostridium asparagiforme,Species,affects,MTX,Chemical,clostridium asparagiforme,mtx,"('Clostridium asparagiforme', 'MTX')","('Species', 'Chemical')",['affects'],1,False,True,False,False,False,False,,5,1,"For each sample, metabolite feature areas were normalized to relative total ion counts (TIC). For Figure 3D, multiple metabolite features mapped with high confidence to AMP, guanine, adenine, and hypoxanthine, so the TICs for these were summed in each sample. For statistical analysis, metabolite features that were differentially abundant between the sterile samples with MTX vs. DMSO were excluded from further analyses (p<0.05, Wilcoxon rank sum test). To identify metabolite features that responded differently to MTX in Bacteroides thetaiotaomicron versus Clostridium asparagiforme, we assessed for peaks showing a significant interaction between bacterial isolate and MTX treatment; to do this, we used a two-factor ANOVA with terms for bacterial isolate, drug, and the interaction between the two. We used the BH method to correct for multiple testing using p.adjust in the stats package (v3.5.1) in R. We identified metabolite features showing a significant change with drug (drug padj<0.01) or a significant interaction between bacterial isolate and drug (interaction term, padj<0.01). Lists containing m/z values, retention times, and interaction term p-values was submitted for analysis to the MetaboAnalyst software suite ""MS Peaks to Pathways"" pipeline. The following parameters were set: molecular weight tolerance = 10 ppm, positive mode, p-value, enforce primary ions checked, version 2.0, mummichog and GSEA checked, P-value cutoff = 0.01, KEGG version current (Oct2019), and Pathway library ""eco_kegg."""
R73dcd30091,PMC7954989,112021005,mummichog,Species,affects,MTX,Chemical,mummichog,mtx,"('mummichog', 'MTX')","('Species', 'Chemical')","['affects', 'decrease']",2,True,True,False,False,False,False,,5,1,"For each sample, metabolite feature areas were normalized to relative total ion counts (TIC). For Figure 3D, multiple metabolite features mapped with high confidence to AMP, guanine, adenine, and hypoxanthine, so the TICs for these were summed in each sample. For statistical analysis, metabolite features that were differentially abundant between the sterile samples with MTX vs. DMSO were excluded from further analyses (p<0.05, Wilcoxon rank sum test). To identify metabolite features that responded differently to MTX in Bacteroides thetaiotaomicron versus Clostridium asparagiforme, we assessed for peaks showing a significant interaction between bacterial isolate and MTX treatment; to do this, we used a two-factor ANOVA with terms for bacterial isolate, drug, and the interaction between the two. We used the BH method to correct for multiple testing using p.adjust in the stats package (v3.5.1) in R. We identified metabolite features showing a significant change with drug (drug padj<0.01) or a significant interaction between bacterial isolate and drug (interaction term, padj<0.01). Lists containing m/z values, retention times, and interaction term p-values was submitted for analysis to the MetaboAnalyst software suite ""MS Peaks to Pathways"" pipeline. The following parameters were set: molecular weight tolerance = 10 ppm, positive mode, p-value, enforce primary ions checked, version 2.0, mummichog and GSEA checked, P-value cutoff = 0.01, KEGG version current (Oct2019), and Pathway library ""eco_kegg."""
R933790c3bd,PMC7954989,112021062,mummichog,Species,decrease,MTX,Chemical,mummichog,mtx,"('mummichog', 'MTX')","('Species', 'Chemical')","['affects', 'decrease']",2,True,True,False,False,False,False,,2,1,"(C) Pathways enriched among metabolite features exhibiting a significant interaction between bacterial isolate and MTX treatment in the supernatants of B. theta and C. asparagiforme cultures exposed to MTX (100 mug/ml for 24 hours) as assessed by mummichog and gene set enrichment analysis (GSEA) (n=2 replicates / isolate for DMSO vs. n=4 replicates/isolate for MTX). Red circles are significant, and circle size indicates number of metabolite features."
R2a7d0cacb3,PMC7954989,112021062,C. asparagiforme,Species,affects,MTX,Chemical,c. asparagiforme,mtx,"('C. asparagiforme', 'MTX')","('Species', 'Chemical')","['part_of', 'affects', 'worsen']",5,True,True,False,False,False,False,,2,3,"(C) Pathways enriched among metabolite features exhibiting a significant interaction between bacterial isolate and MTX treatment in the supernatants of B. theta and C. asparagiforme cultures exposed to MTX (100 mug/ml for 24 hours) as assessed by mummichog and gene set enrichment analysis (GSEA) (n=2 replicates / isolate for DMSO vs. n=4 replicates/isolate for MTX). Red circles are significant, and circle size indicates number of metabolite features."
Rd68920f81e,PMC7606741,112021089,Salmonella,Species,decrease,LED209,Chemical,salmonella,led209,"('Salmonella', 'LED209')","('Species', 'Chemical')",['decrease'],1,False,True,False,False,False,False,,4,1,"Specific chemical signals in the intestine modulate the expression and function of T3SSs. AE pathogens and S. typhimurium sense the host neurotransmitters epinephrine (epi) and norepinephrine (NE) via the bacterial adrenergic receptor QseC, a histidine kinase (HK), encoded within the core genomes of gamma-Proteobacteria. Epi/NE engagement with QseC activates intracellular signaling cascades that regulate bacterial physiology, behavior, function, and virulence. In AE pathogens, QseC activation promotes increased expression of ler, the master transcriptional regulator of the LEE operons. In contrast, the QseC synthetic inhibitor LED209 attenuates the virulence of EHEC and CR (; Curtis et al., 2014). Transcription of the master regulators of SPI-1 and SPI-2 in Salmonella is also activated upon epi/NE binding to QseC. Thus, QseC-mediated sensing of the local intestinal environment exacerbates pathogen infection through the upregulation of virulence programs."
R4749fb863c,PMC7606741,112021089,CR,Species,Interacts_with,norepinephrine,Chemical,cr,norepinephrine,"('CR', 'norepinephrine')","('Species', 'Chemical')",['Interacts_with'],1,False,True,False,False,False,False,,4,1,"Specific chemical signals in the intestine modulate the expression and function of T3SSs. AE pathogens and S. typhimurium sense the host neurotransmitters epinephrine (epi) and norepinephrine (NE) via the bacterial adrenergic receptor QseC, a histidine kinase (HK), encoded within the core genomes of gamma-Proteobacteria. Epi/NE engagement with QseC activates intracellular signaling cascades that regulate bacterial physiology, behavior, function, and virulence. In AE pathogens, QseC activation promotes increased expression of ler, the master transcriptional regulator of the LEE operons. In contrast, the QseC synthetic inhibitor LED209 attenuates the virulence of EHEC and CR (; Curtis et al., 2014). Transcription of the master regulators of SPI-1 and SPI-2 in Salmonella is also activated upon epi/NE binding to QseC. Thus, QseC-mediated sensing of the local intestinal environment exacerbates pathogen infection through the upregulation of virulence programs."
R06a0a97da9,PMC7606741,112021100,CR,Species,causes,AM630,Chemical,cr,am630,"('CR', 'AM630')","('Species', 'Chemical')","['causes', 'worsen']",2,True,True,False,False,False,False,,5,1,"Endocannabinoid signaling mediated by 2-AG manifests through the activation of the host cannabinoid receptors CB1 or CB2, which stimulates complex intracellular signaling cascades that modulate GI physiology and immunity. However, chronic blockade of Mgll results in the desensitization of the CB1 receptor in the gut. Moreover, because 2-AG seems to primarily modulate immune function through its interactions with CB2 to impart its anti-inflammatory effects, we reasoned that 2-AG may attenuate infectious disease by activating CB2 receptors. To address this, we next investigated whether CB2 blockade with the inhibitor AM630 can reverse the protective effects of JZL184 observed with CR infection. CR fecal shedding, colonization of cecal tissues, and corresponding cecal pathology were all comparable between WT mice that were administered JZL184 or co-administered JZL184 and AM630 (Figures 2G, 2H, and S2G). These findings suggest that the protective effects of 2-AG on CR infection are not mediated through the engagement of the host CB2 receptor."
R04cc25b3ba,PMC7606741,112021100,CR,Species,worsen,AM630,Chemical,cr,am630,"('CR', 'AM630')","('Species', 'Chemical')","['causes', 'worsen']",2,True,True,False,False,False,False,,5,1,"Endocannabinoid signaling mediated by 2-AG manifests through the activation of the host cannabinoid receptors CB1 or CB2, which stimulates complex intracellular signaling cascades that modulate GI physiology and immunity. However, chronic blockade of Mgll results in the desensitization of the CB1 receptor in the gut. Moreover, because 2-AG seems to primarily modulate immune function through its interactions with CB2 to impart its anti-inflammatory effects, we reasoned that 2-AG may attenuate infectious disease by activating CB2 receptors. To address this, we next investigated whether CB2 blockade with the inhibitor AM630 can reverse the protective effects of JZL184 observed with CR infection. CR fecal shedding, colonization of cecal tissues, and corresponding cecal pathology were all comparable between WT mice that were administered JZL184 or co-administered JZL184 and AM630 (Figures 2G, 2H, and S2G). These findings suggest that the protective effects of 2-AG on CR infection are not mediated through the engagement of the host CB2 receptor."
R0adcbe5413,PMC7606741,112021104,CR,Species,decrease,2-AG,Chemical,cr,2-ag,"('CR', '2-AG')","('Species', 'Chemical')","['increase', 'part_of', 'Interacts_with', 'worsen', 'decrease', 'affects']",9,True,True,False,False,False,False,,5,2,"Because colonic 2-AG levels are increased in Mgll KO mice, we next assessed whether decreased LEE expression in Mgll KO mice may be the result of direct effects of 2-AG on AE pathogen virulence. We performed RNA sequencing (RNA-seq) analysis to investigate whether 2-AG can alter the pathogen transcriptome in vitro under well-established LEE inducing growth conditions (; RNA-seq accession number PRJEB29880). RNA-seq was conducted in EHEC grown in vitro in the presence of vehicle or of 10 microM 2-AG, which is within the physiological range reported in the human and murine intestines. 2-AG significantly altered the expression of four KEGG pathways, including the bacterial secretion system and pathogenic E. coli infection pathways (Figure S4A). Gene-level analyses revealed that these results corresponded with a significant downregulation of numerous LEE-encoded genes including espA (Figure S4B). In contrast, few non-LEE-encoded genes were differentially expressed in EHEC in response to 2-AG (RNA-seq accession number PRJEB29880), including the lethal phage-encoded virulence factor Shiga toxin (stx2a) (Figure S4C). The inhibitory effects of 2-AG on LEE transcription were confirmed by qRT-PCR of representative LEE-encoded genes from its five operons in EHEC and in CR (Figures 3E and S4D). 2-AG did not affect the in vitro growth of EHEC or CR (Figures S4E-S4G), suggesting that the inhibitory effects of 2-AG on the LEE are not the result of a decrease in bacterial density. Hence, the host 2-AG inhibits the expression of LEE virulence genes in human and murine AE pathogens."
R287d58d473,PMC7606741,112021105,CR,Species,affects,2-AG,Chemical,cr,2-ag,"('CR', '2-AG')","('Species', 'Chemical')","['increase', 'part_of', 'Interacts_with', 'worsen', 'decrease', 'affects']",9,True,True,False,False,False,False,,2,4,"To functionally confirm the inhibitory effects of 2-AG on the LEE, we next investigated whether 2-AG can inhibit LEE-encoded T3SS activity. In both EHEC and CR, 2-AG significantly reduced EspA and EspB proteins in whole-cell lysates and in the corresponding supernatants (Figures 3F-3I), which together indicates decreased EspA and EspB secretion. Because the biological activity of 2-AG is inactivated through its isomerization to 1-AG, we next determined whether 1-AG can also inhibit the LEE. In contrast to 2-AG, 1-AG did not inhibit LEE expression (Figures 3J and 3K). Finally, we also tested whether a second ubiquitous endocannabinoid in the gut, arachidonoyl ethanolamide (AEA), which also contains an arachidonic acid moiety, can modulate the LEE. In contrast to 2-AG, anandamide does not inhibit EspA secretion in EHEC (Figure S4H), thus demonstrating the distinct inhibitory effects of 2-AG on the LEE compared to other endocannabinoids. Collectively, these transcriptional and functional studies demonstrate that 2-AG can act directly on AE pathogens to decrease their pathogenicity by inhibiting an essential virulence factor, thus introducing a mechanism by which CR infection is attenuated in mice with elevated 2-AG."
Rd9b013b02f,PMC7606741,112021105,CR,Species,causes,arachidonoyl ethanolamide,Chemical,cr,arachidonoyl ethanolamide,"('CR', 'arachidonoyl ethanolamide')","('Species', 'Chemical')",['causes'],1,False,True,False,False,False,False,,2,1,"To functionally confirm the inhibitory effects of 2-AG on the LEE, we next investigated whether 2-AG can inhibit LEE-encoded T3SS activity. In both EHEC and CR, 2-AG significantly reduced EspA and EspB proteins in whole-cell lysates and in the corresponding supernatants (Figures 3F-3I), which together indicates decreased EspA and EspB secretion. Because the biological activity of 2-AG is inactivated through its isomerization to 1-AG, we next determined whether 1-AG can also inhibit the LEE. In contrast to 2-AG, 1-AG did not inhibit LEE expression (Figures 3J and 3K). Finally, we also tested whether a second ubiquitous endocannabinoid in the gut, arachidonoyl ethanolamide (AEA), which also contains an arachidonic acid moiety, can modulate the LEE. In contrast to 2-AG, anandamide does not inhibit EspA secretion in EHEC (Figure S4H), thus demonstrating the distinct inhibitory effects of 2-AG on the LEE compared to other endocannabinoids. Collectively, these transcriptional and functional studies demonstrate that 2-AG can act directly on AE pathogens to decrease their pathogenicity by inhibiting an essential virulence factor, thus introducing a mechanism by which CR infection is attenuated in mice with elevated 2-AG."
R656249ab68,PMC7606741,112021107,ssaV,Species,decrease,2-AG,Chemical,ssav,2-ag,"('ssaV', '2-AG')","('Species', 'Chemical')",['decrease'],3,True,True,False,False,False,False,,9,2,"Other enteric pathogens such as S. typhimurium also utilize T3SS-based strategies to establish successful infection in the gut. We investigated whether 2-AG can also inhibit T3SS-dependent virulence in S. typhimurium. S. typhimurium harbors two pathogenicity islands, SPI-1 and SPI-2, that each encode T3SSs that confer epithelial invasiveness and intracellular replication, respectively (Figure 5A). To determine whether 2-AG can modulate SPI-1 activity, we first cultured S. typhimurium under SPI-1-inducing conditions in the presence of 2-AG. qRT-PCR of representative SPI-1 genes revealed that 2-AG inhibited the expression of the SPI-1 master transcriptional regulator hilD and the SPI-1 effectors sipA and sopB (Figures 5B-5D), which corresponded with the decreased secretion of SipA (Figure S5A). When cultured under SPI-2 inducing conditions, the presence of 2-AG also decreased expression of SPI-2 genes including the T3SS apparatus protein ssaV and the SPI-2 effector sseF (Figures 5E and 5F). Importantly, 2-AG did not alter the growth kinetics of S. typhimurium (Figure S5B), suggesting that the decreased expression of virulence genes in the presence of 2-AG is not the result of any detrimental effects on Salmonella growth."
R61300344f0,PMC7606741,112021107,S. typhimurium,Species,decrease,2-AG,Chemical,s. typhimurium,2-ag,"('S. typhimurium', '2-AG')","('Species', 'Chemical')",['decrease'],2,True,True,False,False,False,False,,9,2,"Other enteric pathogens such as S. typhimurium also utilize T3SS-based strategies to establish successful infection in the gut. We investigated whether 2-AG can also inhibit T3SS-dependent virulence in S. typhimurium. S. typhimurium harbors two pathogenicity islands, SPI-1 and SPI-2, that each encode T3SSs that confer epithelial invasiveness and intracellular replication, respectively (Figure 5A). To determine whether 2-AG can modulate SPI-1 activity, we first cultured S. typhimurium under SPI-1-inducing conditions in the presence of 2-AG. qRT-PCR of representative SPI-1 genes revealed that 2-AG inhibited the expression of the SPI-1 master transcriptional regulator hilD and the SPI-1 effectors sipA and sopB (Figures 5B-5D), which corresponded with the decreased secretion of SipA (Figure S5A). When cultured under SPI-2 inducing conditions, the presence of 2-AG also decreased expression of SPI-2 genes including the T3SS apparatus protein ssaV and the SPI-2 effector sseF (Figures 5E and 5F). Importantly, 2-AG did not alter the growth kinetics of S. typhimurium (Figure S5B), suggesting that the decreased expression of virulence genes in the presence of 2-AG is not the result of any detrimental effects on Salmonella growth."
R2c64bee380,PMC7606741,112021107,Salmonella,Species,decrease,2-AG,Chemical,salmonella,2-ag,"('Salmonella', '2-AG')","('Species', 'Chemical')","['affects', 'decrease']",2,True,True,False,False,False,False,,9,1,"Other enteric pathogens such as S. typhimurium also utilize T3SS-based strategies to establish successful infection in the gut. We investigated whether 2-AG can also inhibit T3SS-dependent virulence in S. typhimurium. S. typhimurium harbors two pathogenicity islands, SPI-1 and SPI-2, that each encode T3SSs that confer epithelial invasiveness and intracellular replication, respectively (Figure 5A). To determine whether 2-AG can modulate SPI-1 activity, we first cultured S. typhimurium under SPI-1-inducing conditions in the presence of 2-AG. qRT-PCR of representative SPI-1 genes revealed that 2-AG inhibited the expression of the SPI-1 master transcriptional regulator hilD and the SPI-1 effectors sipA and sopB (Figures 5B-5D), which corresponded with the decreased secretion of SipA (Figure S5A). When cultured under SPI-2 inducing conditions, the presence of 2-AG also decreased expression of SPI-2 genes including the T3SS apparatus protein ssaV and the SPI-2 effector sseF (Figures 5E and 5F). Importantly, 2-AG did not alter the growth kinetics of S. typhimurium (Figure S5B), suggesting that the decreased expression of virulence genes in the presence of 2-AG is not the result of any detrimental effects on Salmonella growth."
R656249ab68,PMC7606741,112021107,ssaV,Species,decrease,2-AG,Chemical,ssav,2-ag,"('ssaV', '2-AG')","('Species', 'Chemical')",['decrease'],3,True,True,False,False,False,False,,9,2,"Other enteric pathogens such as S. typhimurium also utilize T3SS-based strategies to establish successful infection in the gut. We investigated whether 2-AG can also inhibit T3SS-dependent virulence in S. typhimurium. S. typhimurium harbors two pathogenicity islands, SPI-1 and SPI-2, that each encode T3SSs that confer epithelial invasiveness and intracellular replication, respectively (Figure 5A). To determine whether 2-AG can modulate SPI-1 activity, we first cultured S. typhimurium under SPI-1-inducing conditions in the presence of 2-AG. qRT-PCR of representative SPI-1 genes revealed that 2-AG inhibited the expression of the SPI-1 master transcriptional regulator hilD and the SPI-1 effectors sipA and sopB (Figures 5B-5D), which corresponded with the decreased secretion of SipA (Figure S5A). When cultured under SPI-2 inducing conditions, the presence of 2-AG also decreased expression of SPI-2 genes including the T3SS apparatus protein ssaV and the SPI-2 effector sseF (Figures 5E and 5F). Importantly, 2-AG did not alter the growth kinetics of S. typhimurium (Figure S5B), suggesting that the decreased expression of virulence genes in the presence of 2-AG is not the result of any detrimental effects on Salmonella growth."
Re075565faa,PMC7606741,112021108,S. typhimurium,Species,decrease,2-AG,Chemical,s. typhimurium,2-ag,"('S. typhimurium', '2-AG')","('Species', 'Chemical')",['decrease'],2,True,True,False,False,False,False,,5,2,"We next investigated whether 2-AG can also inhibit SPI-1 and SPI-2-dependent virulence functions in S. typhimurium. Mgll KO mice with elevated 2-AG levels are protected against enteric infection with S. typhimurium utilizing the well-established streptomycin model of Salmonella infection. Streptomycin treatment is necessary for the induction of SPI-1-dependent colon pathology as mice not pretreated with this antibiotic prior to Salmonella infection develop Typhoid-like systemic disease. Mgll KO mice exhibited modest but statistically significant protection against S. typhimurium infection as assessed by survival rates (Figure 5G). However, as expected with antibiotic treatment, fecal abundances of S. typhimurium did not differ between Mgll WT and KO mice (Figure S5C). We therefore turned to in vitro Salmonella infection models to assess the direct effects of 2-AG on SPI-1 and SPI-2-associated virulence functions, epithelial invasion, and intracellular replication, in a more controlled manner. Similar to our observations with EHEC, pretreatment of S. typhimurium with 2-AG prior to infection of epithelial monolayers reduced SPI-1-dependent invasion of epithelial cells by approximately 50% (Figure 5H). Moreover, addition of 2-AG to infected epithelial monolayers did not further reduce Salmonella invasion, demonstrating that 2-AG pretreatment was sufficient to reduce SPI-1-dependent virulence (Figure 5H). With respect to SPI-2-dependent virulence, the presence of 2-AG also corresponded with decreased intracellular survival of S. typhimurium within cultured macrophages (Figure 5I). Hence, in addition to its inhibitory effects on A/E pathogens, 2-AG inhibits T3SS-dependent virulence functions in S. typhimurium, therefore demonstrating the broader anti-virulence effects of 2-AG on Enterobacteriaceae enteric pathogens."
R0ee2e72d8a,PMC7606741,112021110,CR,Species,worsen,2-AG,Chemical,cr,2-ag,"('CR', '2-AG')","('Species', 'Chemical')","['increase', 'part_of', 'Interacts_with', 'worsen', 'decrease', 'affects']",9,True,True,False,False,False,False,,3,1,"Because 2-AG can attenuate the virulence of AE pathogens, we next sought to identify a putative mechanism by which 2-AG exerts its inhibitory effects. The structure of 2-AG is composed of a long-chain fatty acid moiety, arachidonic acid, that is covalently bonded to a glycerol backbone at the sn2 position (Figure 1A). In Enterobacteriaceae, including Salmonella, E. coli, and CR, FadL is the only identified long-chain fatty acid transporter and is localized to the outer membrane (OM). Based on the structure of 2-AG, we therefore hypothesized that FadL may also import 2-AG across the OM. To address this, we tested whether 2-AG modulates LEE activity in an isogenic fadL mutant, reasoning that a lack of LEE inhibition in response to 2-AG would support the involvement of FadL in 2-AG transport. EspA and EspB secretion were no longer attenuated in the fadL mutant (Figures 6A and 6B), demonstrating that FadL is necessary for pathogen sensing of 2-AG. We next attempted to investigate how Mgll KO mice with elevated 2-AG levels respond to infection with an isogenic fadL mutant in CR. However, deletion of fadL rendered CR unable to stably colonize the murine gut (Figures S6A and S6B)."
R329245cceb,PMC7606741,112021113,CR strain,Species,decrease,2-AG,Chemical,cr,2-ag,"('CR strain', '2-AG')","('Species', 'Chemical')",['decrease'],1,False,True,False,False,False,False,,3,2,"Because 2-AG seems to exert its anti-virulence effects through the inhibition of the provirulence receptor QseC, we investigated whether this interaction contributes to the protection from CR infection observed in Mgll KO mice with elevated 2-AG. To test this, we challenged Mgll WT and KO mice with CR WT or the qseC mutant that is unable to sense 2-AG. As we have previously reported, CR colonization of the gut is attenuated in mice infected with the qseC mutant (Figures 6H and 6I). In contrast to Mgll KO mice colonized with the parental CR strain, where pathogen burdens are decreased in feces and in cecal tissues with increased host 2-AG, we observed similar fecal and cecal burdens of the qseC mutant in Mgll KO mice compared to Mgll WT mice (Figures 6H and 6I). Notably, the percentage of mice with cecal tissues positive for the qseC mutant by culture were comparable between Mgll WT and KO mice infected with the qseC mutant (both at 62.5%) (Figure 6I). While this infection rate is lower than Mgll WT mice colonized with the parental CR strain (94.4%), the rate of infection remained most attenuated in Mgll KO mice infected with the parental CR strain (28.9%) (Figure 6I). Similar trends were observed with fecal pathogen shedding (Figure 6H). Moreover, the severity of disease as assessed by gross pathology did not differ between Mgll WT and KO mice colonized with the qseC mutant and was not as attenuated as in Mgll KO mice colonized with the 2-AG responsive parental strain (Figure 6J). Finally, because 2-AG can impact host neurotransmitter activity and epi/NE exert direct pro-virulence effects on AE pathogens, we assessed whether colonic NE levels differed between Mgll WT and KO mice as an alternative explanation for the decreased CR virulence in Mgll KO mice. We observed that colonic NE was comparable between Mgll WT and KO mice (Figure S6H), thus further supporting our hypothesis that 2-AG attenuates intestinal infection through its anti-virulence effects. Collectively, our findings suggest that 2-AG directly attenuates the virulence potential of AE pathogens by inhibiting the activation of QseC, which contributes to the protection against enteric infection by AE pathogens observed in mice with elevated 2-AG. More broadly, our findings establish that host endocannabinoids directly modulate bacterial function, which in turn can impact host-bacterial interactions and the outcomes of GI disease."
R8f6eff5770,PMC7606741,112021115,CR,Species,increase,2-AG,Chemical,cr,2-ag,"('CR', '2-AG')","('Species', 'Chemical')","['increase', 'part_of', 'Interacts_with', 'worsen', 'decrease', 'affects']",9,True,True,False,False,False,False,,5,1,"Genetic ablation and pharmacological blockade of Mgll leads to accumulation of 2-AG in colon tissues (Figure 1B). Mice with elevated 2-AG are less susceptible to CR infection (Figures 1 and 2). Specifically, increased levels of 2-AG in the host promotes earlier pathogen clearance while minimally impacting its initial establishment. This effect is more pronounced in female Mgll KO mice, which interestingly exhibit a trend toward increased colonic 2-AG compared to males. The sexual dimorphic characteristics of the mammalian ECS has been well established in the brain and reproductive system. To our knowledge, the observation of sexual dimorphism with ECS manipulations in the context of experimental colitis has not been previously reported. Pharmacological blockade of Mgll prior to CR infection recapitulates this phenotype, suggesting that any changes in endocannabinoid or immune tone as a result of lifelong Mgll deficiency unlikely contributes to this effect. From the 11 immune markers investigated in colon and cecum tissues of WT and KO mice, the levels of only three were altered. However, we acknowledge that the small changes in the basal expression of these few immune markers (Lcn2, Il10, and Il12b) in the colons of Mgll KO mice (Figures S2E and S2F) may also contribute to modulating the host response to enteric infection. Future experiments aiming to address this are granted. In both Mgll KO mice and mice subjected to pharmacological blockade of Mgll, decreased intestinal colonization at days 7 and 10 correspond with minimal activation of proinflammatory host responses, such as the nuclear factor kappaB (NF-kappaB)-regulated gene Nos2 compared to uninfected controls, and attenuated histopathology and pathology. This suggests that the increased CR clearance in mice with elevated 2-AG is not the result of an accelerated infectious life cycle as activation of immune responses and tissue pathology would likely be evident at day 7 as CR is cleared from cecal tissues. Moreover, decreased expression of the LEE in CR in Mgll KO mice precedes the biggest differences in fecal and cecal CR colonization between WT and KO mice observed at day 10. Hence, our findings support a model where decreased LEE expression corresponds with reduced intestinal pathology and faster CR clearance in mice with elevated 2-AG."
R63338df48a,PMC7606741,112021116,CR,Species,affects,2-AG,Chemical,cr,2-ag,"('CR', '2-AG')","('Species', 'Chemical')","['increase', 'part_of', 'Interacts_with', 'worsen', 'decrease', 'affects']",9,True,True,False,False,False,False,,6,4,"The extent of LEE expression correlates with the ability of AE pathogens to cause disease (Figures 1, 2, and 3). CR mutants unable to sense LEE-activating signals are attenuated. However, several of these mutants are not completely avirulent and unable to colonize the gut. The DeltaqseC can still colonize mice, albeit to a lesser degree than WT CR. The virulence dampening effects of 2-AG observed when KO mice are infected with WT CR are not observed when these animals are infected with DeltaqseC (Figures 6H-6J). Finally, antagonizing host sensing of 2-AG through CB2 did not restore disease severity in mice subjected to chronic Mgll inhibition (Figures 2G-2J). We note that the CB2 inhibitor inhibits the host, but not the bacterial, response to 2-AG, further suggesting that 2-AG also attenuates infection by dampening the virulence potential of the pathogen."
Rb897ea8f81,PMC7606741,112021117,CR,Species,Interacts_with,2-AG,Chemical,cr,2-ag,"('CR', '2-AG')","('Species', 'Chemical')","['increase', 'part_of', 'Interacts_with', 'worsen', 'decrease', 'affects']",9,True,True,False,False,False,False,,4,1,"Pathogens encounter a complex intestinal chemistry. They engage with these signals to gauge the appropriate location and infection timing to deploy virulence programs that maximize their colonization of the gut. AE pathogens sense 2-AG through its inhibition of QseC decreasing LEE expression, gut colonization, and disease. The levels of 2-AG are higher in the small intestine compared to the colon. EHEC and CR both colonize the cecum and colon in a LEE-dependent manner. Thus, it is tempting to speculate that 2-AG could be a host factor that prohibits the permissiveness of infection by these pathogens in the small intestine. 2-AG levels are regulated by the activities of Mgll and the 2-AG biosynthetic enzymes, which are expressed apically at the epithelium. To our knowledge, the 2-AG biosynthesis by microbes has not been reported. Thus, 2-AG concentrations are likely highest at the mucosal interface, where the LEE-encoded T3SS is deployed to facilitate pathogen attachment and AE lesion formation. Since mice with elevated 2-AG exhibit faster clearance of infection, it is also possible that 2-AG may serve as a signal for pathogens to initiate their exit strategy to infect the next host. Future studies to investigate the role of 2-AG in infection resolution and pathogen transmission are needed. Thus, one can speculate that in mice with elevated 2-AG, the inhibitory effects of 2-AG override the provirulence effects of NE, thus promoting faster tissue clearance of CR. Together, the interplay between NE and 2-AG may serve as local signals for AE pathogens to tightly regulate their virulence-associated T3SSs to successful complete their infectious life cycle. Future studies should define how host NE and 2-AG concentrations fluctuate along the GI tract during infection and impact pathogen-mediated gut colonization and disease."
Ree5e714136,PMC7606741,112021117,CR,Species,affects,2-AG,Chemical,cr,2-ag,"('CR', '2-AG')","('Species', 'Chemical')","['increase', 'part_of', 'Interacts_with', 'worsen', 'decrease', 'affects']",9,True,True,False,False,False,False,,4,4,"Pathogens encounter a complex intestinal chemistry. They engage with these signals to gauge the appropriate location and infection timing to deploy virulence programs that maximize their colonization of the gut. AE pathogens sense 2-AG through its inhibition of QseC decreasing LEE expression, gut colonization, and disease. The levels of 2-AG are higher in the small intestine compared to the colon. EHEC and CR both colonize the cecum and colon in a LEE-dependent manner. Thus, it is tempting to speculate that 2-AG could be a host factor that prohibits the permissiveness of infection by these pathogens in the small intestine. 2-AG levels are regulated by the activities of Mgll and the 2-AG biosynthetic enzymes, which are expressed apically at the epithelium. To our knowledge, the 2-AG biosynthesis by microbes has not been reported. Thus, 2-AG concentrations are likely highest at the mucosal interface, where the LEE-encoded T3SS is deployed to facilitate pathogen attachment and AE lesion formation. Since mice with elevated 2-AG exhibit faster clearance of infection, it is also possible that 2-AG may serve as a signal for pathogens to initiate their exit strategy to infect the next host. Future studies to investigate the role of 2-AG in infection resolution and pathogen transmission are needed. Thus, one can speculate that in mice with elevated 2-AG, the inhibitory effects of 2-AG override the provirulence effects of NE, thus promoting faster tissue clearance of CR. Together, the interplay between NE and 2-AG may serve as local signals for AE pathogens to tightly regulate their virulence-associated T3SSs to successful complete their infectious life cycle. Future studies should define how host NE and 2-AG concentrations fluctuate along the GI tract during infection and impact pathogen-mediated gut colonization and disease."
R0b9692ea44,PMC7606741,112021127,CR,Species,decrease,JZL184,Chemical,cr,jzl184,"('CR', 'JZL184')","('Species', 'Chemical')","['experiences', 'decrease']",2,True,True,False,False,False,False,,4,1,"Eight to 12-week-old female Mgll-/- mice and Mgll+/+ littermate controls, or C57BL/6 mice purchased from Jackson Laboratory, were utilized for these experiments. Where indicated, mice were chronically administered the Mgll inhibitor JZL184 (Cayman Chemical) by I.P. at 16 mg/kg, once every 24 hours for 5 days, prior to the start of infection. Where indicated, mice were administered the cannabinoid receptor 2 inhibitor AM630 (Cayman Chemical) by I.P. at 10 mg/kg, once every 24 hours for 5 days, prior to the start of infection. Mice were administered AM630 or vehicle control approximately 30 minutes prior to receiving JZL184 or vehicle control. The last dose was administered on the same day of infection, approximately 30 minutes prior to gavage with CR. All pharmacological agents were dissolved in DMSO with gentle heating as needed and mixed with Tween-80 and PBS as a vehicle at a final ratio of 18:1:1 (PBS/Tween-80/DMSO). Following these treatments, mice were gavaged with 1 x 109 CFU of CR DBS100 or mock infected with PBS. Fecal pellets were collected throughout the course of infection to enumerate fecal pathogen loads by quantitative culture using selective media with nalidixic acid. At necropsy, colon tissues were harvested to quantify CR burden and for pathology analysis. Colon contents were collected for quantitative bacterial culture. All experiments were performed with at least two independent cohorts with the exception of the group co-administered JZL184 and AM630 (1 cohort). Sample sizes are indicated in the figure legends."
R1455713f6b,PMC7606741,112021130,Typhimurium,Species,start,streptomycin,Chemical,typhimurium,streptomycin,"('Typhimurium', 'streptomycin')","('Species', 'Chemical')",['start'],1,False,True,False,False,False,False,,4,1,"At 8-12 weeks of age, male and female WT or Mgll-/- mice on the C57BL/6 background were intragastrically administered 20 mg of streptomycin as previously described (19). After 24 hours, mice were orally infected with 1 x 109 CFU of S. enterica Typhimurium IR715 WT or the SPI-1-deficient mutant, DeltainvA. Fecal pellets were collected throughout the course of infection to enumerate fecal pathogen loads by quantitative culture using selective media with nalidixic acid. Severity of disease was assessed by mouse survival. All experiments were performed with at least two independent cohorts. Sample sizes are indicated in the figure legends."
R0d52f2e840,PMC7606741,112021134,S. Typhimurium strain,Species,decrease,streptomycin,Chemical,s. typhimurium,streptomycin,"('S. Typhimurium strain', 'streptomycin')","('Species', 'Chemical')",['decrease'],1,False,True,False,False,False,False,,4,2,"S. Typhimurium epithelial invasion assays were performed on HeLa cells as previously described. Briefly, HeLa cells were grown to 80%-90% confluency in DMEM medium with 4.5 g/L glucose and supplemented with 10% FBS and 1% penicillin/streptomycin. Three hours prior to infection, HeLa cells were incubated in DMEM medium with 1 g/L glucose and without serum and antibiotics (infection medium). Prior to infection, S. Typhimurium strain SL1344 was cultured in LB medium until OD600 = 1.0 in the presence of 2-AG or the vehicle control. Epithelial cells were then infected at a MOI of 10 for 1 hour, followed by PBS washes and incubation with gentamicin in infection medium for 1 hour to remove extracellular bacteria. Epithelial cells were lysed with 1% Triton X-100 and intracellular bacteria were enumerated by quantitative bacterial culture. All invasion assays were repeated in three independent experiments."
Rdc855501a8,PMC7606741,112021146,Salmonella enterica serovar Typhimurium,Species,causes,streptomycin,Chemical,salmonella enterica typhimurium,streptomycin,"('Salmonella enterica serovar Typhimurium', 'streptomycin')","('Species', 'Chemical')",['causes'],2,True,True,False,False,False,False,,1,2,Pretreatment of mice with streptomycin provides a Salmonella enterica serovar Typhimurium colitis model that allows analysis of both pathogen and host
Ra0337e345b,PMC7606741,112021176,canine,Species,Interacts_with,2-monoglyceride,Chemical,canine,2-monoglyceride,"('canine', '2-monoglyceride')","('Species', 'Chemical')",['Interacts_with'],1,False,True,False,False,False,False,,1,1,"Identification of an endogenous 2-monoglyceride, present in canine gut, that binds to cannabinoid receptors"
R4d77b18ca4,PMC7606741,112021213,Salmonella,Species,affects,2-AG,Chemical,salmonella,2-ag,"('Salmonella', '2-AG')","('Species', 'Chemical')","['affects', 'decrease']",2,True,True,False,False,False,False,,1,1,2-AG Attenuates T3SS-Dependent Pathogenic Interactions between Salmonella and the Host
R821cc74270,PMC7606741,112021216,ssaV,Species,decrease,2-AG,Chemical,ssav,2-ag,"('ssaV', '2-AG')","('Species', 'Chemical')",['decrease'],3,True,True,False,False,False,False,,4,2,(E and F) ST was grown aerobically under SPI-2-inducing conditions (N9 minimal medium) in the presence of 10 microM 2-AG or the vehicle control (V). Relative transcript levels at 3 h of SPI-2-encoded (E) ssaV and (F) sseF.
R8a505814f4,PMC7606741,112021218,ST,Species,decrease,2-AG,Chemical,st,2-ag,"('ST', '2-AG')","('Species', 'Chemical')","['experiences', 'affects', 'decrease']",5,True,True,False,False,False,False,,6,1,"(H) S. typhimurium (ST) was grown in the presence of 10 microM 2-AG or the vehicle control (V), and at late log phase, was transferred to a co-culture system with HeLa cells to initiate ST epithelial infection. Quantitative culture of intracellular ST (WT) as a measure of ST epithelial invasion from at least 3 biological replicates. The SPI-1-inactived ST mutant DinvA (Delta) served as a non-invasive negative control."
R8a505814f4,PMC7606741,112021218,ST,Species,decrease,2-AG,Chemical,st,2-ag,"('ST', '2-AG')","('Species', 'Chemical')","['experiences', 'affects', 'decrease']",5,True,True,False,False,False,False,,6,1,"(H) S. typhimurium (ST) was grown in the presence of 10 microM 2-AG or the vehicle control (V), and at late log phase, was transferred to a co-culture system with HeLa cells to initiate ST epithelial infection. Quantitative culture of intracellular ST (WT) as a measure of ST epithelial invasion from at least 3 biological replicates. The SPI-1-inactived ST mutant DinvA (Delta) served as a non-invasive negative control."
R8055fdfe69,PMC7606741,112021218,ST,Species,affects,2-AG,Chemical,st,2-ag,"('ST', '2-AG')","('Species', 'Chemical')","['experiences', 'affects', 'decrease']",5,True,True,False,False,False,False,,6,1,"(H) S. typhimurium (ST) was grown in the presence of 10 microM 2-AG or the vehicle control (V), and at late log phase, was transferred to a co-culture system with HeLa cells to initiate ST epithelial infection. Quantitative culture of intracellular ST (WT) as a measure of ST epithelial invasion from at least 3 biological replicates. The SPI-1-inactived ST mutant DinvA (Delta) served as a non-invasive negative control."
Rdf966398b0,PMC7606741,112021225,CR,Species,affects,2-AG,Chemical,cr,2-ag,"('CR', '2-AG')","('Species', 'Chemical')","['increase', 'part_of', 'Interacts_with', 'worsen', 'decrease', 'affects']",9,True,True,False,False,False,False,,2,4,"(K) Schematic of proposed model depicting 2-AG sensing in A/E pathogens. All data are represented as either the mean +- SEM (B, D-I) or as the median (J). The red dashed line represents the detection limit for quantitative bacterial culture. Data from mice infected with CR WT (3 independent cohorts) are depicted in Figure 1, with one cohort run together with CR qseC. Three independent cohorts were run for CR qseC."
R4086ea1bdc,PMC7606741,112021229,C. rodentium,Species,affects,2-AG,Chemical,c. rodentium,2-ag,"('C. rodentium', '2-AG')","('Species', 'Chemical')",['affects'],1,False,True,False,False,False,False,,1,1,2-AG inhibits virulence programs in EHEC and C. rodentium essential for infection
Rd88ace68ac,PMC5534341,112021321,sesame,Species,affects,catechins,Chemical,sesame,catechins,"('sesame', 'catechins')","('Species', 'Chemical')",['affects'],1,False,True,False,False,False,False,,7,1,"Identifying and characterizing gut microbial enzymes may also help us to better understand dietary compounds that are associated with health benefits. For example, numerous studies implicate the gut microbiota in metabolizing poorly absorbed, polyphenolic compounds from plantderived foods  including soy isoflavones, lignans from flaxseed and sesame seeds, flavonoids like the catechins and gallate esters found in tea, and ellagic acid from nuts and berries (-). These molecules are processed using a range of transformations, including ring cleavage, demethylation, and dehydroxylation, which generally produce metabolites with higher oral bioavailability, increased bioactivity, and a correlation with lowered disease risk . Polyphenolmetabolism varies widelyamong individuals , and further research is needed to elucidate whether these microbial products can directly affect host biology or are biomarkers for disease susceptibility. From a chemical standpoint, studying polyphenolmetabolismwill also address fundamental gaps in our understanding of gut microbial enzymes."
R61431b7493,PMC5534341,112021321,sesame,Species,Interacts_with,polyphenolic compounds,Chemical,sesame,polyphenolic compounds,"('sesame', 'polyphenolic compounds')","('Species', 'Chemical')",['Interacts_with'],1,False,True,False,False,False,False,,7,1,"Identifying and characterizing gut microbial enzymes may also help us to better understand dietary compounds that are associated with health benefits. For example, numerous studies implicate the gut microbiota in metabolizing poorly absorbed, polyphenolic compounds from plantderived foods  including soy isoflavones, lignans from flaxseed and sesame seeds, flavonoids like the catechins and gallate esters found in tea, and ellagic acid from nuts and berries (-). These molecules are processed using a range of transformations, including ring cleavage, demethylation, and dehydroxylation, which generally produce metabolites with higher oral bioavailability, increased bioactivity, and a correlation with lowered disease risk . Polyphenolmetabolism varies widelyamong individuals , and further research is needed to elucidate whether these microbial products can directly affect host biology or are biomarkers for disease susceptibility. From a chemical standpoint, studying polyphenolmetabolismwill also address fundamental gaps in our understanding of gut microbial enzymes."
R40dfea5ae0,PMC5534341,112021321,sesame,Species,improve,lignans,Chemical,sesame,lignans,"('sesame', 'lignans')","('Species', 'Chemical')",['improve'],1,False,True,False,False,False,False,,7,1,"Identifying and characterizing gut microbial enzymes may also help us to better understand dietary compounds that are associated with health benefits. For example, numerous studies implicate the gut microbiota in metabolizing poorly absorbed, polyphenolic compounds from plantderived foods  including soy isoflavones, lignans from flaxseed and sesame seeds, flavonoids like the catechins and gallate esters found in tea, and ellagic acid from nuts and berries (-). These molecules are processed using a range of transformations, including ring cleavage, demethylation, and dehydroxylation, which generally produce metabolites with higher oral bioavailability, increased bioactivity, and a correlation with lowered disease risk . Polyphenolmetabolism varies widelyamong individuals , and further research is needed to elucidate whether these microbial products can directly affect host biology or are biomarkers for disease susceptibility. From a chemical standpoint, studying polyphenolmetabolismwill also address fundamental gaps in our understanding of gut microbial enzymes."
R3fdf6aa70d,PMC5534341,112021329,Clostridium difficile,Species,start,sulfasalazine,Chemical,clostridium difficile,sulfasalazine,"('Clostridium difficile', 'sulfasalazine')","('Species', 'Chemical')",['start'],1,False,True,False,False,False,False,,7,1,"Multipledrugs that target theGI tract are affected by gut microbes, either by direct chemical modification or indirectly through the many interactions these organisms have with host cells in this environment. Notably, many of these agents rely on microbial metabolism for converting inactive precursors (prodrugs) to pharmaceutically active compounds. Prominent examples are antiinflammatory drugs that contain azo linkages, including the inflammatory bowel disease (IBD) medication sulfasalazine . Gutmicrobes reduce sulfasalazine into sulfapyridine and the active antiinflammatory agent 5-ASA, and various intestinal bacteria can further metabolize 5-ASA into N-acetyl 5-ASA, a metabolite that lacks anti-inflammatory activity. Considerable variability in acetylation rates has been observed in human fecal samples . Together with differences in azo reduction, this observation could potentially explain variable therapeutic efficacy of sulfasalazine in patients. N-acetyl ASA inhibits the growth of anaerobes, including Clostridium difficile , which suggests that this activity could affect gut microbiome composition. This observation is particularly noteworthy given our increasing appreciation of the participation of the gut microbiota in IBD pathogenesis. Other gut microbial activities that are responsible for prodrug activation include reduction of the sulfoxide found in the anti-inflammatory compound sulindac  and reduction of the N-oxide of the anti-diarrheal drug loperamide . Gaining a better understanding of the specific organisms and enzymes responsible for these activities and their presence in patients could aid in drug selection and dosing."
Rd09dcbf6d8,PMC5534341,112021334,E. lenta,Species,worsen,dihydrodigoxin,Chemical,e. lenta,dihydrodigoxin,"('E. lenta', 'dihydrodigoxin')","('Species', 'Chemical')",['worsen'],1,False,True,False,False,False,False,,7,1,"Digitalis purpurea (foxglove) plant extracts were first used to treat ""dropsy"" (congestive heart failure) more than 230 years ago . The active constituent of foxglove is the cardiac glycoside digoxin, which inhibits Na+/K+ ATPases in cardiac myocytes, causing an influx of calcium and enhanced muscular contraction. Digoxin has a very narrow therapeutic window, requiring careful monitoring to avoid toxicity. More than 10% of patients taking digoxin excrete high levels of dihydrodigoxin, an inactivemetabolite derived from reduction of an alpha,beta-unsaturated lactone (Fig. 1A). Early studies implicated the gut microbiota in drug inactivation, as coadministering digoxin with antibiotics decreased or abolished dihydrodigoxin production . Moreover, fecal samples from dihydrodigoxin-excreting individuals were found to completely metabolize digoxin. Subsequent isolation of digoxin-metabolizing microbes revealed that a single organism, Eubacterium lentum (renamed Eggerthella lenta), was responsible . However, E. lenta was also found in patients who did not excrete dihydrodigoxin, illustrating that the presence of this species alone was not predictive of activity."
Rf854c7b698,PMC5534341,112021334,E. lenta,Species,start,digoxin,Chemical,e. lenta,digoxin,"('E. lenta', 'digoxin')","('Species', 'Chemical')","['start', 'affects']",3,True,True,False,False,False,False,,7,1,"Digitalis purpurea (foxglove) plant extracts were first used to treat ""dropsy"" (congestive heart failure) more than 230 years ago . The active constituent of foxglove is the cardiac glycoside digoxin, which inhibits Na+/K+ ATPases in cardiac myocytes, causing an influx of calcium and enhanced muscular contraction. Digoxin has a very narrow therapeutic window, requiring careful monitoring to avoid toxicity. More than 10% of patients taking digoxin excrete high levels of dihydrodigoxin, an inactivemetabolite derived from reduction of an alpha,beta-unsaturated lactone (Fig. 1A). Early studies implicated the gut microbiota in drug inactivation, as coadministering digoxin with antibiotics decreased or abolished dihydrodigoxin production . Moreover, fecal samples from dihydrodigoxin-excreting individuals were found to completely metabolize digoxin. Subsequent isolation of digoxin-metabolizing microbes revealed that a single organism, Eubacterium lentum (renamed Eggerthella lenta), was responsible . However, E. lenta was also found in patients who did not excrete dihydrodigoxin, illustrating that the presence of this species alone was not predictive of activity."
Rb7243caa42,PMC5534341,112021334,Eggerthella lenta,Species,Interacts_with,inactivemetabolite,Chemical,eggerthella lenta,inactivemetabolite,"('Eggerthella lenta', 'inactivemetabolite')","('Species', 'Chemical')",['Interacts_with'],1,False,True,False,False,False,False,,7,1,"Digitalis purpurea (foxglove) plant extracts were first used to treat ""dropsy"" (congestive heart failure) more than 230 years ago . The active constituent of foxglove is the cardiac glycoside digoxin, which inhibits Na+/K+ ATPases in cardiac myocytes, causing an influx of calcium and enhanced muscular contraction. Digoxin has a very narrow therapeutic window, requiring careful monitoring to avoid toxicity. More than 10% of patients taking digoxin excrete high levels of dihydrodigoxin, an inactivemetabolite derived from reduction of an alpha,beta-unsaturated lactone (Fig. 1A). Early studies implicated the gut microbiota in drug inactivation, as coadministering digoxin with antibiotics decreased or abolished dihydrodigoxin production . Moreover, fecal samples from dihydrodigoxin-excreting individuals were found to completely metabolize digoxin. Subsequent isolation of digoxin-metabolizing microbes revealed that a single organism, Eubacterium lentum (renamed Eggerthella lenta), was responsible . However, E. lenta was also found in patients who did not excrete dihydrodigoxin, illustrating that the presence of this species alone was not predictive of activity."
R1e7275798f,PMC5534341,112021334,Eubacterium lentum,Species,Interacts_with,dihydrodigoxin,Chemical,eubacterium lentum,dihydrodigoxin,"('Eubacterium lentum', 'dihydrodigoxin')","('Species', 'Chemical')",['Interacts_with'],1,False,True,False,False,False,False,,7,1,"Digitalis purpurea (foxglove) plant extracts were first used to treat ""dropsy"" (congestive heart failure) more than 230 years ago . The active constituent of foxglove is the cardiac glycoside digoxin, which inhibits Na+/K+ ATPases in cardiac myocytes, causing an influx of calcium and enhanced muscular contraction. Digoxin has a very narrow therapeutic window, requiring careful monitoring to avoid toxicity. More than 10% of patients taking digoxin excrete high levels of dihydrodigoxin, an inactivemetabolite derived from reduction of an alpha,beta-unsaturated lactone (Fig. 1A). Early studies implicated the gut microbiota in drug inactivation, as coadministering digoxin with antibiotics decreased or abolished dihydrodigoxin production . Moreover, fecal samples from dihydrodigoxin-excreting individuals were found to completely metabolize digoxin. Subsequent isolation of digoxin-metabolizing microbes revealed that a single organism, Eubacterium lentum (renamed Eggerthella lenta), was responsible . However, E. lenta was also found in patients who did not excrete dihydrodigoxin, illustrating that the presence of this species alone was not predictive of activity."
Rc217eff3b6,PMC5534341,112021336,E. lenta,Species,affects,digoxin,Chemical,e. lenta,digoxin,"('E. lenta', 'digoxin')","('Species', 'Chemical')","['start', 'affects']",3,True,True,False,False,False,False,,3,1,"Although E. lenta's role in digoxinmetabolism has been appreciated for decades, challenges in growing the organism and a lack of genetic tools hampered efforts to understand this transformation. More recently, Turnbaugh and co-workers used RNA sequencing (RNA-seq) and comparative genomics to identify a digoxin-inducible gene cluster present only in digoxin-metabolizing E. lenta strains  (Fig. 1B). The cardiac glycoside reductase (cgr) operon fromthis organism encodes two proteins that resemble bacterial reductases involved in anaerobic respiration. Bioinformatic analyses suggest that a membrane-associated cytochrome (Cgr1) transfers electrons through a series of hemes to a predicted flavin-dependent reductase (Cgr2) that converts digoxin to dihydrodigoxin. The presence of cgr genes correlates with digoxin reduction by E. lenta strains. Furthermore, experiments in GF mice monoassociated with E. lenta strains and incubations with human fecal samples indicate that these genes could be useful biomarkers for digoxin inactivation . Consequently, knowledge of the conditions influencing cgr gene expression successfully informed the design of a dietary intervention that reduces digoxin metabolism in vivo . Overall, this work delineated an approach that may be generalized to study additional inducible microbial metabolic activities. Although E. lenta's role in digoxinmetabolism has been appreciated for decades, challenges in growing the organism and a lack of genetic tools hampered efforts to understand this transformation. More recently, Turnbaugh and co-workers used RNA sequencing (RNA-seq) and comparative genomics to identify a digoxin-inducible gene cluster present only in digoxin-metabolizing E. lenta strains  (Fig. 1B). The cardiac glycoside reductase (cgr) operon fromthis organism encodes two proteins that resemble bacterial reductases involved in anaerobic respiration. Bioinformatic analyses suggest that a membrane-associated cytochrome (Cgr1) transfers electrons through a series of hemes to a predicted flavin-dependent reductase (Cgr2) that converts digoxin to dihydrodigoxin. The presence of cgr genes correlates with digoxin reduction by E. lenta strains. Furthermore, experiments in GF mice monoassociated with E. lenta strains and incubations with human fecal samples indicate that these genes could be useful biomarkers for digoxin inactivation . Consequently, knowledge of the conditions influencing cgr gene expression successfully informed the design of a dietary intervention that reduces digoxin metabolism in vivo . Overall, this work delineated an approach that may be generalized to study additional inducible microbial metabolic activities."
Rc217eff3b6,PMC5534341,112021336,E. lenta,Species,affects,digoxin,Chemical,e. lenta,digoxin,"('E. lenta', 'digoxin')","('Species', 'Chemical')","['start', 'affects']",3,True,True,False,False,False,False,,3,1,"Although E. lenta's role in digoxinmetabolism has been appreciated for decades, challenges in growing the organism and a lack of genetic tools hampered efforts to understand this transformation. More recently, Turnbaugh and co-workers used RNA sequencing (RNA-seq) and comparative genomics to identify a digoxin-inducible gene cluster present only in digoxin-metabolizing E. lenta strains  (Fig. 1B). The cardiac glycoside reductase (cgr) operon fromthis organism encodes two proteins that resemble bacterial reductases involved in anaerobic respiration. Bioinformatic analyses suggest that a membrane-associated cytochrome (Cgr1) transfers electrons through a series of hemes to a predicted flavin-dependent reductase (Cgr2) that converts digoxin to dihydrodigoxin. The presence of cgr genes correlates with digoxin reduction by E. lenta strains. Furthermore, experiments in GF mice monoassociated with E. lenta strains and incubations with human fecal samples indicate that these genes could be useful biomarkers for digoxin inactivation . Consequently, knowledge of the conditions influencing cgr gene expression successfully informed the design of a dietary intervention that reduces digoxin metabolism in vivo . Overall, this work delineated an approach that may be generalized to study additional inducible microbial metabolic activities. Although E. lenta's role in digoxinmetabolism has been appreciated for decades, challenges in growing the organism and a lack of genetic tools hampered efforts to understand this transformation. More recently, Turnbaugh and co-workers used RNA sequencing (RNA-seq) and comparative genomics to identify a digoxin-inducible gene cluster present only in digoxin-metabolizing E. lenta strains  (Fig. 1B). The cardiac glycoside reductase (cgr) operon fromthis organism encodes two proteins that resemble bacterial reductases involved in anaerobic respiration. Bioinformatic analyses suggest that a membrane-associated cytochrome (Cgr1) transfers electrons through a series of hemes to a predicted flavin-dependent reductase (Cgr2) that converts digoxin to dihydrodigoxin. The presence of cgr genes correlates with digoxin reduction by E. lenta strains. Furthermore, experiments in GF mice monoassociated with E. lenta strains and incubations with human fecal samples indicate that these genes could be useful biomarkers for digoxin inactivation . Consequently, knowledge of the conditions influencing cgr gene expression successfully informed the design of a dietary intervention that reduces digoxin metabolism in vivo . Overall, this work delineated an approach that may be generalized to study additional inducible microbial metabolic activities."
Ra72d5a7f0f,PMC5534341,112021337,Salmonella enterica,Species,Interacts_with,TMAO,Chemical,salmonella enterica,tmao,"('Salmonella enterica', 'TMAO')","('Species', 'Chemical')",['Interacts_with'],1,False,True,False,False,False,False,,7,1,"Gut microbes anaerobically convert choline, an essential nutrient found in meat, eggs, and milk, into TMA, which is further transformed into trimethylamine N-oxide (TMAO) by FMOs in the liver (Fig. 2A). This co-metabolic pathway is implicated in several human diseases, including cardiovascular disease . A chemically guided, rational genome-mining effort ultimately identified the genes and enzymes that mediate this process (Fig. 2B) . Choline fermentation begins with a C-N bond cleavage reaction that resembles the first step in ethanolamine utilization, a transformation catalyzed by a B12-dependent radical enzyme (ethanolamine ammonia-lyase). Hypothesizing that these pathways might share certain reactions, we searched the genome of the choline-metabolizing, animal-associated strain Desulfovibrio desulfuricans for homologs of known ethanolamine-degrading enzymes from the pathogen Salmonella enterica. This analysis revealed the choline utilization (cut) gene cluster and CutC, a GRE that converts choline into TMA and acetaldehyde ."
Rbd15b6288c,PMC5534341,112021337,Salmonella enterica,Species,start,trimethylamine N-oxide,Chemical,salmonella enterica,trimethylamine n-oxide,"('Salmonella enterica', 'trimethylamine N-oxide')","('Species', 'Chemical')",['start'],1,False,True,False,False,False,False,,7,1,"Gut microbes anaerobically convert choline, an essential nutrient found in meat, eggs, and milk, into TMA, which is further transformed into trimethylamine N-oxide (TMAO) by FMOs in the liver (Fig. 2A). This co-metabolic pathway is implicated in several human diseases, including cardiovascular disease . A chemically guided, rational genome-mining effort ultimately identified the genes and enzymes that mediate this process (Fig. 2B) . Choline fermentation begins with a C-N bond cleavage reaction that resembles the first step in ethanolamine utilization, a transformation catalyzed by a B12-dependent radical enzyme (ethanolamine ammonia-lyase). Hypothesizing that these pathways might share certain reactions, we searched the genome of the choline-metabolizing, animal-associated strain Desulfovibrio desulfuricans for homologs of known ethanolamine-degrading enzymes from the pathogen Salmonella enterica. This analysis revealed the choline utilization (cut) gene cluster and CutC, a GRE that converts choline into TMA and acetaldehyde ."
R840f4b4fc2,PMC5534341,112021337,Salmonella enterica,Species,Interacts_with,ethanolamine,Chemical,salmonella enterica,ethanolamine,"('Salmonella enterica', 'ethanolamine')","('Species', 'Chemical')",['Interacts_with'],1,False,True,False,False,False,False,,7,1,"Gut microbes anaerobically convert choline, an essential nutrient found in meat, eggs, and milk, into TMA, which is further transformed into trimethylamine N-oxide (TMAO) by FMOs in the liver (Fig. 2A). This co-metabolic pathway is implicated in several human diseases, including cardiovascular disease . A chemically guided, rational genome-mining effort ultimately identified the genes and enzymes that mediate this process (Fig. 2B) . Choline fermentation begins with a C-N bond cleavage reaction that resembles the first step in ethanolamine utilization, a transformation catalyzed by a B12-dependent radical enzyme (ethanolamine ammonia-lyase). Hypothesizing that these pathways might share certain reactions, we searched the genome of the choline-metabolizing, animal-associated strain Desulfovibrio desulfuricans for homologs of known ethanolamine-degrading enzymes from the pathogen Salmonella enterica. This analysis revealed the choline utilization (cut) gene cluster and CutC, a GRE that converts choline into TMA and acetaldehyde ."
R493979ec88,PMC5534341,112021374,dogs,Species,affects,loperamide,Chemical,dogs,loperamide,"('dogs', 'loperamide')","('Species', 'Chemical')",['affects'],1,False,True,False,False,False,False,,5,1,"Reduction of the prodrug loperamide oxide to its active drug loperamide in the gut of rats, dogs, and humans"
R4a4b57614f,PMC6650278,112021438,bacteriophage,Species,affects,carnitine,Chemical,bacteriophage,carnitine,"('bacteriophage', 'carnitine')","('Species', 'Chemical')",['affects'],1,False,True,False,False,False,False,,5,1,"We also observed several previously undescribed biochemical differences during dysbiosis, such as large changes in acylcarnitine levels. Many acylcarnitines were significantly enriched in dysbiosis (all FDR P < 0.05; see Extended Data Fig. 4c), whereas levels of base metabolites were typically reduced (Fig. 2f, Extended Data Fig. 4d). Of note, however, arachidonoyl carnitine (C20:4 carnitine) was reduced, and free arachidonate, a precursor of prostaglandins involved in inflammation, was increased (Fig. 2a). Like bile acids, carnitines are microbially modified compounds that can have competing phenotypic effects depending on the precise modifications: l-carnitine, for example, tends to be anti-inflammatory, whereas fatty acid-conjugated carnitine does not act uniformly on gut inflammation. These opposing changes in biochemically related metabolites further suggest that the differences seen during dysbiosis do not stem simply from the wholesale dilution of stool. Numerous other metabolites were also significantly altered in individuals with dysbiotic IBD (117 of 548 tested known metabolites with FDR P < 0.05; Extended Data Fig. 4d, Supplementary Table 16), showing large-scale dysregulation of metabolite pools in tandem with host- and microbiome-specific taxonomic and molecular features (Fig. 2f). Finally, although we found only a single, poorly characterized bacteriophage to be differentially prevalent in both IBD and dysbiosis (notably with reduced prevalence in IBD; Supplementary Tables 3, 17), we note that several participants showed a spike in viral load before a dysbiotic period (Supplementary Fig. 2)."
Rc4bc75e388,PMC2859213,112021552,H. hepaticus,Species,worsen,cytochalasin D,Chemical,h. hepaticus,cytochalasin d,"('H. hepaticus', 'cytochalasin D')","('Species', 'Chemical')",['worsen'],1,False,True,False,False,False,False,,7,1,"Many enteric pathogens such as Listeria monocytogenes and Shigella flexneri have been shown to enter IECs during infection. In several cases, T3SSs either facilitate entry or are required for internalization. To determine if H. hepaticus enters IECs, we infected bacteria with MODE-K cells and observed that both wild-type and T6SS mutants were capable of entering host cells (Figure 2A). Confocal microscopy demonstrated that all strains were found associated with the cell surface as well. Z-stacks reconstructed from confocal images further revealed significant numbers of intact bacteria within the intracellular compartment of IECs (Movie S1). To determine if uptake was an active process, we incubated wild-type and T6SS mutants with MODE-K cells for 30 min in the presence or absence of cytochalasin D, an inhibitor of actin polymerization. Cells were subsequently treated with gentamicin to kill extracellular bacteria and plated for colony forming units (CFUs). Figure 2B reveals that while all strains could be recovered from the intracellular compartment of MODE-K cells, cytochalasin D inhibited bacterial uptake. Therefore, H. hepaticus appears to be actively internalized into cultured IECs through a requirement for actin rearrangement."
Rf1d51a69d0,PMC2859213,112021553,H. hepaticus,Species,decrease,gentamicin,Chemical,h. hepaticus,gentamicin,"('H. hepaticus', 'gentamicin')","('Species', 'Chemical')","['start', 'decrease']",2,True,True,False,False,False,False,,1,1,"We sought to determine if the T6SS affects bacterial internalization. MODE-K cells were incubated with H. hepaticus, treated with (or without) gentamicin, and plated for bacterial enumeration. At early time points (30 min), no differences were observed in the proportions of intracellular and cell-associated bacteria between wild-type and T6SS mutants (Figures 2C and 2D). Remarkably, by 3 hr and 6 hr, DeltaIcmF and DeltaHcp had significantly higher levels of intracellular bacteria (Figure 2C). In addition, T6SS mutants displayed greater numbers of MODE-K-associated bacteria after 6 hr (Figures 2D). Total numbers of bacteria recovered from co-cultures (which includes all non-cell associated bacteria) as well as cultures grown in the same media without MODE-K cells were comparable (Figure S1A and data not shown), demonstrating that the mutations did not affect bacterial growth. These results reveal that the T6SS of H. hepaticus limits intracellular bacterial numbers within IECs."
Rc7a2b86126,PMC2859213,112021554,H. hepaticus,Species,Interacts_with,Cytochalasin D,Chemical,h. hepaticus,cytochalasin d,"('H. hepaticus', 'Cytochalasin D')","('Species', 'Chemical')","['Interacts_with', 'improve']",2,True,True,False,False,False,False,,4,1,"To investigate if the increased cell association by T6SS mutants was due to increased adherence, we blocked internalization of H. hepaticus into MODE-K cells. Cytochalasin D was added for the duration of the co-culture (6 hr). In the absence of bacterial internalization, T6SS mutants still exhibited an increase in adherence to the extracellular surface of MODE-K cells (Figure 2E). An increase in cell adherence in the absence of internalization was also observed for T6SS mutants when MODE-K cells were fixed with 4% paraformaldehyde prior to co-incubation (data not shown). Despite the increase in MODE-K adherence, the T6SS mutants did not affect the viability of MODE-K cells compared to wild-type bacteria. Staining for MODE-K cell apoptosis with Annexin V and propidium iodide showed that neither wild-type nor T6SS mutants had a significant effect on IEC viability (Figure S1B). Our studies are consistent with previous reports (for other bacteria) suggesting that T6SSs limit entry of additional microorganisms once bacteria have already gained access to the host cytoplasm."
Ra95c33db75,PMC2859213,112021556,H. hepaticus,Species,start,gentamicin,Chemical,h. hepaticus,gentamicin,"('H. hepaticus', 'gentamicin')","('Species', 'Chemical')","['start', 'decrease']",2,True,True,False,False,False,False,,8,1,"To investigate the intracellular association of H. hepaticus within IECs in vivo, we colonized SPF (specific pathogen free) C57Bl/6 mice with wild-type, DeltaIcmF or no H. hepaticus. Colonic IECs were purified and treated with gentamicin either prior to or following IEC lysis. Internalized bacteria were enumerated as the gentamicin resistant population. Interestingly, DeltaIcmF showed increased intracellular numbers in IECs compared to wild-type bacteria (Figure 3D). This increase in bacterial internalization by DeltaIcmF was also observed in IECs recovered from the colons and ceca of C57Bl/6 Rag1-/- and IL-10-/- mice (Figure S2E). IECs lysed with saponin prior to incubation with gentamicin showed no viable H. hepaticus bacteria, demonstrating the complete killing of bacteria (Figure 3D). Our findings reveal that contrary to most secretion systems of enteric bacteria which promote infections, the H. hepaticus T6SS limits bacterial numbers during colonization of the mouse intestine."
R0c161b81ca,PMC2859213,112021567,E. coli,Species,affects,O2,Chemical,e. coli,o2,"('E. coli', 'O2')","('Species', 'Chemical')",['affects'],1,False,True,False,False,False,False,,2,1,"Helicobacter hepaticus ATCC51449 (ATCC) was cultured on Brucella agar plates with 5% sheep's blood (Teknova) or in BHI with 10% FBS. Cultures were grown at 37 C in 1% O2, 10% CO2, and 10% H2. For construction of mutants, ~2kb fragments of HH0252 (IcmF), HH0243 (Hcp), and HH0242 (VgrG) were PCR amplified and ligated into pGEMT (Promega). An erythromycin resistance gene digested from pSLB167 was inserted within the ORFs. Plasmid construction was carried out using E. coli JM109 with erythromycin and ampicillin used at 150microg/ml and 100microg/ml, respectively. Plasmid was introduced into H. hepaticus by electroporation. Mutants were selected on plates with 5microg/ml erythromycin."
Rb9f0828d80,PMC2859213,112021567,H. hepaticus,Species,affects,H2,Chemical,h. hepaticus,h2,"('H. hepaticus', 'H2')","('Species', 'Chemical')",['affects'],1,False,True,False,False,False,False,,2,1,"Helicobacter hepaticus ATCC51449 (ATCC) was cultured on Brucella agar plates with 5% sheep's blood (Teknova) or in BHI with 10% FBS. Cultures were grown at 37 C in 1% O2, 10% CO2, and 10% H2. For construction of mutants, ~2kb fragments of HH0252 (IcmF), HH0243 (Hcp), and HH0242 (VgrG) were PCR amplified and ligated into pGEMT (Promega). An erythromycin resistance gene digested from pSLB167 was inserted within the ORFs. Plasmid construction was carried out using E. coli JM109 with erythromycin and ampicillin used at 150microg/ml and 100microg/ml, respectively. Plasmid was introduced into H. hepaticus by electroporation. Mutants were selected on plates with 5microg/ml erythromycin."
R47c8b20e7a,PMC2859213,112021569,chickens,Species,Interacts_with,Ni-NTA,Chemical,chickens,ni-nta,"('chickens', 'Ni-NTA')","('Species', 'Chemical')",['Interacts_with'],1,False,True,False,False,False,False,,2,1,~900bp fragments HH0243 (Hcp) and HH0242 (VgrG) were cloned into pQE30 6xHis-tagged expression vector (Qiagen) and transformed into E. coli JM109. E. coli were grown at 25 C with 0.5mM IPTG for 5hr. Peptides wer e purified using Ni-NTA columns (Qiagen) and injected into chickens for antibody production (QED Bioscience). Antibodies were collected from eggs using the EGGstract IgY kit (Promega).
R8f25cb288e,PMC2859213,112021569,chickens,Species,affects,IPTG,Chemical,chickens,iptg,"('chickens', 'IPTG')","('Species', 'Chemical')",['affects'],1,False,True,False,False,False,False,,2,1,~900bp fragments HH0243 (Hcp) and HH0242 (VgrG) were cloned into pQE30 6xHis-tagged expression vector (Qiagen) and transformed into E. coli JM109. E. coli were grown at 25 C with 0.5mM IPTG for 5hr. Peptides wer e purified using Ni-NTA columns (Qiagen) and injected into chickens for antibody production (QED Bioscience). Antibodies were collected from eggs using the EGGstract IgY kit (Promega).
R11398fedbb,PMC2859213,112021570,Wheat,Species,affects,xylene,Chemical,wheat,xylene,"('Wheat', 'xylene')","('Species', 'Chemical')",['affects'],1,False,True,False,False,False,False,,5,1,"MODE-K cells were fixed in 4% PFA. Paraffin-embedded tissues were deparaffinized in xylene and rehydrated in ethanol. Antigen retrieval in 10mM sodium citrate, pH 6.0 was carried out for 20min at 95 C. PBS with 5% FBS was used to block and dilute antibodies. Wheat germ agglutinin conjugated to tetramethylrhodamine was used at 1:1000 for 1hr at 4 C (Invitrogen). Anti- H. hepaticus and anti-VgrG were incubated at 20microg/ml overnight at 4 C. Rabbit anti-mouse E-cadherin antibody was d iluted at 1:250 (Santa Cruz Biotech). Samples were imaged using a Zeiss LSM 510 Upright confocal microscope."
R58e9a7be24,PMC2859213,112021570,H. hepaticus,Species,decrease,Paraffin,Chemical,h. hepaticus,paraffin,"('H. hepaticus', 'Paraffin')","('Species', 'Chemical')",['decrease'],1,False,True,False,False,False,False,,5,1,"MODE-K cells were fixed in 4% PFA. Paraffin-embedded tissues were deparaffinized in xylene and rehydrated in ethanol. Antigen retrieval in 10mM sodium citrate, pH 6.0 was carried out for 20min at 95 C. PBS with 5% FBS was used to block and dilute antibodies. Wheat germ agglutinin conjugated to tetramethylrhodamine was used at 1:1000 for 1hr at 4 C (Invitrogen). Anti- H. hepaticus and anti-VgrG were incubated at 20microg/ml overnight at 4 C. Rabbit anti-mouse E-cadherin antibody was d iluted at 1:250 (Santa Cruz Biotech). Samples were imaged using a Zeiss LSM 510 Upright confocal microscope."
Rb4e08eeb7e,PMC2859213,112021570,H. hepaticus,Species,start,PFA,Chemical,h. hepaticus,pfa,"('H. hepaticus', 'PFA')","('Species', 'Chemical')","['start', 'Location_of', 'Interacts_with']",3,True,True,False,False,False,False,,5,1,"MODE-K cells were fixed in 4% PFA. Paraffin-embedded tissues were deparaffinized in xylene and rehydrated in ethanol. Antigen retrieval in 10mM sodium citrate, pH 6.0 was carried out for 20min at 95 C. PBS with 5% FBS was used to block and dilute antibodies. Wheat germ agglutinin conjugated to tetramethylrhodamine was used at 1:1000 for 1hr at 4 C (Invitrogen). Anti- H. hepaticus and anti-VgrG were incubated at 20microg/ml overnight at 4 C. Rabbit anti-mouse E-cadherin antibody was d iluted at 1:250 (Santa Cruz Biotech). Samples were imaged using a Zeiss LSM 510 Upright confocal microscope."
Rd3b757ae5c,PMC2859213,112021570,H. hepaticus,Species,Interacts_with,tetramethylrhodamine,Chemical,h. hepaticus,tetramethylrhodamine,"('H. hepaticus', 'tetramethylrhodamine')","('Species', 'Chemical')",['Interacts_with'],1,False,True,False,False,False,False,,5,1,"MODE-K cells were fixed in 4% PFA. Paraffin-embedded tissues were deparaffinized in xylene and rehydrated in ethanol. Antigen retrieval in 10mM sodium citrate, pH 6.0 was carried out for 20min at 95 C. PBS with 5% FBS was used to block and dilute antibodies. Wheat germ agglutinin conjugated to tetramethylrhodamine was used at 1:1000 for 1hr at 4 C (Invitrogen). Anti- H. hepaticus and anti-VgrG were incubated at 20microg/ml overnight at 4 C. Rabbit anti-mouse E-cadherin antibody was d iluted at 1:250 (Santa Cruz Biotech). Samples were imaged using a Zeiss LSM 510 Upright confocal microscope."
Ra4a485da8d,PMC2859213,112021573,H. hepaticus,Species,affects,Hepes,Chemical,h. hepaticus,hepes,"('H. hepaticus', 'Hepes')","('Species', 'Chemical')",['affects'],1,False,True,False,False,False,False,,3,1,"Colons were cut longitudinally and 1cm fragments were incubated twice in HBSS (-Ca2+, Mg2+) with 5mM EDTA and 10mM Hepes for 20min at 37 C wi th gentle agitation. Cells were then treated with 5% FBS, 3U/ml Dispase, and 100ug/ml DNAse for 30min at 37 C. IECs were subsequently treated with 200ug/ml gentamicin for 2hr at 37 C, lysed with 0.5% saponin, and plated on TVP plates for selection of H. hepaticus."
Ra50eddc4eb,PMC2859213,112021573,H. hepaticus,Species,Interacts_with,Mg2+,Chemical,h. hepaticus,mg2,"('H. hepaticus', 'Mg2+')","('Species', 'Chemical')",['Interacts_with'],1,False,True,False,False,False,False,,3,1,"Colons were cut longitudinally and 1cm fragments were incubated twice in HBSS (-Ca2+, Mg2+) with 5mM EDTA and 10mM Hepes for 20min at 37 C wi th gentle agitation. Cells were then treated with 5% FBS, 3U/ml Dispase, and 100ug/ml DNAse for 30min at 37 C. IECs were subsequently treated with 200ug/ml gentamicin for 2hr at 37 C, lysed with 0.5% saponin, and plated on TVP plates for selection of H. hepaticus."
R07c56f6e62,PMC2859213,112021573,H. hepaticus,Species,start,saponin,Chemical,h. hepaticus,saponin,"('H. hepaticus', 'saponin')","('Species', 'Chemical')","['start', 'Location_of']",2,True,True,False,False,False,False,,3,1,"Colons were cut longitudinally and 1cm fragments were incubated twice in HBSS (-Ca2+, Mg2+) with 5mM EDTA and 10mM Hepes for 20min at 37 C wi th gentle agitation. Cells were then treated with 5% FBS, 3U/ml Dispase, and 100ug/ml DNAse for 30min at 37 C. IECs were subsequently treated with 200ug/ml gentamicin for 2hr at 37 C, lysed with 0.5% saponin, and plated on TVP plates for selection of H. hepaticus."
Rf0bc027be3,PMC2859213,112021578,wheat,Species,affects,PFA,Chemical,wheat,pfa,"('wheat', 'PFA')","('Species', 'Chemical')","['Location_of', 'affects']",2,True,True,False,False,False,False,,4,1,"(A) Confocal image of bacteria inside MODE-K cells. WT, DeltaIcmF, or DeltaHcp was incubated with MODE-K for 6hr. MODE-K cells were rinsed with PBS, fixed in 4% PFA, and stained for H. hepaticus (green) and the eukaryotic cell membrane marker wheat germ agglutinin (red). Scale bar represents 30microm. See also Movie S1."
R5a97bdd4eb,PMC2859213,112021578,H. hepaticus,Species,Interacts_with,PFA,Chemical,h. hepaticus,pfa,"('H. hepaticus', 'PFA')","('Species', 'Chemical')","['start', 'Location_of', 'Interacts_with']",3,True,True,False,False,False,False,,4,1,"(A) Confocal image of bacteria inside MODE-K cells. WT, DeltaIcmF, or DeltaHcp was incubated with MODE-K for 6hr. MODE-K cells were rinsed with PBS, fixed in 4% PFA, and stained for H. hepaticus (green) and the eukaryotic cell membrane marker wheat germ agglutinin (red). Scale bar represents 30microm. See also Movie S1."
R0bc25c16f9,PMC2859213,112021579,H. hepaticus,Species,improve,Cytochalasin D,Chemical,h. hepaticus,cytochalasin d,"('H. hepaticus', 'Cytochalasin D')","('Species', 'Chemical')","['Interacts_with', 'improve']",2,True,True,False,False,False,False,,3,1,"(B) Cytochalasin D inhibits uptake of H. hepaticus. Prior to incubation with bacteria, MODE-K cells were treated with 10microM cytochalasin D for 1hr. Bacteria were added at an MOI of 100. After 0.5hr incubation at 37 C under mi croaerophilic conditions, cells were treated with 100microg/ml gentamicin, and intracellular bacteria plated for enumeration. Results are expressed as colony-forming units (CFUs) of intracellular bacteria divided by number of MODE-K cells. Error bars indicate SEM from 3 experiments."
R5bae50ffe4,PMC2859213,112021582,H. hepaticus,Species,affects,DeltaIcmF,Chemical,h. hepaticus,deltaicmf,"('H. hepaticus', 'DeltaIcmF')","('Species', 'Chemical')",['affects'],1,False,True,False,False,False,False,,2,1,"(B) DeltaIcmF- and DeltaHcp-mono-colonized animals have higher levels of viable H. hepaticus in the colon compared to WT-mono-colonized animals. Colon tissues were homogenized in BHI and plated for quantification. Bacterial numbers were normalized to colon tissue weights. Units are expressed as CFUs per mg of tissue. Error bars show SEM from n=4 animals per group. *p<0.05, **p<0.01 vs WT."
R5af8483b9d,PMC2859213,112021582,H. hepaticus,Species,decrease,DeltaHcp,Chemical,h. hepaticus,deltahcp,"('H. hepaticus', 'DeltaHcp')","('Species', 'Chemical')",['decrease'],1,False,True,False,False,False,False,,2,1,"(B) DeltaIcmF- and DeltaHcp-mono-colonized animals have higher levels of viable H. hepaticus in the colon compared to WT-mono-colonized animals. Colon tissues were homogenized in BHI and plated for quantification. Bacterial numbers were normalized to colon tissue weights. Units are expressed as CFUs per mg of tissue. Error bars show SEM from n=4 animals per group. *p<0.05, **p<0.01 vs WT."
R25d4ec0ce7,PMC2859213,112021584,H. hepaticus,Species,affects,Gentamicin,Chemical,h. hepaticus,gentamicin,"('H. hepaticus', 'Gentamicin')","('Species', 'Chemical')",['affects'],1,False,True,False,False,False,False,,5,1,"(D) DeltaIcmF-colonized animals have increased levels of intracellular H. hepaticus compared to WT-colonized animals. Purified IECs were treated with gentamicin either prior to or following lysis with saponin (which selectively permeablizes eukaryotic membranes). Bacteria were enumerated by plating on TVP (trimethoprim, vancomycin, polymyxin B) plates which are known to select for H. hepaticus, as confirmed by control mice which received no H. hepaticus. In 'Gentamicin Controls' IECs were lysed and then treated with gentamicin. Ratio is expressed as CFUs of bacteria divided by number of IECs. Error bars indicate SEM from n=12 animals per group. **p<0.01 vs WT. See also Figure S2E."
R0990c67e14,PMC8276089,112021609,C. difficile,Species,worsen,MACs,Chemical,c. difficile,macs,"('C. difficile', 'MACs')","('Species', 'Chemical')",['worsen'],1,False,True,False,False,False,False,,5,1,"Antibiotic response may depend on environmental perturbations that multifactorially impact the microbiota and the intestinal environment. Removal of microbiota-accessible carbohydrates (MACs) from the mouse diet thins the mucosal layer surrounding the gut epithelium, increasing sensitivity to certain pathogens, and reduces microbiota transmission between generations. Fecal microbiota transplants can resolve recurrent infections of C. difficile in humans, and are effective at restoring species after diet- or osmotic diarrhea-mediated loss, suggesting the importance of environmental reservoirs for commensal recovery. In some humans, a second round of ciprofloxacin resulted in larger disruption of the gut community than the first treatment. The factors that influence community disruption with multiple treatments and the microbiota response to combinations of antibiotics with other gut perturbations are underexplored and likely critical for understanding how antibiotics reshape the gut."
R37e2053ca8,PMC8276089,112021622,Bacteroides,Species,increase,ciprofloxacin,Chemical,bacteroides,ciprofloxacin,"('Bacteroides', 'ciprofloxacin')","('Species', 'Chemical')","['affects', 'increase', 'worsen', 'decrease']",7,True,True,False,False,False,False,,1,2,"Despite the lack of family-level changes during the second treatment, throughout both treatments Bacteroidaceae dropped to a single, dominant ASV (Bv) and then recovered to 2-5 ASVs after ciprofloxacin was removed (Fig. 3D). This domination during antibiotic treatment was coupled to decreased alpha diversity (Fig. S3B). To examine the extent to which the emergence of ciprofloxacin resistance explains the response of humanized mice to a second treatment, we isolated strains from fecal samples of two mice. We identified strains as Bacteroides spp. via 16S sequencing and measured their MICs to ciprofloxacin. The MICs of pre-antibiotic Bacteroides isolates (Table S1) were within the reported range of literature values (2-16 mug/mL). Bv isolates from samples during or after antibiotic treatment displayed >100-fold increases relative to the isolates from day 0 (Fig. 3D). Whole-genome sequencing of Bv isolates from one mouse revealed that day 4, 12, or 16 isolates, but not the day 0 isolate, possessed a gyrA mutation that confers ciprofloxacin resistance. The genotypes of the day 4, 12, and 16 isolates were highly distinct from the day 0 isolate (Fig. 3H), suggesting that the initial microbiota included multiple Bv strains with varying ciprofloxacin sensitivity and that treatment reconfigured their relative abundances. The domination occurred only during antibiotic treatment (Fig. 3D). After treatment ceased, although total Bacteroidaceae relative abundance stabilized, the dominance of Bv son day 6 rapidly transitioned to multiple Bacteroides ASVs (Fig. 3D). Thus, other Bacteroides are able to reseed and/or recover and then compete effectively with Bv in the absence of antibiotics."
Ree49b70c4f,PMC8276089,112021628,B. thetaiotaomicron,Species,improve,streptomycin,Chemical,b. thetaiotaomicron,streptomycin,"('B. thetaiotaomicron', 'streptomycin')","('Species', 'Chemical')",['improve'],1,False,True,False,False,False,False,,6,1,"Antibiotic resistance appears to explain the Bv response to ciprofloxacin, hence we wondered whether the recovery of Bacteroides after day 1 of streptomycin treatment (Fig. 1D) was also due to resistance. Previous studies suggested that anaerobes are resistant to aminoglycosides such as streptomycin in vitro, making it surprising that the Bacteroidetes decreased dramatically in abundance during the first 12 h of streptomycin treatment (Fig. 1C). We measured in vitro streptomycin MICs of Bacteroides type strains and isolates from the pre-treatment donor sample (SI). The majority exhibited no adverse growth effects at 512 mug/mL, the highest dose tested (Table S1), supporting the resistance of the Bacteroides genus. Despite being present at 17% before treatment, surprisingly they experienced a similar ~105-fold initial decrease in total abundance as the rest of the community upon treatment, given that they are straightforwardly cultured. To test whether the drop arose indirectly from the killing of other species, affecting cross-feeding and nutrient availability, or from host-related effects, we monocolonized germ-free mice with B. thetaiotaomicron and treated with streptomycin. CFUs dropped during the first 24 hours to a similar extent as in humanized mice (Fig. S4A), indicating that the host somehow reversed the natural resistance of B. thetaiotaomicron to streptomycin. These data demonstrate that in vitro susceptibility measurements are not necessarily predictive of in vivo response."
Rcd214520d8,PMC8276089,112021628,Bacteroides,Species,worsen,streptomycin,Chemical,bacteroides,streptomycin,"('Bacteroides', 'streptomycin')","('Species', 'Chemical')","['part_of', 'worsen']",3,True,True,False,False,False,False,,6,2,"Antibiotic resistance appears to explain the Bv response to ciprofloxacin, hence we wondered whether the recovery of Bacteroides after day 1 of streptomycin treatment (Fig. 1D) was also due to resistance. Previous studies suggested that anaerobes are resistant to aminoglycosides such as streptomycin in vitro, making it surprising that the Bacteroidetes decreased dramatically in abundance during the first 12 h of streptomycin treatment (Fig. 1C). We measured in vitro streptomycin MICs of Bacteroides type strains and isolates from the pre-treatment donor sample (SI). The majority exhibited no adverse growth effects at 512 mug/mL, the highest dose tested (Table S1), supporting the resistance of the Bacteroides genus. Despite being present at 17% before treatment, surprisingly they experienced a similar ~105-fold initial decrease in total abundance as the rest of the community upon treatment, given that they are straightforwardly cultured. To test whether the drop arose indirectly from the killing of other species, affecting cross-feeding and nutrient availability, or from host-related effects, we monocolonized germ-free mice with B. thetaiotaomicron and treated with streptomycin. CFUs dropped during the first 24 hours to a similar extent as in humanized mice (Fig. S4A), indicating that the host somehow reversed the natural resistance of B. thetaiotaomicron to streptomycin. These data demonstrate that in vitro susceptibility measurements are not necessarily predictive of in vivo response."
R77e1e7227c,PMC8276089,112021631,Bacteroides,Species,worsen,ciprofloxacin,Chemical,bacteroides,ciprofloxacin,"('Bacteroides', 'ciprofloxacin')","('Species', 'Chemical')","['affects', 'increase', 'worsen', 'decrease']",7,True,True,False,False,False,False,,3,2,"We utilized the software BacSpace to quantify the thickness of the mucus layer. For both antibiotics, the thickness of the tight mucus layer was relatively constant over time (Fig. 4C). However, there was an obvious expansion of Muc2 signal into the lumen upon treatment (Fig. 4C), similar to the increase in mucus in germ-free mice. In ciprofloxacin-treated humanized mice, this loose-mucus increase persisted throughout treatment and recovery, suggesting that the increase was not due to direct effects of ciprofloxacin on mucus as ciprofloxacin is cleared by day 7 (Fig. S3E); in streptomycin-treated mice, the loose mucus returned to baseline by day 5 (Fig. 4C). Verrucomicrobiae, which includes the mucin-degrading Akkermansia muciniphila, did not noticeably change in abundance during or after streptomycin treatment (Fig. 1C), but bloomed after ciprofloxacin treatment was removed (Fig. 1G). Additionally, whole genome sequencing revealed that Bacteroides strains isolated from post-ciprofloxacin fecal samples possessed more mucin and host carbohydrate-degrading genetic modules than strains isolated before antibiotic treatment (Fig. S4B), suggesting that the capability to eat loosened mucus may drive the expansion of Bacteroides spp. and other mucus-responsive phyla (Fig. 1C,G) and counteract the domination of Bv (Fig. 1H,3D)."
R0e0520a495,PMC8276089,112021631,Bacteroides spp,Species,decrease,ciprofloxacin,Chemical,bacteroides,ciprofloxacin,"('Bacteroides spp', 'ciprofloxacin')","('Species', 'Chemical')","['part_of', 'decrease']",3,True,True,False,False,False,False,,3,2,"We utilized the software BacSpace to quantify the thickness of the mucus layer. For both antibiotics, the thickness of the tight mucus layer was relatively constant over time (Fig. 4C). However, there was an obvious expansion of Muc2 signal into the lumen upon treatment (Fig. 4C), similar to the increase in mucus in germ-free mice. In ciprofloxacin-treated humanized mice, this loose-mucus increase persisted throughout treatment and recovery, suggesting that the increase was not due to direct effects of ciprofloxacin on mucus as ciprofloxacin is cleared by day 7 (Fig. S3E); in streptomycin-treated mice, the loose mucus returned to baseline by day 5 (Fig. 4C). Verrucomicrobiae, which includes the mucin-degrading Akkermansia muciniphila, did not noticeably change in abundance during or after streptomycin treatment (Fig. 1C), but bloomed after ciprofloxacin treatment was removed (Fig. 1G). Additionally, whole genome sequencing revealed that Bacteroides strains isolated from post-ciprofloxacin fecal samples possessed more mucin and host carbohydrate-degrading genetic modules than strains isolated before antibiotic treatment (Fig. S4B), suggesting that the capability to eat loosened mucus may drive the expansion of Bacteroides spp. and other mucus-responsive phyla (Fig. 1C,G) and counteract the domination of Bv (Fig. 1H,3D)."
R2b5c20dd3d,PMC8276089,112021631,Akkermansia muciniphila,Species,Interacts_with,streptomycin,Chemical,akkermansia muciniphila,streptomycin,"('Akkermansia muciniphila', 'streptomycin')","('Species', 'Chemical')",['Interacts_with'],1,False,True,False,False,False,False,,3,1,"We utilized the software BacSpace to quantify the thickness of the mucus layer. For both antibiotics, the thickness of the tight mucus layer was relatively constant over time (Fig. 4C). However, there was an obvious expansion of Muc2 signal into the lumen upon treatment (Fig. 4C), similar to the increase in mucus in germ-free mice. In ciprofloxacin-treated humanized mice, this loose-mucus increase persisted throughout treatment and recovery, suggesting that the increase was not due to direct effects of ciprofloxacin on mucus as ciprofloxacin is cleared by day 7 (Fig. S3E); in streptomycin-treated mice, the loose mucus returned to baseline by day 5 (Fig. 4C). Verrucomicrobiae, which includes the mucin-degrading Akkermansia muciniphila, did not noticeably change in abundance during or after streptomycin treatment (Fig. 1C), but bloomed after ciprofloxacin treatment was removed (Fig. 1G). Additionally, whole genome sequencing revealed that Bacteroides strains isolated from post-ciprofloxacin fecal samples possessed more mucin and host carbohydrate-degrading genetic modules than strains isolated before antibiotic treatment (Fig. S4B), suggesting that the capability to eat loosened mucus may drive the expansion of Bacteroides spp. and other mucus-responsive phyla (Fig. 1C,G) and counteract the domination of Bv (Fig. 1H,3D)."
Rf020d016ba,PMC8276089,112021633,Bacteroides spp,Species,Interacts_with,polysaccharides,Chemical,bacteroides,polysaccharides,"('Bacteroides spp', 'polysaccharides')","('Species', 'Chemical')",['Interacts_with'],1,False,True,False,False,False,False,,2,1,"Feeding mice a diet lacking MACs thins the tight mucus layer; bacteria deprived of dietary carbohydrates must utilize mucin-derived polysaccharides instead. A MAC-deficient diet also selects for mucin utilizers like A. muciniphila, which may compete with Bacteroides spp. for mucus carbohydrates. Thus, we hypothesized that the MAC-deficient diet-induced mucus reduction would antagonize the proliferation of loose mucus during antibiotic treatment (Fig. 4C) and thereby hamper the recovery of mucin utilizers such as Bacteroidaceae."
R9e10ec6fd5,PMC8276089,112021633,Bacteroides spp,Species,Interacts_with,carbohydrates,Chemical,bacteroides,carbohydrates,"('Bacteroides spp', 'carbohydrates')","('Species', 'Chemical')",['Interacts_with'],1,False,True,False,False,False,False,,2,1,"Feeding mice a diet lacking MACs thins the tight mucus layer; bacteria deprived of dietary carbohydrates must utilize mucin-derived polysaccharides instead. A MAC-deficient diet also selects for mucin utilizers like A. muciniphila, which may compete with Bacteroides spp. for mucus carbohydrates. Thus, we hypothesized that the MAC-deficient diet-induced mucus reduction would antagonize the proliferation of loose mucus during antibiotic treatment (Fig. 4C) and thereby hamper the recovery of mucin utilizers such as Bacteroidaceae."
Rf73330d293,PMC8276089,112021646,Bacteroides,Species,worsen,streptomycin,Chemical,bacteroides,streptomycin,"('Bacteroides', 'streptomycin')","('Species', 'Chemical')","['part_of', 'worsen']",3,True,True,False,False,False,False,,5,2,"Our study provides important insights into the antibiotic response of individual strains, taxa, and the entire community. The death of virtually all Bacteroides in streptomycin-treated mice (Fig. 1B,C) despite predicted resistance (Table S1) illustrates that in vitro sensitivity is not necessarily predictive of the response within the context of a complex ecosystem in a mammalian host. The death of Bacteroides spp. during streptomycin treatment in all colonization conditions tested (humanization (Fig. 1B,C), conventionalization (Fig. 7B-D), monocolonization with B. thetaiotaomicron (Fig. S4A) suggests that the drug may be disrupting the host (e.g. through mucosal damage), and Bacteroides dynamics may be the consequences of that disruption and the subsequent repair. Tissue imaging revealed increases in mucus thickness due to streptomycin and ciprofloxacin treatment (Fig. 4) that could affect community dynamics, motivating future studies of gut biogeography during perturbations. We uncovered several common features of the response to treatment across microbiotas and between streptomycin and ciprofloxacin. One of the most striking was the recovery of bacterial load during antibiotic treatment, an effect common to all six antibiotic treatments tested in humanized mice (Fig. 1G, S7A,B). Thus, despite the lack of predictability based on the behavior of isolated species, community features such as density may have predictable responses independent of mechanism of action."
R477d76d438,PMC8276089,112021647,Bacteroides,Species,affects,ciprofloxacin,Chemical,bacteroides,ciprofloxacin,"('Bacteroides', 'ciprofloxacin')","('Species', 'Chemical')","['increase', 'affects', 'decrease', 'worsen']",7,True,True,False,False,False,False,,4,2,"The phylum Bacteroidetes, particularly the S24-7 family and Bacteroides genus, was of interest throughout our study due to notable dynamics. In all antibiotics, Bacteroidetes relative abundance was either maintained throughout, or in the case of the transcriptional inhibitor rifaximin showed dynamics similar to streptomycin and ciprofloxacin (Fig. 1C,F, S7B). Dominance of a single Bacteroides species was observed in ciprofloxacin (Bv, Fig. 1H) and in clindamycin (B. ovatus, Fig. S7C). Based on our ciprofloxacin analysis, we surmise that B. ovatus domination likely results from intrinsic resistance to clindamycin. Nonetheless, the elimination of a resistant B. salyersiae during ciprofloxacin treatment (Fig. 6D), and perhaps other resistant taxa, motivates future studies of interactions among antibiotic resistant strains. The lack of domination of a single Bacteroides when there is pan-resistance (streptomycin) or likely pan-susceptibility (rifaximin) suggests that coexistence is maintained during a perturbation as long as the playing field is levels. Just as we identified a core set of species that survived ciprofloxacin regardless of host diet (Fig. 5H), there was a distinct core of 24 ASVs that appears in at least 5 of 10 mice in our pilot study that accounts for 70.4+-13.1% of the microbiota on day 3 of treatment, with 88.6+-6.0% accounted for by Bacteroides or S24-7 species (Fig. S7D). These data suggest that particular interspecies interactions generally establish resilience to perturbations, and that focus on S24-7 and Bacteroides is likely warranted for other antibiotics."
Rae003ba1f3,PMC8276089,112021649,Bacteroides,Species,increase,ciprofloxacin,Chemical,bacteroides,ciprofloxacin,"('Bacteroides', 'ciprofloxacin')","('Species', 'Chemical')","['affects', 'increase', 'worsen', 'decrease']",7,True,True,False,False,False,False,,3,2,"Our findings have a wide range of translational implications. The error-correction methodology of DADA2 for 16S analysis provides a stark view of the precarious loss in diversity experienced by certain taxa during antibiotics (Fig. 2G-I), in contrast to OTU-picking based methods that suggested that hundreds of species remained (Fig. S2G) and did not reveal Bv dominance during ciprofloxacin (Fig. 5H). There is a seemingly permanent loss of diversity after antibiotics (Fig. 2, 5, S3), reflecting the extinction of sensitive Bacteroidetes species. Transplants of these species may hasten microbiota recovery after treatment; for example, Bacteroides are amenable to transfer to Bacteroides-lacking hosts (Fig. 6). Loss of taxa may open niches for opportunistic pathogens, highlighting the importance of autologous fecal transplants and/or targeted microbial therapies to restore colonization resistance. A MAC-deficient diet sensitizes the microbiota to ciprofloxacin (Fig. 5) and may increase the potential for pathogen invasion. In future studies, it will be intriguing to probe whether dietary interventions (e.g., high fiber) can improve resilience and recovery, similar to the reversal of a persistent Clostridium difficile infection. Our experiments suggest that antibiotics can also recalibrate microbiotas for future treatments, such as the Bacteroides increase in H2 miec during the first treatment that potentiates rapid recovery during a second treatment (Fig. 6D,I)."
R77bb24cdb5,PMC8276089,112021658,horse,Species,affects,agar,Chemical,horse,agar,"('horse', 'agar')","('Species', 'Chemical')",['affects'],1,False,True,False,False,False,False,,1,1,Anaerobic and aerobic bacterial densities were quantified by spot plating on duplicate Brain Heart Infusion agar plates supplemented with 10% defibrinated horse blood. Aerobic plates were incubated in a 37  C warm room and anaerobic plates were placed in a 37  C incubator inside an anaerobic chamber (C oy Laboratory Products).
R5e88e2f1c5,PMC8276089,112021676,Clostridium difficile,Species,affects,carbohydrates,Chemical,clostridium difficile,carbohydrates,"('Clostridium difficile', 'carbohydrates')","('Species', 'Chemical')",['affects'],1,False,True,False,False,False,False,,1,1,Microbiota-accessible carbohydrates suppress Clostridium difficile infection in a murine model
R3c0f6e6809,PMC8276089,112021682,Escherichia coli,Species,prevents,metronidazole,Chemical,escherichia coli,metronidazole,"('Escherichia coli', 'metronidazole')","('Species', 'Chemical')",['prevents'],1,False,True,False,False,False,False,,1,1,Activity of metronidazole against Escherichia coli in experimental intra-abdominal sepsis
R0475f9a9bd,PMC5991619,112021821,Bacteroides,Species,Interacts_with,carbohydrate,Chemical,bacteroides,carbohydrate,"('Bacteroides', 'carbohydrate')","('Species', 'Chemical')",['Interacts_with'],1,False,True,False,False,False,False,,6,1,"Dietary fibre is a source of complex carbohydrates, which are required for the production of short-chain fatty acids such as acetate, butyrate and propionate. When the diversity of the microbiota is high and the diet contains many types of complex carbohydrates (top right), a relatively high percentage of complex carbohydrates will be accessible to the microbiota. But when the diversity of the microbiota is low and the diet contains many types of complex carbohydrates (left), only a low percentage of these complex carbohydrates are accessible to the microbiota. If the fibre composition of the diet is matched to the needs of a low-diversity microbiota (bottom right) by limiting the types of complex carbohydrate that are available, the levels of production of certain short-chain fatty acids, such as propionate, might increase. However, the diversity of the microbiota will probably remain low and it might not be able to provide as many functions as a diverse microbiota. Consumption of a complex diet (top right) might result in increased levels of production of multiple types of short-chain fatty acids and helps to recruit additional diversity to the gut microbiota. The level of propionate production is correlated with the abundance of Bacteroides species in the gut, which is consistent with the involvement of these bacteria in the production of propionate. Fermentation of fibre in the colon has been shown to decrease pH levels, which can help to increase the diversity of the gut microbiota or results in the reinforcement by certain taxa of a pH that favours their own growth."
R65d99f9b27,PMC9332131,112021832,C. difficile,Species,affects,metronidazole,Chemical,c. difficile,metronidazole,"('C. difficile', 'metronidazole')","('Species', 'Chemical')",['affects'],1,False,True,False,False,False,False,,6,1,"For the CDI groups, treatment of CDI included metronidazole and vancomycin (summarized in Figure S1). Clinical response to antibiotic therapy was seen in 88% (7/8) of the treated M-CDI patients but in only 50% (11/22) the treated IBD+CDI patients. The C. difficile burden was quantified using qPCR (Figure 1B) and plating assays (Table S3). C. difficile DNA copy numbers showed a trend toward reduced abundance associated with antibiotic treatment (Figure 1B)."
Rae09038e5b,PMC9332131,112021832,C. difficile,Species,decrease,vancomycin,Chemical,c. difficile,vancomycin,"('C. difficile', 'vancomycin')","('Species', 'Chemical')",['decrease'],1,False,True,False,False,False,False,,6,1,"For the CDI groups, treatment of CDI included metronidazole and vancomycin (summarized in Figure S1). Clinical response to antibiotic therapy was seen in 88% (7/8) of the treated M-CDI patients but in only 50% (11/22) the treated IBD+CDI patients. The C. difficile burden was quantified using qPCR (Figure 1B) and plating assays (Table S3). C. difficile DNA copy numbers showed a trend toward reduced abundance associated with antibiotic treatment (Figure 1B)."
R180c827469,PMC9332131,112021844,CDI,Species,start,bile acids,Chemical,cdi,bile acids,"('CDI', 'bile acids')","('Species', 'Chemical')","['start', 'part_of']",2,True,True,False,False,False,False,,3,1,"Major primary and secondary bile acids were assessed individually (Figure 3B-E) because of their importance in CDI. The abundant primary bile acids, cholate and chenodeoxycholate, were elevated in samples from the CDI-positive groups compared to the CDI-negative groups, and this persisted over the study period (p=4.0x10-5 for cholate, p=5.5x10-5 for chenodeoxycholate; linear mixed effects model). Secondary bile acids showed a mixture of profiles, but the major C. difficile-inhibitory secondary bile acids, deoxycholic acid and lithocholic acid, were present at low abundance in the CDI groups (p=6.2x10-7 for deoxycholic acid, and p=4.2x10-7 for lithocholic acid; linear mixed effects model). Despite treatment, the primary bile acids remained at high levels, and the secondary bile acids at low levels at later time points, potentially consistent with ongoing antibiotic therapy in the CDI group inhibiting growth of bacteria that convert primary into secondary bile acids."
Ra30e5bc186,PMC9332131,112021846,C. difficile,Species,increase,cadaverine,Chemical,c. difficile,cadaverine,"('C. difficile', 'cadaverine')","('Species', 'Chemical')",['increase'],1,False,True,False,False,False,False,,2,1,"Comparison of the metabolomic data from the healthy controls and IBD patients revealed numerous metabolites distinguishing the two groups (Figure 4A). Overall, a Random Forest model generated using metabolomic data discriminated the healthy subjects from IBD patients with good accuracy (AUC=0.90, OOB=0.21). The single most discriminatory molecule was ceramide, which was enriched in the IBD samples. Ceramide is a breakdown product of sphingomyelin, an abundant host cell lipid, which was reported to be associated with apoptosis and regulation of inflammation. Sphingomyelin and related molecules were also enriched, consistent with a model in which these compounds were released from lysing of host intestinal cells. A recent paper reported that ceramide and sphingolipids could be synthesized by Bacteriodetes, raising the possibility of a bacterial origin :however, high levels of Bacteriodetes are characteristic of the healthy gut and not IBD, and so it seems more likely that ceramide and sphingolipids were produced by destruction of intestinal cells. Another molecule enriched in the IBD samples was cadaverine, a polyamine produced by decarboxylation of lysine, which has been previously implicated in tissue degradation. In addition, several amino acids were present at higher levels in the IBD samples compared to healthy controls. C. difficile can carry out an unusual metabolic process to generate energy by fermentation of amino acids via the Stickland pathway, in which amino acid molecules are both oxidized and reduced to generate ATP. Thus the presence of increased levels of amino acids in IBD likely results in further vulnerability to C. difficile infection."
R17ae8d701a,PMC9332131,112021847,CDI,Species,increase,sphingomyelins,Chemical,cdi,sphingomyelins,"('CDI', 'sphingomyelins')","('Species', 'Chemical')",['increase'],1,False,True,False,False,False,False,,4,1,"Comparison of healthy controls to the IBD+CDI samples (Figure 4B) showed numerous compounds with strong differences between groups at the baseline visit. A Random Forest model comparing these two groups showed 99% accuracy in discriminating the two (AUC=0.99, OOB=0.01). The catabolic polyamine putrescine was strongly enriched in the IBD+CDI samples, as were multiple lipids associated with animal cells (e.g. sphingomyelins and lipids with polyunsaturated carbon chains), consistent with breakdown of human cells due to the disease process, paralleling the release of calprotectin and human DNA into stool. Heme was enriched in IBD+CDI samples and L-urobilin, a breakdown product of heme, was enriched in the healthy controls. This supports previous findings that CDI-mediated tissue damage increases heme levels in stool, and further suggests that CDI is associated with decreased capacity for heme degradation. Taurine was also enriched in the IBD+CDI samples:taurine is an abundant sulfur-containing amino acid that is present at low concentrations in plasma but high concentrations in cells. Taurine is released from cells upon lysis, providing another marker of probable tissue damage."
R52479fdcff,PMC9332131,112021850,C. difficile,Species,affects,isocaproate,Chemical,c. difficile,isocaproate,"('C. difficile', 'isocaproate')","('Species', 'Chemical')","['start', 'part_of', 'affects']",3,True,True,False,False,False,False,,5,1,"As mentioned above, C. difficile has the capacity to metabolize amino acids via Stickland fermentation during infection and this is associated with colonization and virulence. Thus, it has been postulated that amino acid availability in the gut is associated with susceptibility to CDI. Consistent with this, we observed two Stickland fermentation products, 4-hydroxyphenylacetate (fermentation product of tyrosine) and isocaproate (fermentation product of leucine), enriched in the IBD+CDI group. How much of these products is contributed by C. difficile versus other bacteria is unknown; however, we note that Stickland fermentation is not a common pathway in bacteria, consistent with C. difficile as a major source. Analysis of the genome sequences of the 27 C. difficile strains from our patients showed that all encoded the ldhA/hadA regulon that encodes the enzymes for Stickland fermentation of leucine."
Rd993cf5c00,PMC9332131,112021850,C. difficile,Species,start,4-hydroxyphenylacetate,Chemical,c. difficile,4-hydroxyphenylacetate,"('C. difficile', '4-hydroxyphenylacetate')","('Species', 'Chemical')",['start'],1,False,True,False,False,False,False,,5,1,"As mentioned above, C. difficile has the capacity to metabolize amino acids via Stickland fermentation during infection and this is associated with colonization and virulence. Thus, it has been postulated that amino acid availability in the gut is associated with susceptibility to CDI. Consistent with this, we observed two Stickland fermentation products, 4-hydroxyphenylacetate (fermentation product of tyrosine) and isocaproate (fermentation product of leucine), enriched in the IBD+CDI group. How much of these products is contributed by C. difficile versus other bacteria is unknown; however, we note that Stickland fermentation is not a common pathway in bacteria, consistent with C. difficile as a major source. Analysis of the genome sequences of the 27 C. difficile strains from our patients showed that all encoded the ldhA/hadA regulon that encodes the enzymes for Stickland fermentation of leucine."
R07a3c0aac1,PMC9332131,112021850,C. difficile,Species,start,isocaproate,Chemical,c. difficile,isocaproate,"('C. difficile', 'isocaproate')","('Species', 'Chemical')","['start', 'part_of', 'affects']",3,True,True,False,False,False,False,,5,1,"As mentioned above, C. difficile has the capacity to metabolize amino acids via Stickland fermentation during infection and this is associated with colonization and virulence. Thus, it has been postulated that amino acid availability in the gut is associated with susceptibility to CDI. Consistent with this, we observed two Stickland fermentation products, 4-hydroxyphenylacetate (fermentation product of tyrosine) and isocaproate (fermentation product of leucine), enriched in the IBD+CDI group. How much of these products is contributed by C. difficile versus other bacteria is unknown; however, we note that Stickland fermentation is not a common pathway in bacteria, consistent with C. difficile as a major source. Analysis of the genome sequences of the 27 C. difficile strains from our patients showed that all encoded the ldhA/hadA regulon that encodes the enzymes for Stickland fermentation of leucine."
Rc261e3fe20,PMC9332131,112021851,CDI,Species,start,isocaproate,Chemical,cdi,isocaproate,"('CDI', 'isocaproate')","('Species', 'Chemical')","['start', 'affects']",2,True,True,False,False,False,False,,5,1,"To our surprise, we also detected a previously undescribed molecule, isocaproyltaurine, comprised of covalently joined isocaproate and taurine. Isocaproyltaurine was the single strongest discriminator between the IBD and IBD+CDI samples (Figure 5A). This molecule is of particular interest, since it potentially reports both inflammation and tissue degradation (taurine) and C. difficile metabolic activity (isocaproate). Longitudinal metabolomic analysis showed that isocaproate was seen at high levels in baseline samples selectively in the IBD+CDI and M+CDI groups, and that levels fell subsequently with antibiotic therapy for CDI (Figure 5B). For isocaproyltaurine (Figure 5C), levels were far higher in the IBD+CDI group than the M+CDI group, potentially reflecting a joint requirement for gut-mediated production of taurine and C. difficile-mediated production of isocaproate. Levels fell sharply with time after treatment of C. difficile infection. To investigate the origin of isocaproyltaurine further, we carried out targeted studies of C. difficile in pure culture."
R78d02ce908,PMC9332131,112021851,CDI,Species,start,taurine,Chemical,cdi,taurine,"('CDI', 'taurine')","('Species', 'Chemical')","['start', 'Associated_with']",2,True,True,False,False,False,False,,5,1,"To our surprise, we also detected a previously undescribed molecule, isocaproyltaurine, comprised of covalently joined isocaproate and taurine. Isocaproyltaurine was the single strongest discriminator between the IBD and IBD+CDI samples (Figure 5A). This molecule is of particular interest, since it potentially reports both inflammation and tissue degradation (taurine) and C. difficile metabolic activity (isocaproate). Longitudinal metabolomic analysis showed that isocaproate was seen at high levels in baseline samples selectively in the IBD+CDI and M+CDI groups, and that levels fell subsequently with antibiotic therapy for CDI (Figure 5B). For isocaproyltaurine (Figure 5C), levels were far higher in the IBD+CDI group than the M+CDI group, potentially reflecting a joint requirement for gut-mediated production of taurine and C. difficile-mediated production of isocaproate. Levels fell sharply with time after treatment of C. difficile infection. To investigate the origin of isocaproyltaurine further, we carried out targeted studies of C. difficile in pure culture."
Rc5f6ee0b52,PMC9332131,112021852,C. difficile,Species,start,isocaproyltaurine,Chemical,c. difficile,isocaproyltaurine,"('C. difficile', 'isocaproyltaurine')","('Species', 'Chemical')","['start', 'Physically_related_to', 'increase', 'affects']",7,True,True,False,False,False,False,,1,1,Production of isocaproyltaurine by C. difficile in pure culture in the presence of added taurine
R74cd25820d,PMC9332131,112021853,C. difficile,Species,affects,taurine,Chemical,c. difficile,taurine,"('C. difficile', 'taurine')","('Species', 'Chemical')","['affects', 'Interacts_with']",2,True,True,False,False,False,False,,3,1,"To test whether C. difficile has the capacity to produce isocaproyltaurine, we grew C. difficile in pure culture in minimal media with or without added taurine and quantified accumulation of isocaproyltaurine (Figure 6). We hypothesized that the conjugation reaction to make isocaproyltaurine took place inside C. difficile cells following taurine import (Figure 6A), based in part on the finding that Clostridium butyricum encodes a taurine importer. Analysis of the collection of C. difficile full genome sequences from our patients showed that genes encoding the putative taurine importer (tauABC) were present in all 27 C. difficile genome sequences (Table S4)."
Redd9b2c87f,PMC9332131,112021853,C. difficile,Species,affects,isocaproyltaurine,Chemical,c. difficile,isocaproyltaurine,"('C. difficile', 'isocaproyltaurine')","('Species', 'Chemical')","['start', 'Physically_related_to', 'increase', 'affects']",7,True,True,False,False,False,False,,3,4,"To test whether C. difficile has the capacity to produce isocaproyltaurine, we grew C. difficile in pure culture in minimal media with or without added taurine and quantified accumulation of isocaproyltaurine (Figure 6). We hypothesized that the conjugation reaction to make isocaproyltaurine took place inside C. difficile cells following taurine import (Figure 6A), based in part on the finding that Clostridium butyricum encodes a taurine importer. Analysis of the collection of C. difficile full genome sequences from our patients showed that genes encoding the putative taurine importer (tauABC) were present in all 27 C. difficile genome sequences (Table S4)."
R6567de6ac9,PMC9332131,112021853,C. difficile,Species,Interacts_with,taurine,Chemical,c. difficile,taurine,"('C. difficile', 'taurine')","('Species', 'Chemical')","['affects', 'Interacts_with']",2,True,True,False,False,False,False,,3,1,"To test whether C. difficile has the capacity to produce isocaproyltaurine, we grew C. difficile in pure culture in minimal media with or without added taurine and quantified accumulation of isocaproyltaurine (Figure 6). We hypothesized that the conjugation reaction to make isocaproyltaurine took place inside C. difficile cells following taurine import (Figure 6A), based in part on the finding that Clostridium butyricum encodes a taurine importer. Analysis of the collection of C. difficile full genome sequences from our patients showed that genes encoding the putative taurine importer (tauABC) were present in all 27 C. difficile genome sequences (Table S4)."
R67982e0fa0,PMC9332131,112021854,C. difficile,Species,increase,isocaproyltaurine,Chemical,c. difficile,isocaproyltaurine,"('C. difficile', 'isocaproyltaurine')","('Species', 'Chemical')","['start', 'Physically_related_to', 'increase', 'affects']",7,True,True,False,False,False,False,,5,2,"To assay isocaproyltaurine in culture, we first synthesized the molecule to generate a standard by activating isocaproate via conjugation of the carboxylic acid to EDC, then reacting the intermediate with taurine to form isocaproyltaurine (Figure S4). C. difficile minimal media contains leucine and other fermentable amino acids, but does not contain taurine. Comparison of the minimal media (Figure 6B) to the synthetic isocaproyltaurine standard (Figure 6C) showed that minimal media did not contain isocaproyltaurine, nor did isocaproyltaurine appear in media after growth of C. difficile to stationary phase (Figure 6D). However, supplementation of media containing C. difficile with 1 mM or 10 mM of taurine resulted in robust production of isocaproyltaurine (Figure 6E and F). More isocaproyltaurine was produced in the presence of the higher taurine concentration. Isocaproyltaurine was not present in the taurine preparation itself (Figure 6G). We conclude that C. difficile can take up exogenous taurine, direct its conjugation with isocaproate, and excrete the product molecule. Together these data suggest that isocaproyltaurine may provide a useful biomarker for active CDI in patients with IBD."
R4533a700d1,PMC9332131,112021854,CDI,Species,increase,isocaproyltaurine,Chemical,cdi,isocaproyltaurine,"('CDI', 'isocaproyltaurine')","('Species', 'Chemical')","['start', 'increase']",2,True,True,False,False,False,False,,5,2,"To assay isocaproyltaurine in culture, we first synthesized the molecule to generate a standard by activating isocaproate via conjugation of the carboxylic acid to EDC, then reacting the intermediate with taurine to form isocaproyltaurine (Figure S4). C. difficile minimal media contains leucine and other fermentable amino acids, but does not contain taurine. Comparison of the minimal media (Figure 6B) to the synthetic isocaproyltaurine standard (Figure 6C) showed that minimal media did not contain isocaproyltaurine, nor did isocaproyltaurine appear in media after growth of C. difficile to stationary phase (Figure 6D). However, supplementation of media containing C. difficile with 1 mM or 10 mM of taurine resulted in robust production of isocaproyltaurine (Figure 6E and F). More isocaproyltaurine was produced in the presence of the higher taurine concentration. Isocaproyltaurine was not present in the taurine preparation itself (Figure 6G). We conclude that C. difficile can take up exogenous taurine, direct its conjugation with isocaproate, and excrete the product molecule. Together these data suggest that isocaproyltaurine may provide a useful biomarker for active CDI in patients with IBD."
Rffda74d016,PMC9332131,112021854,CDI,Species,affects,isocaproate,Chemical,cdi,isocaproate,"('CDI', 'isocaproate')","('Species', 'Chemical')","['start', 'affects']",2,True,True,False,False,False,False,,5,1,"To assay isocaproyltaurine in culture, we first synthesized the molecule to generate a standard by activating isocaproate via conjugation of the carboxylic acid to EDC, then reacting the intermediate with taurine to form isocaproyltaurine (Figure S4). C. difficile minimal media contains leucine and other fermentable amino acids, but does not contain taurine. Comparison of the minimal media (Figure 6B) to the synthetic isocaproyltaurine standard (Figure 6C) showed that minimal media did not contain isocaproyltaurine, nor did isocaproyltaurine appear in media after growth of C. difficile to stationary phase (Figure 6D). However, supplementation of media containing C. difficile with 1 mM or 10 mM of taurine resulted in robust production of isocaproyltaurine (Figure 6E and F). More isocaproyltaurine was produced in the presence of the higher taurine concentration. Isocaproyltaurine was not present in the taurine preparation itself (Figure 6G). We conclude that C. difficile can take up exogenous taurine, direct its conjugation with isocaproate, and excrete the product molecule. Together these data suggest that isocaproyltaurine may provide a useful biomarker for active CDI in patients with IBD."
R9f048f8cb3,PMC9332131,112021854,C. difficile,Species,affects,isocaproyltaurine,Chemical,c. difficile,isocaproyltaurine,"('C. difficile', 'isocaproyltaurine')","('Species', 'Chemical')","['start', 'Physically_related_to', 'increase', 'affects']",7,True,True,False,False,False,False,,5,4,"To assay isocaproyltaurine in culture, we first synthesized the molecule to generate a standard by activating isocaproate via conjugation of the carboxylic acid to EDC, then reacting the intermediate with taurine to form isocaproyltaurine (Figure S4). C. difficile minimal media contains leucine and other fermentable amino acids, but does not contain taurine. Comparison of the minimal media (Figure 6B) to the synthetic isocaproyltaurine standard (Figure 6C) showed that minimal media did not contain isocaproyltaurine, nor did isocaproyltaurine appear in media after growth of C. difficile to stationary phase (Figure 6D). However, supplementation of media containing C. difficile with 1 mM or 10 mM of taurine resulted in robust production of isocaproyltaurine (Figure 6E and F). More isocaproyltaurine was produced in the presence of the higher taurine concentration. Isocaproyltaurine was not present in the taurine preparation itself (Figure 6G). We conclude that C. difficile can take up exogenous taurine, direct its conjugation with isocaproate, and excrete the product molecule. Together these data suggest that isocaproyltaurine may provide a useful biomarker for active CDI in patients with IBD."
Rede450cb3c,PMC9332131,112021857,CDI,Species,increase,Isocaproyltaurine,Chemical,cdi,isocaproyltaurine,"('CDI', 'Isocaproyltaurine')","('Species', 'Chemical')",['increase'],1,False,True,False,False,False,False,,2,2,"The single compound that best distinguished between the IBD+CDI and IBD groups was isocaproyltaurine, which has not been reported previously. Isocaproyltaurine was only present at high levels in the IBD+CDI group at baseline, and declined with successful therapy (Figure 5). We tested production of this molecule by C. difficile in pure culture and found that it was synthesized efficiently, but only in the presence of exogeneous taurine. A putative taurine importer is evident in our genome sequence data for C. difficile, suggesting that taurine is being imported into C. difficile cells, and synthesis of isocaproyltaurine is taking place within cells. Thus the concentration of isocaproyltaurine reports both metabolic activity of C. difficile (isocaproate) and damage to gut cells and inflammation (taurine). Analysis of 27 C. difficile full genome sequences from our patients showed that genes for Stickland fermentation of leucine to generate isocaproate were conserved in all isolates. We suggest that assays for isocaproyltaurine or similar products may be useful in distinguishing disease process involving IBD only (low concentrations) from disease involving both IBD and active CDI (high concentrations)."
Re9223e7aaa,PMC9332131,112021860,CDI,Species,start,isocaproyltaurine,Chemical,cdi,isocaproyltaurine,"('CDI', 'isocaproyltaurine')","('Species', 'Chemical')","['start', 'increase']",2,True,True,False,False,False,False,,4,1,"In summary, analysis of this large data set showed that metabolomic data was the best discriminator of patients with IBD versus IBD+CDI. The origin of differences were understandable as increased breakdown of human tissue, production of distinctive fermentation products by C. difficile, and covalent association of isocaproate and taurine to make isocaproyltaurine. These findings provide a framework for understanding and distinguishing disease process in IBD and CDI that may ultimately be useful for guiding therapeutic choices."
R254c5a2136,PMC9332131,112021892,C. difficile,Species,affects,Isocaproyltaurine,Chemical,c. difficile,isocaproyltaurine,"('C. difficile', 'Isocaproyltaurine')","('Species', 'Chemical')",['affects'],2,True,True,False,False,False,False,,1,4,"LC/MS of Isocaproyltaurine in Synthetic Mixture, Control Media, and C. difficile Media."
R4113cb7c70,PMC9332131,112021942,Clostridium difficile,Species,affects,metronidazole,Chemical,clostridium difficile,metronidazole,"('Clostridium difficile', 'metronidazole')","('Species', 'Chemical')",['affects'],1,False,True,False,False,False,False,,1,1,"A comparison of vancomycin and metronidazole for the treatment of Clostridium difficile-associated diarrhea, stratified by disease severity"
Rb79acaf4b4,PMC9332131,112021948,C. difficile,Species,increase,isocaproyltaurine,Chemical,c. difficile,isocaproyltaurine,"('C. difficile', 'isocaproyltaurine')","('Species', 'Chemical')","['start', 'Physically_related_to', 'increase', 'affects']",7,True,True,False,False,False,False,,3,2,Production of isocaproyltaurine by C. difficile selectively in the presence of added taurine. A) Proposed pathway for production of isocaproyltaurine by C. difficile by reaction of isocaproyl-CoA (Stickland fermentation intermediate) in the presence of taurine. B-G) Single ion monitoring mass spectra (m/z 222- to 80-) assaying the presence of isocaproyltaurine in media. B) Trace showing control blank media. C) Synthetic isocaproyltaurine standard. D) Culture of C. difficile in media without added taurine. E) Culture of C. difficile in media with 1 mM taurine added. F) Culture of C. difficile in media with 10 mM taurine added. G) Control showing lack of isocaproyltaurine in media with added taurine but no C. difficile. Thus E) and F) show accumulation of a compound with the single ion mass transition and retention time (1.96 min) of the isocaproyltaurine standard selectively in culture media containing taurine and C. difficile.
Rb79acaf4b4,PMC9332131,112021948,C. difficile,Species,increase,isocaproyltaurine,Chemical,c. difficile,isocaproyltaurine,"('C. difficile', 'isocaproyltaurine')","('Species', 'Chemical')","['start', 'Physically_related_to', 'increase', 'affects']",7,True,True,False,False,False,False,,3,2,Production of isocaproyltaurine by C. difficile selectively in the presence of added taurine. A) Proposed pathway for production of isocaproyltaurine by C. difficile by reaction of isocaproyl-CoA (Stickland fermentation intermediate) in the presence of taurine. B-G) Single ion monitoring mass spectra (m/z 222- to 80-) assaying the presence of isocaproyltaurine in media. B) Trace showing control blank media. C) Synthetic isocaproyltaurine standard. D) Culture of C. difficile in media without added taurine. E) Culture of C. difficile in media with 1 mM taurine added. F) Culture of C. difficile in media with 10 mM taurine added. G) Control showing lack of isocaproyltaurine in media with added taurine but no C. difficile. Thus E) and F) show accumulation of a compound with the single ion mass transition and retention time (1.96 min) of the isocaproyltaurine standard selectively in culture media containing taurine and C. difficile.
R179382aa2a,PMC9332131,112021951,C. difficile,Species,affects,Isocaproyltaurine,Chemical,c. difficile,isocaproyltaurine,"('C. difficile', 'Isocaproyltaurine')","('Species', 'Chemical')",['affects'],2,True,True,False,False,False,False,,1,4,Isocaproyltaurine is made by C. difficile and associates with active IBD
Raa2d414bda,PMC6683325,112021981,chickpea,Species,improve,Mirpur-18,Chemical,chickpea,mirpur-18,"('chickpea', 'Mirpur-18')","('Species', 'Chemical')",['improve'],2,True,True,False,False,False,False,,5,2,"We reasoned that by transplanting a representative immature intact microbiota into young, germ-free mice, we could investigate whether gut health (defined by relative abundances of community members, expression of microbial genes in mcSEED metabolic pathways, and biomarkers and mediators of gut barrier function) was improved by supplementing the Mirpur-18 diet with one or more complementary food ingredients that target weaning-phase age-discriminatory taxa. Fifteen fecal samples from 12 different children, obtained during or after treatment for SAM, were screened in gnotobiotic mice to identify samples containing the greatest number of transmissible weaning-phase age-discriminatory taxa and to assess their response to supplementation of Mirpur-18 (table S14A). We selected a sample obtained from a donor (PS.064) who had post-SAM MAM; in addition to the successful transmission of targeted taxa, 88.7 +- 1.3% (mean +- SD) of the recipient animals' gut communities consisted of OTUs that were detected at >0.1% relative abundance in the donor sample (table S14B). Three groups of mice were colonized with this microbiota and monotonously fed one of three diets: unsupplemented Mirpur-18, Mirpur-18 supplemented with peanut flour [Mirpur(P)], or Mirpur-18 supplemented with four of the lead ingredients [Mirpur(PCSB), with peanut flour, chickpea flour, soy flour, and banana] (Fig. 4A and table S15A). Three control groups were maintained as germ-free; each group was fed one of the three diets."
Rd3a065a7ea,PMC6683325,112021988,chickpea,Species,improve,Mirpur-18,Chemical,chickpea,mirpur-18,"('chickpea', 'Mirpur-18')","('Species', 'Chemical')",['improve'],2,True,True,False,False,False,False,,2,2,"On the basis of the results from the gnotobiotic mouse studies, we designed two MDCF prototypes. One prototype was formulated to be analogous to Mirpur-18, which contains milk powder; this prototype was supplemented with peanut flour, chickpea flour, soy flour, and banana [MDCF(PCSB)]. The other diet lacked milk powder and was supplemented with just chickpea flour and soy flour [MDCF(CS)]. The two MDCFs were isocaloric, matched in lipid levels and total protein content (with equivalent representation of amino acids), and also met current ready-to-use therapeutic food guidelines for children with respect to macro- and micronutrient content (table S18A) (28)."
R8224183376,PMC4915943,112022177,Methanobrevibacter smithii,Species,Interacts_with,formate,Chemical,methanobrevibacter smithii,formate,"('Methanobrevibacter smithii', 'formate')","('Species', 'Chemical')",['Interacts_with'],1,False,True,False,False,False,False,,6,1,"We observed an association between the order SHA-98 (a member of the Christensenellaceae consortium) and ALDH1L1, which codes for an aldehyde dehydrogenase involved in formate oxidation. Formate is produced endogenously by the host and is also a fermentation product that acts as a major interspecies electron carrier between syntrophs. Production of formate by a Clostridium sp. has been shown to promote growth of a syntroph in a gnotobiotic mouse model. Methanobrevibacter smithii can use formate in methanogenesis. Formate concentration in urine has been shown to be significantly correlated with systolic and diastolic blood pressure in 4,630 subjects in Asia, USA and Europe. also reported that urinary formate and Na+ excretion were positively correlated, and given the importance of Na+ in blood pressure, suggested an unrecognized role for formate in its regulation. Hypertension is a major risk factor for stroke, and a SNP in ALDH1L1 has also been associated with ischemic stroke. Interestingly, the microbiomeGWAS tool, which uses beta-diversity distances in GWAS, also revealed an association between weighted UniFrac and a SNP in the gene UHRF2, which has been identified as linked to ischemic stroke as well. Our results suggest the hypothesis that the Christensenellaceae-methanogen consortium regulates the thermodynamics of fermentation in the gut, including formate production and consumption. This activity interacts with the host's own enzymatic activities to impact formate levels, with repercussions for blood pressure."
R15fe56892c,PMC4915943,112022194,Ruminococcus albus,Species,Interacts_with,Cellulose,Chemical,ruminococcus albus,cellulose,"('Ruminococcus albus', 'Cellulose')","('Species', 'Chemical')",['Interacts_with'],1,False,True,False,False,False,False,,1,1,Cellulose fermentation by continuous cultures of Ruminococcus albus and Methanobrevibacter smithii
R3daf9e9ddf,PMC5804340,112022212,Enterobacter cloacae,Species,Interacts_with,molybdenum,Chemical,enterobacter cloacae,molybdenum,"('Enterobacter cloacae', 'molybdenum')","('Species', 'Chemical')",['Interacts_with'],1,False,True,False,False,False,False,,6,1,"Tungsten (W) can replace molybdenum in the molybdopterin cofactor, rendering this cofactor inactive in Enterobacteriaceae. Supplementation of growth media with sodium tungstate does not broadly affect growth of Enterobacteriaceae under aerobic standard laboratory conditions but abolishes anaerobic nitrate reductase activity in commensal E. coli, Proteus strains, and Enterobacter cloacae. (, Fig. 1a-c; Extended Data Fig. 1a). To test whether tungstate supplementation could negate the fitness advantage conferred by anaerobic respiration and formate oxidation in vitro, we analyzed anaerobic growth of wild-type E. coli strains (K-12 and Nissle 1917) and isogenic MoCo biosynthesis-deficient mutants (DeltamoaA) in mucin broth supplemented with sodium tungstate (Fig. 1d-e, Extended Data Fig. 1b). In the presence of electron acceptors, such as nitrate, or formate as electron donor, the wild-type strains were recovered in higher numbers than the isogenic moaA mutants, while this fitness advantage was abrogated by the addition of tungstate (Fig. 1d-e, Extended Data Fig. 1b)."
Rfca7d87b08,PMC5804340,112022212,E. coli,Species,decrease,tungstate,Chemical,e. coli,tungstate,"('E. coli', 'tungstate')","('Species', 'Chemical')","['affects', 'decrease']",2,True,True,False,False,False,False,,6,1,"Tungsten (W) can replace molybdenum in the molybdopterin cofactor, rendering this cofactor inactive in Enterobacteriaceae. Supplementation of growth media with sodium tungstate does not broadly affect growth of Enterobacteriaceae under aerobic standard laboratory conditions but abolishes anaerobic nitrate reductase activity in commensal E. coli, Proteus strains, and Enterobacter cloacae. (, Fig. 1a-c; Extended Data Fig. 1a). To test whether tungstate supplementation could negate the fitness advantage conferred by anaerobic respiration and formate oxidation in vitro, we analyzed anaerobic growth of wild-type E. coli strains (K-12 and Nissle 1917) and isogenic MoCo biosynthesis-deficient mutants (DeltamoaA) in mucin broth supplemented with sodium tungstate (Fig. 1d-e, Extended Data Fig. 1b). In the presence of electron acceptors, such as nitrate, or formate as electron donor, the wild-type strains were recovered in higher numbers than the isogenic moaA mutants, while this fitness advantage was abrogated by the addition of tungstate (Fig. 1d-e, Extended Data Fig. 1b)."
R049fff6843,PMC5804340,112022213,E. coli K-12,Species,decrease,tungstate,Chemical,e. coli k-12,tungstate,"('E. coli K-12', 'tungstate')","('Species', 'Chemical')",['decrease'],1,False,True,False,False,False,False,,6,1,"To investigate whether tungstate could inhibit MoCo-dependent processes in the mammalian gut, we employed a mouse model of chemically induced colitis (dextran sulfate sodium [DSS]-induced colitis) in conjunction with experimentally introduced E. coli indicator strains. Groups of DSS- and mock-treated C57BL/6 mice were orally inoculated with an equal mixture of the E. coli K-12 wild-type strain and the DeltamoaA mutant after the onset of inflammation. Colonization of the cecum and colon lumen was assessed five days after inoculation (Fig. 1f-g, Extended Data Fig. 2a). Prior to inoculation with E. coli K-12, no endogenous Enterobacteriaceae family members could be isolated from these animals (data not shown). Consistent with previous results, the K-12 wild-type strain outcompeted the DeltamoaA mutant in the cecal and colonic content of DSS-treated mice (Fig. 1f). Administration of tungstate in the DSS colitis model abrogated the fitness advantage conferred by MoCo-dependent enzymes (Fig. 1f) and decreased overall numbers of E. coli K-12 in the gut lumen by several orders of magnitude (Fig. 1g). Similar observations were made using the human E. coli strain Nissle 1917 (Fig. 1h, Extended Data Fig. 3a-b) and a murine E. cloacae strain (Fig. 1i, Extended Data Fig. 4a-b). Furthermore, the Adherent Invasive E. coli (AIEC) strain NRG857c, originally isolated from a patient with inflammatory bowel disease (IBD), outcompeted the isogenic DeltamoaA mutant in the intestinal content of DSS-treated mice (Fig. 1j). Tungstate administration negated the fitness advantage conferred by MoCo-biosynthesis and reduced NRG857c colonization (Fig. 1j and Extended Data Fig. 1c and 4c). Similarly, tungstate treatment decreased intestinal colonization of the murine AIEC strain NC101 in a piroxciam-accelerated Il10-/- colitis model (Fig. 1k). Taken together, these experiments based on bacterial model organisms indicated that orally-administered tungstate inhibits the MoCo-dependent bloom of Enterobacteriaceae in murine models of colitis."
R4521cd97f2,PMC5804340,112022214,E. coli,Species,affects,tungstate,Chemical,e. coli,tungstate,"('E. coli', 'tungstate')","('Species', 'Chemical')","['affects', 'decrease']",2,True,True,False,False,False,False,,5,1,"We next investigated the impact of tungstate treatment on the microbiota. C57BL/6 mice naturally harboring endogenous Enterobacteriaceae (purchased from Charles River Laboratories) were treated with DSS, DSS+tungstate, tungstate alone or were mock-treated. After 9 days, DNA extracted from the cecal content was subjected to shotgun metagenomic sequencing and 16S profiling (Fig. 2 and Extended Data Fig. 2b). Intestinal inflammation was accompanied by significant changes in the predicted coding capacity of the microbiota (Fig. 2a). As we have reported in a recently published metagenomic analysis of the mock- and DSS-treated animals, MoCo-dependent processes such as nitrate respiration, trimethylamine N-oxide respiration, and formate oxidation were overrepresented (Fig. 2b, Extended Data Fig. 5a). Tungstate administration during colitis abolished these alterations in the metagenome (Fig. 2b and Extended Data Fig. 5a). Mirroring the changes in the coding capacity, tungstate treatment during DSS colitis significantly shifted the microbial community profile from a dysbiotic state towards the normal state (Fig. 2c-e and Extended Data Fig. 5b). Consistent with the idea that MoCo-dependent processes contribute to the inflammation-associated bloom of E. coli and other Enterobacteriaceae, tungstate administration selectively blunted the expansion of the Enterobacteriaceae population while other major taxonomic families were only marginally affected (Fig. 2e-g and Extended Data Fig. 5c)."
R4de0b347fd,PMC5804340,112022215,Bacteroides,Species,decrease,tungstate,Chemical,bacteroides,tungstate,"('Bacteroides', 'tungstate')","('Species', 'Chemical')",['decrease'],1,False,True,False,False,False,False,,5,1,"In the absence of inflammation, tungstate treatment did not affect the coding capacity, diversity, community structure, nor the native Enterobacteriaceae population (Fig. 2c, e, and f and Extended Data Fig. 5b-c and 6a). Obligate anaerobic commensals such as Bacteroides spp. perform a rudimentary form of anaerobic respiration by reducing endogenous fumarate to succinate. The Bacteroides fumarate reductase is not predicted to contain a MoCo binding site and tungstate treatment had no significant impact on the prevalence of predicted fumarate reduction pathways in the microbiome (Extended Data Fig. 6b). Furthermore, tungstate treatment in vivo did not affect butyrate production pathways, a major metabolic function of the microbiota (Extended Data Fig. 6c). Supplementation of growth media with tungstate did not inhibit bacterial growth or production of succinate and butyrate by Bacteroides and Clostridium strains in vitro (Extended Data Fig. 6d-h). No overt negative effects of tungstate on the host were noted (Extended Data Fig. 7). Collectively, these experiments support the idea that tungstate inhibits the inflammation-associated changes in gut microbiota composition that are driven by MoCo-dependent metabolic pathways, in particular the inflammation-associated expansion of the Enterobacteriaceae population."
Ree0ae6f8c0,PMC5804340,112022223,E. cloacae,Species,improve,LB broth,Chemical,e. cloacae,lb broth,"('E. cloacae', 'LB broth')","('Species', 'Chemical')",['improve'],1,False,True,False,False,False,False,,7,1,"All experiments involving mice were approved by the Institutional Animal Care and Use Committee at UT Southwestern Medical Center (APN#T-2013-0159) and UC Davis (APN#16196). Studies involved animals were performed with compliance to all relevant ethical regulations. Female 9-12 week old C57BL/6J wild-type mice were obtained from the Jackson Laboratory (Bar Harbor) and bred at UT Southwestern (essentially devoid of endogenous Enterobacteriaceae) or Charles River Laboratories (Morrisville) (harboring endogenous Enterobacteriaceae), as indicated. Mice were randomly assigned into cages before the experiment. The drinking water was replaced with either filter-sterilized water (mock-treatment), or a filter-sterilized solution of 0.2% (w/v) sodium tungstate (Sigma, St Louis), or a filter-sterilized solution of 2% or 3% (w/v) dextran sulfate sodium (DSS; relative molecular mass 36,000 - 50,000; MP Biomedicals) in water at the indicated concentrations, or a filter-sterilized solution of DSS and 0.2% (w/v) sodium tungstate. In one experiment, tungsten was administered in a sodium tungstate-fortified diet (1000 ppm). At the indicated time points, animals were orally inoculated with either 0.1 ml of LB broth or 0.1 ml LB broth containing 1 x 109 CFU E. coli, or remained uninfected. In the competitive colonization experiments, animals were inoculated with 5 x 108 CFU of each E. coli or E. cloacae strain. One day prior to the end of the experiment, the drinking water was switched for 24 h to regular, filter-sterilized water to reduce the amount of DSS present in the samples. After euthanization, colonic and cecal tissue were collected, flash frozen and stored at -80 C for subsequent mRNA and protein expression analysis. Fecal material, cecal content, and colonic content were harvested in sterile PBS and the bacterial load for the E. coli strains or Enterobacteriaceae was numerated by plating serial 10-fold dilutions on LB plates supplemented with appropriate antibiotic or MacConkey Agar plates, respectively. E. coli NC101 and Nissle 1917 strains were differentially marked with the low-copy number plasmids pWSK29 and pWSK129 to facilitate bacterial recovery from biological samples. For the competitive colonization experiments involving NRG857c, animals were inoculated with an equal mixture of the NRG857c DeltalacZ mutant (LB33) and the DeltamoaA mutant (WZ12) as described above. The bacterial load in the luminal content of the indicated organs was determined by plating serial 10-fold dilutions on LB plates supplemented with the appropriate antibiotics and 40 mg/l 5-bromo-4-chloro-3-indolyl-beta-D-galactopyranoside. Germ-free C57BL/6 mice were maintained in plastic gnotobiotic isolators on a 12-hour light cycle. DSS-mediated colitis was induced in 8-12 week old germ-free mice, following the protocol described above."
Rbd51862390,PMC5804340,112022239,E. coli Nissle 1917,Species,decrease,sodium tungstate,Chemical,e. coli nissle 1917,sodium tungstate,"('E. coli Nissle 1917', 'sodium tungstate')","('Species', 'Chemical')",['decrease'],1,False,True,False,False,False,False,,4,1,"a, Nitrate reductase activity of E. coli Nissle 1917 measured in media supplemented with sodium nitrate and the indicated concentrations of sodium tungstate. b, Competitive growth of the E. coli Nissle 1917 wild-type strain and the isogenic molybdenum cofactor-deficient mutant (moaA) in the presence of the indicated electron acceptors under anaerobic conditions. c, Competitive growth of E. coli NRG857c wild-type strain and the isogenic molybdenum cofactor-deficient mutant (moaA) in the presence of the indicated electron acceptors under anaerobic conditions. a-c, n=3 replicates per condition."
R50dc733742,PMC5804340,112022239,E. coli,Species,decrease,sodium nitrate,Chemical,e. coli,sodium nitrate,"('E. coli', 'sodium nitrate')","('Species', 'Chemical')",['decrease'],1,False,True,False,False,False,False,,4,1,"a, Nitrate reductase activity of E. coli Nissle 1917 measured in media supplemented with sodium nitrate and the indicated concentrations of sodium tungstate. b, Competitive growth of the E. coli Nissle 1917 wild-type strain and the isogenic molybdenum cofactor-deficient mutant (moaA) in the presence of the indicated electron acceptors under anaerobic conditions. c, Competitive growth of E. coli NRG857c wild-type strain and the isogenic molybdenum cofactor-deficient mutant (moaA) in the presence of the indicated electron acceptors under anaerobic conditions. a-c, n=3 replicates per condition."
R3165740d17,PMC5804340,112022239,E. coli,Species,decrease,sodium tungstate,Chemical,e. coli,sodium tungstate,"('E. coli', 'sodium tungstate')","('Species', 'Chemical')",['decrease'],1,False,True,False,False,False,False,,4,1,"a, Nitrate reductase activity of E. coli Nissle 1917 measured in media supplemented with sodium nitrate and the indicated concentrations of sodium tungstate. b, Competitive growth of the E. coli Nissle 1917 wild-type strain and the isogenic molybdenum cofactor-deficient mutant (moaA) in the presence of the indicated electron acceptors under anaerobic conditions. c, Competitive growth of E. coli NRG857c wild-type strain and the isogenic molybdenum cofactor-deficient mutant (moaA) in the presence of the indicated electron acceptors under anaerobic conditions. a-c, n=3 replicates per condition."
Rb9db057f26,PMC5804340,112022247,B. thetaiotaomicron,Species,increase,sodium tungstate,Chemical,b. thetaiotaomicron,sodium tungstate,"('B. thetaiotaomicron', 'sodium tungstate')","('Species', 'Chemical')",['increase'],1,False,True,False,False,False,False,,6,1,"a-c Metagenomic analysis of the cecal content of mice described in Extended Data Fig. 3b. a, Principal coordinates (PC) analysis of global metabolic pathway and quantification of reads involved in fumarate respiration (b) and butyrate production (c). Ellipses in a denotes 95% confident interval. Bars represent the mean of +- standard deviation. a-c, n=6 per group. d-f B. thetaiotaomicron or B. fragilis were cultured anaerobically in mucin broth at 37  C for 48 hours. Media was supplemented with sodium tungstate or metronidazole as indicated. Succinate production by B. thetaiotaomicron (d) and B. fragilis (f) was assessed by GC-MS. The growth of B. thetaiotaomicron was determined by plating serial dilution of bacterial culture on blood agar (e). g, C. symbiosum was inoculated into chopped meat broth and incubated anaerobically at 37  C for 36 hours. Butyrate concentration in the media was measured using GC-MS. h, C. symbiosum was anaerobically cultured in chopped meat broth at 37  C for 48 hours. The growth of C. symbiosum was determined by plating serial dilution of bacterial culture on thioglycolate plates. d-h, n=3 replicates per condition."
Rc4715a74b0,PMC5804340,112022247,C. symbiosum,Species,affects,mucin broth,Chemical,c. symbiosum,mucin broth,"('C. symbiosum', 'mucin broth')","('Species', 'Chemical')",['affects'],1,False,True,False,False,False,False,,6,1,"a-c Metagenomic analysis of the cecal content of mice described in Extended Data Fig. 3b. a, Principal coordinates (PC) analysis of global metabolic pathway and quantification of reads involved in fumarate respiration (b) and butyrate production (c). Ellipses in a denotes 95% confident interval. Bars represent the mean of +- standard deviation. a-c, n=6 per group. d-f B. thetaiotaomicron or B. fragilis were cultured anaerobically in mucin broth at 37  C for 48 hours. Media was supplemented with sodium tungstate or metronidazole as indicated. Succinate production by B. thetaiotaomicron (d) and B. fragilis (f) was assessed by GC-MS. The growth of B. thetaiotaomicron was determined by plating serial dilution of bacterial culture on blood agar (e). g, C. symbiosum was inoculated into chopped meat broth and incubated anaerobically at 37  C for 36 hours. Butyrate concentration in the media was measured using GC-MS. h, C. symbiosum was anaerobically cultured in chopped meat broth at 37  C for 48 hours. The growth of C. symbiosum was determined by plating serial dilution of bacterial culture on thioglycolate plates. d-h, n=3 replicates per condition."
Rd61f939ba0,PMC5804340,112022247,B. thetaiotaomicron,Species,affects,mucin broth,Chemical,b. thetaiotaomicron,mucin broth,"('B. thetaiotaomicron', 'mucin broth')","('Species', 'Chemical')",['affects'],1,False,True,False,False,False,False,,6,1,"a-c Metagenomic analysis of the cecal content of mice described in Extended Data Fig. 3b. a, Principal coordinates (PC) analysis of global metabolic pathway and quantification of reads involved in fumarate respiration (b) and butyrate production (c). Ellipses in a denotes 95% confident interval. Bars represent the mean of +- standard deviation. a-c, n=6 per group. d-f B. thetaiotaomicron or B. fragilis were cultured anaerobically in mucin broth at 37  C for 48 hours. Media was supplemented with sodium tungstate or metronidazole as indicated. Succinate production by B. thetaiotaomicron (d) and B. fragilis (f) was assessed by GC-MS. The growth of B. thetaiotaomicron was determined by plating serial dilution of bacterial culture on blood agar (e). g, C. symbiosum was inoculated into chopped meat broth and incubated anaerobically at 37  C for 36 hours. Butyrate concentration in the media was measured using GC-MS. h, C. symbiosum was anaerobically cultured in chopped meat broth at 37  C for 48 hours. The growth of C. symbiosum was determined by plating serial dilution of bacterial culture on thioglycolate plates. d-h, n=3 replicates per condition."
R8072926201,PMC5804340,112022247,Ellipses,Species,affects,butyrate,Chemical,ellipses,butyrate,"('Ellipses', 'butyrate')","('Species', 'Chemical')",['affects'],1,False,True,False,False,False,False,,6,1,"a-c Metagenomic analysis of the cecal content of mice described in Extended Data Fig. 3b. a, Principal coordinates (PC) analysis of global metabolic pathway and quantification of reads involved in fumarate respiration (b) and butyrate production (c). Ellipses in a denotes 95% confident interval. Bars represent the mean of +- standard deviation. a-c, n=6 per group. d-f B. thetaiotaomicron or B. fragilis were cultured anaerobically in mucin broth at 37  C for 48 hours. Media was supplemented with sodium tungstate or metronidazole as indicated. Succinate production by B. thetaiotaomicron (d) and B. fragilis (f) was assessed by GC-MS. The growth of B. thetaiotaomicron was determined by plating serial dilution of bacterial culture on blood agar (e). g, C. symbiosum was inoculated into chopped meat broth and incubated anaerobically at 37  C for 36 hours. Butyrate concentration in the media was measured using GC-MS. h, C. symbiosum was anaerobically cultured in chopped meat broth at 37  C for 48 hours. The growth of C. symbiosum was determined by plating serial dilution of bacterial culture on thioglycolate plates. d-h, n=3 replicates per condition."
R70c9ff0cff,PMC5804340,112022247,C. symbiosum,Species,worsen,Butyrate,Chemical,c. symbiosum,butyrate,"('C. symbiosum', 'Butyrate')","('Species', 'Chemical')",['worsen'],1,False,True,False,False,False,False,,6,1,"a-c Metagenomic analysis of the cecal content of mice described in Extended Data Fig. 3b. a, Principal coordinates (PC) analysis of global metabolic pathway and quantification of reads involved in fumarate respiration (b) and butyrate production (c). Ellipses in a denotes 95% confident interval. Bars represent the mean of +- standard deviation. a-c, n=6 per group. d-f B. thetaiotaomicron or B. fragilis were cultured anaerobically in mucin broth at 37  C for 48 hours. Media was supplemented with sodium tungstate or metronidazole as indicated. Succinate production by B. thetaiotaomicron (d) and B. fragilis (f) was assessed by GC-MS. The growth of B. thetaiotaomicron was determined by plating serial dilution of bacterial culture on blood agar (e). g, C. symbiosum was inoculated into chopped meat broth and incubated anaerobically at 37  C for 36 hours. Butyrate concentration in the media was measured using GC-MS. h, C. symbiosum was anaerobically cultured in chopped meat broth at 37  C for 48 hours. The growth of C. symbiosum was determined by plating serial dilution of bacterial culture on thioglycolate plates. d-h, n=3 replicates per condition."
R8af01396c0,PMC5804340,112022247,B. thetaiotaomicron,Species,affects,butyrate,Chemical,b. thetaiotaomicron,butyrate,"('B. thetaiotaomicron', 'butyrate')","('Species', 'Chemical')",['affects'],1,False,True,False,False,False,False,,6,1,"a-c Metagenomic analysis of the cecal content of mice described in Extended Data Fig. 3b. a, Principal coordinates (PC) analysis of global metabolic pathway and quantification of reads involved in fumarate respiration (b) and butyrate production (c). Ellipses in a denotes 95% confident interval. Bars represent the mean of +- standard deviation. a-c, n=6 per group. d-f B. thetaiotaomicron or B. fragilis were cultured anaerobically in mucin broth at 37  C for 48 hours. Media was supplemented with sodium tungstate or metronidazole as indicated. Succinate production by B. thetaiotaomicron (d) and B. fragilis (f) was assessed by GC-MS. The growth of B. thetaiotaomicron was determined by plating serial dilution of bacterial culture on blood agar (e). g, C. symbiosum was inoculated into chopped meat broth and incubated anaerobically at 37  C for 36 hours. Butyrate concentration in the media was measured using GC-MS. h, C. symbiosum was anaerobically cultured in chopped meat broth at 37  C for 48 hours. The growth of C. symbiosum was determined by plating serial dilution of bacterial culture on thioglycolate plates. d-h, n=3 replicates per condition."
R8b158ac53e,PMC5804340,112022257,E. coli,Species,Interacts_with,nitrate,Chemical,e. coli,nitrate,"('E. coli', 'nitrate')","('Species', 'Chemical')",['Interacts_with'],6,True,True,False,False,False,False,,1,3,Host-derived nitrate boosts growth of E. coli in the inflamed gut
R33be49b3f4,PMC3957428,112022276,Bacteroides spp,Species,start,carbohydrate,Chemical,bacteroides,carbohydrate,"('Bacteroides spp', 'carbohydrate')","('Species', 'Chemical')",['start'],1,False,True,False,False,False,False,,5,1,"Analysis of fecal SCFAs and bacterial clusters suggests that macronutrient shifts on both diets also altered microbial metabolic activity. Relative to the plant-based diet and baseline samples, the animal-based diet resulted in significantly lower levels of the products of carbohydrate fermentation and a higher concentration of the products of amino acid fermentation (Fig. 3a,b; Supplementary Table 11). When we correlated subjects' SCFA concentrations with the same-day abundance of bacterial clusters from Fig. 2, we found significant positive relationships between clusters composed of putrefactive microbes (i.e. Alistipes putredinis and Bacteroides spp.) and SCFAs that are the end products of amino acid fermentation (Extended Data Fig. 5). We also observed significant positive correlations between clusters comprised of saccharolytic microbes (e.g. Roseburia, E. rectale, and F. prausnitzii) and the products of carbohydrate fermentation."
R20c8ef0fbb,PMC3957428,112022276,Alistipes putredinis,Species,increase,carbohydrate,Chemical,alistipes putredinis,carbohydrate,"('Alistipes putredinis', 'carbohydrate')","('Species', 'Chemical')",['increase'],1,False,True,False,False,False,False,,5,1,"Analysis of fecal SCFAs and bacterial clusters suggests that macronutrient shifts on both diets also altered microbial metabolic activity. Relative to the plant-based diet and baseline samples, the animal-based diet resulted in significantly lower levels of the products of carbohydrate fermentation and a higher concentration of the products of amino acid fermentation (Fig. 3a,b; Supplementary Table 11). When we correlated subjects' SCFA concentrations with the same-day abundance of bacterial clusters from Fig. 2, we found significant positive relationships between clusters composed of putrefactive microbes (i.e. Alistipes putredinis and Bacteroides spp.) and SCFAs that are the end products of amino acid fermentation (Extended Data Fig. 5). We also observed significant positive correlations between clusters comprised of saccharolytic microbes (e.g. Roseburia, E. rectale, and F. prausnitzii) and the products of carbohydrate fermentation."
R73390b0ef6,PMC3957428,112022308,chicken,Species,increase,"2-amino-1-methyl-6-phenylimidazo[4,5-b]pyridine",Chemical,chicken,2-amino-1-methyl-6-phenylimidazo 4 5-b pyridine,"('chicken', '2-amino-1-methyl-6-phenylimidazo[4,5-b]pyridine')","('Species', 'Chemical')",['increase'],1,False,True,False,False,False,False,,2,1,"High concentrations of the carcinogen 2-amino-1-methyl-6-phenylimidazo[4,5-b]pyridine (PhIP) occur in chicken but are dependent on the cooking method"
R0106942ea6,PMC3957428,112022308,chicken,Species,worsen,PhIP,Chemical,chicken,phip,"('chicken', 'PhIP')","('Species', 'Chemical')",['worsen'],1,False,True,False,False,False,False,,2,1,"High concentrations of the carcinogen 2-amino-1-methyl-6-phenylimidazo[4,5-b]pyridine (PhIP) occur in chicken but are dependent on the cooking method"
R44d6b4640f,PMC3957428,112022316,Rubus chlorotic mottle virus,Species,increase,salt,Chemical,rubus chlorotic mottle virus,salt,"('Rubus chlorotic mottle virus', 'salt')","('Species', 'Chemical')",['increase'],1,False,True,False,False,False,False,,3,1,"(A) Common bacteria and fungi associated with the animal-based diet menu items, as measured by 16S rRNA and ITS gene sequencing, respectively. Taxa are identified on the genus (g) and species (s) level. A full list of foodborne fungi and bacteria on the animal-based diet can be found in Supplementary Table 21. Foods on the plant-based diet were dominated by matches to the Streptophyta, which derive from chloroplasts within plant matter (Extended Data Fig. 7a). (B-E). Fecal RNA transcripts were significantly enriched (q<0.1, Kruskal-Wallis test; n=6-10 samples/diet arm) for several food-associated microbes on the animal-based diet relative to baseline (BL) periods, including (B) Lactococcus lactis, (C) Staphylococcus carnosus, (D) Pediococcus acidilactici, and (E) a Penicillium sp. A complete table of taxa with significant expression differences can be found in Supplementary Table 22. (F) Fungal concentrations in feces before and 1-2 days after the animal-based diet were also measured using culture media selective for fungal growth (plate count agar with milk, salt, and chloramphenicol). Post-diet fecal samples exhibit significantly higher fungal concentrations than baseline samples (p<0.02; two-sided Mann-Whitney U test; n=7-10 samples/diet arm). (G) Increased RNA transcripts from the plant-derived Rubus chlorotic mottle virus transcripts increase on the plant-based diet (q<0.1, Kruskal-Wallis test; n=6-10 samples/diet arm). Barplots (B-G) all display mean+-sem."
R8304c452c1,PMC3957428,112022317,Bilophila,Species,affects,bile acids,Chemical,bilophila,bile acids,"('Bilophila', 'bile acids')","('Species', 'Chemical')","['affects', 'Interacts_with']",2,True,True,False,False,False,False,,1,1,Changes in the fecal concentration of bile acids and biomarkers for Bilophila on the animal-based diet
R51ff1fad14,PMC3957428,112022318,Bilophila,Species,Interacts_with,bile acids,Chemical,bilophila,bile acids,"('Bilophila', 'bile acids')","('Species', 'Chemical')","['affects', 'Interacts_with']",2,True,True,False,False,False,False,,7,1,"(A) Deoxycholic acid, a secondary bile acid known to promote DNA damage and hepatic carcinomas, accumulates significantly on the animal-based diet (p<0.01, two-sided Wilcoxon signed-rank test; see Supplementary Table 23 for the diet response of other secondary bile acids). (B) RNA-Seq data also supports increased microbial metabolism of bile acids on the animal-based diet, as we observe significantly increased expression of microbial bile salt hydrolases (K01442) during that diet arm (q<0.05, Kruskal-Wallis test; normalized to reads per kilobase per million mapped, or RPKM; n=8-21 samples/diet arm). (C) Total fecal bile acid concentrations also increase significantly on the animal-based diet, relative to the preceding baseline period (p<0.05, two-sided Wilcoxon signed-rank test), but do not change on the plant-based diet (Extended Data Fig. 9). Bile acids have been shown to cause IBD in mice by stimulating the growth of the bacterium Bilophila, which is known to reduce sulfite to hydrogen sulfide via the sulfite reductase enzyme (dsrA; Extended Data Fig. 10). (D) Quantitative PCR showed a significant increase in microbial DNA coding for dsrA on the animal-based diet (p<0.05; two-sided Wilcoxon signed-rank test), and (E) RNA-Seq identified a significant increase in sulfite reductase expression (q<0.05, Kruskal-Wallis test; n=8-21 samples/diet arm). Barplots (B,E) display mean+-sem."
R9c53aac1b1,PMC4048947,112022321,Enterococcus hirae,Species,affects,doxorubicin,Chemical,enterococcus hirae,doxorubicin,"('Enterococcus hirae', 'doxorubicin')","('Species', 'Chemical')",['affects'],1,False,True,False,False,False,False,,5,1,"We characterized the inflammatory status of the gut epithelial barrier 48 hours following therapy with non-myeloablative doses of CTX or the anthracycline doxorubicin in naive mice. Both drugs caused shortening of small intestinal villi, discontinuities of the epithelial barrier, interstitial edema and focal accumulation of mononuclear cells in the lamina propria (LP) (Fig. 1A-B). Post-chemotherapy, the numbers of goblet cells and Paneth cells were increased in villi (Fig. 1C) and crypts (Fig. 1D) respectively. The antibacterial enzyme lysozyme (but not the microbiocide peptide RegIIIgamma) was upregulated in the duodenum of CTX-treated mice (Fig. 1E). Orally administered fluorescein isothiocyanate (FITC)-dextran became detectable in the blood 18 h post CTX, confirming an increase in intestinal permeability (Fig. 1F). Disruption of the intestinal barrier was accompanied by a significant translocation of commensal bacteria in >50% mice into mesenteric lymph nodes and spleens that was well detectable 48 h post-CTX, less so after doxorubicin treatment (Fig. 2A). Several Gram+ bacterial species, including Lactobacillus johnsonii (growing in >40% cases), Lactobacillus murinus and Enterococcus hirae, could be cultured from these lymphoid organs (Fig. 2B)."
R24d6f6db98,PMC7319900,112022342,C. difficile,Species,start,DCA,Chemical,c. difficile,dca,"('C. difficile', 'DCA')","('Species', 'Chemical')",['start'],1,False,True,False,False,False,False,,5,1,"The gut microbiota synthesize hundreds of molecules, many of which are known to impact host physiology. Among the most abundant metabolites are the secondary bile acids deoxycholic acid (DCA) and lithocholic acid (LCA), which accumulate at ~500 muM and are known to block C. difficile growth, promote hepatocellular carcinoma, and modulate host metabolism via the GPCR TGR5. More broadly, DCA, LCA and their derivatives are a major component of the recirculating bile acid pool; the size and composition of this pool are a target of therapies for primary biliary cholangitis and nonalcoholic steatohepatitis. Despite the clear impact of DCA and LCA on host physiology, incomplete knowledge of their biosynthetic genes and a lack of genetic tools in their native producer limit our ability to modulate secondary bile acid levels in the host. Here, we complete the pathway to DCA/LCA by assigning and characterizing enzymes for each of the steps in its reductive arm, revealing a strategy in which the A-B rings of the steroid core are transiently converted into an electron acceptor for two reductive steps carried out by Fe-S flavoenzymes. Using anaerobic in vitro reconstitution, we establish that a set of six enzymes is necessary and sufficient for the 8-step conversion of cholic acid to DCA. We then engineer the pathway into Clostridium sporogenes, conferring production of DCA and LCA on a non-producing commensal and demonstrating that a microbiome-derived pathway can be expressed and controlled heterologously. These data establish a complete pathway to two central components of the bile acid pool."
R4684184e80,PMC7319900,112022342,Clostridium sporogenes,Species,Interacts_with,DCA,Chemical,clostridium sporogenes,dca,"('Clostridium sporogenes', 'DCA')","('Species', 'Chemical')","['affects', 'Interacts_with']",2,True,True,False,False,False,False,,5,1,"The gut microbiota synthesize hundreds of molecules, many of which are known to impact host physiology. Among the most abundant metabolites are the secondary bile acids deoxycholic acid (DCA) and lithocholic acid (LCA), which accumulate at ~500 muM and are known to block C. difficile growth, promote hepatocellular carcinoma, and modulate host metabolism via the GPCR TGR5. More broadly, DCA, LCA and their derivatives are a major component of the recirculating bile acid pool; the size and composition of this pool are a target of therapies for primary biliary cholangitis and nonalcoholic steatohepatitis. Despite the clear impact of DCA and LCA on host physiology, incomplete knowledge of their biosynthetic genes and a lack of genetic tools in their native producer limit our ability to modulate secondary bile acid levels in the host. Here, we complete the pathway to DCA/LCA by assigning and characterizing enzymes for each of the steps in its reductive arm, revealing a strategy in which the A-B rings of the steroid core are transiently converted into an electron acceptor for two reductive steps carried out by Fe-S flavoenzymes. Using anaerobic in vitro reconstitution, we establish that a set of six enzymes is necessary and sufficient for the 8-step conversion of cholic acid to DCA. We then engineer the pathway into Clostridium sporogenes, conferring production of DCA and LCA on a non-producing commensal and demonstrating that a microbiome-derived pathway can be expressed and controlled heterologously. These data establish a complete pathway to two central components of the bile acid pool."
Redde87ca84,PMC7319900,112022346,Clostridium sporogenes,Species,affects,DCA,Chemical,clostridium sporogenes,dca,"('Clostridium sporogenes', 'DCA')","('Species', 'Chemical')","['affects', 'Interacts_with']",2,True,True,False,False,False,False,,1,1,"Here, by purifying and assaying pathway enzymes under anaerobic conditions, we reconstituted 7alpha-dehydroxylation in vitro. We then transferred the pathway from its genetically intractable producer Clostridium scindens into Clostridium sporogenes, conferring production of DCA and LCA on a non-producing commensal bacterial species. These data establish a complete pathway for two central components of the bile acid pool, and they provide a genetic basis for controlling the bile acid output of the microbiome."
R37d057e2a0,PMC7319900,112022351,Clostridium,Species,affects,bile acid,Chemical,clostridium,bile acid,"('Clostridium', 'bile acid')","('Species', 'Chemical')",['affects'],1,False,True,False,False,False,False,,4,1,"Having determined the set of enzymes that are necessary and sufficient for the pathway, we sought to gain genetic control over the pathway as a first step toward engineering the bile acid output of the gut community. We began by attempting to construct a mutation in the baiCD gene of the native producer, C. scindens, using the ClosTron group II intron system; however, we were unsuccessful due to an inability to introduce DNA constructs into C. scindens by conjugation. As an alternative approach, we considered expressing the bai pathway in a gut commensal that is unable to carry out 7alpha-dehydroxylation; however, with notable exceptions, methods for transferring pathways in Clostridium are underdeveloped. To our knowledge, no pathway from the human microbiome has been mobilized from one Clostridium species to another."
Rb30b427862,PMC7319900,112022353,C. sporogenes,Species,start,LCA,Chemical,c. sporogenes,lca,"('C. sporogenes', 'LCA')","('Species', 'Chemical')","['start', 'part_of']",3,True,True,False,False,False,False,,6,1,"When incubated with CA, MF001 produces DCA in a time-dependent manner, in contrast to a control strain that harbors only the transporter (baiG) (Fig. 3b, c), which does not. Additionally, MF001 converts CDCA to LCA (Extended Data Fig. 7). These data show that the eight genes in the core bai cluster (Fig. 1) are sufficient to confer bile acid 7alpha-dehydroxylation on C. sporogenes, although they do not rule out the participation of one or more genes endogenous to C. sporogenes."
R40cb8da86c,PMC7319900,112022353,C. sporogenes,Species,affects,bile acid,Chemical,c. sporogenes,bile acid,"('C. sporogenes', 'bile acid')","('Species', 'Chemical')","['affects', 'improve']",2,True,True,False,False,False,False,,6,1,"When incubated with CA, MF001 produces DCA in a time-dependent manner, in contrast to a control strain that harbors only the transporter (baiG) (Fig. 3b, c), which does not. Additionally, MF001 converts CDCA to LCA (Extended Data Fig. 7). These data show that the eight genes in the core bai cluster (Fig. 1) are sufficient to confer bile acid 7alpha-dehydroxylation on C. sporogenes, although they do not rule out the participation of one or more genes endogenous to C. sporogenes."
Re261a94faa,PMC7319900,112022353,cluster (Fig,Species,Interacts_with,LCA,Chemical,cluster fig,lca,"('cluster (Fig', 'LCA')","('Species', 'Chemical')",['Interacts_with'],1,False,True,False,False,False,False,,6,1,"When incubated with CA, MF001 produces DCA in a time-dependent manner, in contrast to a control strain that harbors only the transporter (baiG) (Fig. 3b, c), which does not. Additionally, MF001 converts CDCA to LCA (Extended Data Fig. 7). These data show that the eight genes in the core bai cluster (Fig. 1) are sufficient to confer bile acid 7alpha-dehydroxylation on C. sporogenes, although they do not rule out the participation of one or more genes endogenous to C. sporogenes."
R24180614bf,PMC7319900,112022353,C. sporogenes,Species,improve,bile acid,Chemical,c. sporogenes,bile acid,"('C. sporogenes', 'bile acid')","('Species', 'Chemical')","['affects', 'improve']",2,True,True,False,False,False,False,,6,1,"When incubated with CA, MF001 produces DCA in a time-dependent manner, in contrast to a control strain that harbors only the transporter (baiG) (Fig. 3b, c), which does not. Additionally, MF001 converts CDCA to LCA (Extended Data Fig. 7). These data show that the eight genes in the core bai cluster (Fig. 1) are sufficient to confer bile acid 7alpha-dehydroxylation on C. sporogenes, although they do not rule out the participation of one or more genes endogenous to C. sporogenes."
Rd7614f1edb,PMC7319900,112022353,C. sporogenes,Species,start,CDCA,Chemical,c. sporogenes,cdca,"('C. sporogenes', 'CDCA')","('Species', 'Chemical')","['start', 'part_of', 'decrease']",3,True,True,False,False,False,False,,6,1,"When incubated with CA, MF001 produces DCA in a time-dependent manner, in contrast to a control strain that harbors only the transporter (baiG) (Fig. 3b, c), which does not. Additionally, MF001 converts CDCA to LCA (Extended Data Fig. 7). These data show that the eight genes in the core bai cluster (Fig. 1) are sufficient to confer bile acid 7alpha-dehydroxylation on C. sporogenes, although they do not rule out the participation of one or more genes endogenous to C. sporogenes."
R94e058fddf,PMC7319900,112022353,C. sporogenes,Species,start,DCA,Chemical,c. sporogenes,dca,"('C. sporogenes', 'DCA')","('Species', 'Chemical')",['start'],1,False,True,False,False,False,False,,6,1,"When incubated with CA, MF001 produces DCA in a time-dependent manner, in contrast to a control strain that harbors only the transporter (baiG) (Fig. 3b, c), which does not. Additionally, MF001 converts CDCA to LCA (Extended Data Fig. 7). These data show that the eight genes in the core bai cluster (Fig. 1) are sufficient to confer bile acid 7alpha-dehydroxylation on C. sporogenes, although they do not rule out the participation of one or more genes endogenous to C. sporogenes."
Rc6f5fc0ded,PMC7319900,112022355,C. sporogenes,Species,Interacts_with,"3-oxo-4,5-6,7-didehydro-DCA",Chemical,c. sporogenes,3-oxo-4 5-6 7-didehydro-dca,"('C. sporogenes', '3-oxo-4,5-6,7-didehydro-DCA')","('Species', 'Chemical')",['Interacts_with'],1,False,True,False,False,False,False,,3,1,"Intriguingly, the baiH mutant accumulates a key intermediate in the reductive arm of the pathway, 3-oxo-4,5-6,7-didehydro-DCA (Fig. 3d), supporting our finding that BaiH catalyzes the first reductive step in the pathway. Moreover, strains of C. sporogenes expressing BaiG/BaiH and BaiG/BaiCD convert, respectively, 3-oxo-4,5-6,7-didehydro-DCA to 3-oxo-4,5-dehydro-DCA and 3-oxo-4,5-dehydro-DCA to 3-oxo-DCA (Fig. 3e), providing access to intermediates that do not accumulate in a culture of C. scindens. Notably, the fully oxidized and partially reduced intermediates are branch points for the production of allo (5alpha) bile acids, which have important biological activities including the induction of regulatory T cells. Thus, gaining genetic control over the pathway by expressing it in an alternative gut provides opportunities for rational and deliberate control of bile acid metabolism and the production of alternative molecules with distinct biological properties."
R4eef71eb79,PMC7319900,112022355,C. scindens,Species,start,"3-oxo-4,5-6,7-didehydro-DCA",Chemical,c. scindens,3-oxo-4 5-6 7-didehydro-dca,"('C. scindens', '3-oxo-4,5-6,7-didehydro-DCA')","('Species', 'Chemical')",['start'],1,False,True,False,False,False,False,,3,1,"Intriguingly, the baiH mutant accumulates a key intermediate in the reductive arm of the pathway, 3-oxo-4,5-6,7-didehydro-DCA (Fig. 3d), supporting our finding that BaiH catalyzes the first reductive step in the pathway. Moreover, strains of C. sporogenes expressing BaiG/BaiH and BaiG/BaiCD convert, respectively, 3-oxo-4,5-6,7-didehydro-DCA to 3-oxo-4,5-dehydro-DCA and 3-oxo-4,5-dehydro-DCA to 3-oxo-DCA (Fig. 3e), providing access to intermediates that do not accumulate in a culture of C. scindens. Notably, the fully oxidized and partially reduced intermediates are branch points for the production of allo (5alpha) bile acids, which have important biological activities including the induction of regulatory T cells. Thus, gaining genetic control over the pathway by expressing it in an alternative gut provides opportunities for rational and deliberate control of bile acid metabolism and the production of alternative molecules with distinct biological properties."
R65eaee23af,PMC7319900,112022355,C. scindens,Species,start,3-oxo-DCA,Chemical,c. scindens,3-oxo-dca,"('C. scindens', '3-oxo-DCA')","('Species', 'Chemical')",['start'],1,False,True,False,False,False,False,,3,1,"Intriguingly, the baiH mutant accumulates a key intermediate in the reductive arm of the pathway, 3-oxo-4,5-6,7-didehydro-DCA (Fig. 3d), supporting our finding that BaiH catalyzes the first reductive step in the pathway. Moreover, strains of C. sporogenes expressing BaiG/BaiH and BaiG/BaiCD convert, respectively, 3-oxo-4,5-6,7-didehydro-DCA to 3-oxo-4,5-dehydro-DCA and 3-oxo-4,5-dehydro-DCA to 3-oxo-DCA (Fig. 3e), providing access to intermediates that do not accumulate in a culture of C. scindens. Notably, the fully oxidized and partially reduced intermediates are branch points for the production of allo (5alpha) bile acids, which have important biological activities including the induction of regulatory T cells. Thus, gaining genetic control over the pathway by expressing it in an alternative gut provides opportunities for rational and deliberate control of bile acid metabolism and the production of alternative molecules with distinct biological properties."
Rb9e85ef9e5,PMC7319900,112022366,C. scindens,Species,Interacts_with,HEPES,Chemical,c. scindens,hepes,"('C. scindens', 'HEPES')","('Species', 'Chemical')",['Interacts_with'],2,True,True,False,False,False,False,,3,1,"Six assays each contained 50 mM HEPES pH 7.5, 50 mM KCl, 200 muM NAD, 100 muM CoA, and 200 muM ATP. In addition, each assay contained 0.1 mM of 1-6 of the following enzymes: BaiB from C. scindens, BaiA2 from C. scindens, BaiCD from C. hiranonis, BaiE from C. hiranonis, BaiF from C. hylemonae, and BaiH from C. scindens. All reactions were initiated with the addition of cholic acid and incubated at 22  C for 30 min before being quenched by the additions of an equal volume of 100 % acetone. Each assay was performed in triplicate. Product formation was monitored by LC/MS described above."
Rb9e85ef9e5,PMC7319900,112022366,C. scindens,Species,Interacts_with,HEPES,Chemical,c. scindens,hepes,"('C. scindens', 'HEPES')","('Species', 'Chemical')",['Interacts_with'],2,True,True,False,False,False,False,,3,1,"Six assays each contained 50 mM HEPES pH 7.5, 50 mM KCl, 200 muM NAD, 100 muM CoA, and 200 muM ATP. In addition, each assay contained 0.1 mM of 1-6 of the following enzymes: BaiB from C. scindens, BaiA2 from C. scindens, BaiCD from C. hiranonis, BaiE from C. hiranonis, BaiF from C. hylemonae, and BaiH from C. scindens. All reactions were initiated with the addition of cholic acid and incubated at 22  C for 30 min before being quenched by the additions of an equal volume of 100 % acetone. Each assay was performed in triplicate. Product formation was monitored by LC/MS described above."
R511f527a7c,PMC7319900,112022367,C. hiranonis,Species,start,HEPES,Chemical,c. hiranonis,hepes,"('C. hiranonis', 'HEPES')","('Species', 'Chemical')",['start'],1,False,True,False,False,False,False,,2,1,"To determine the rate of DCA production by the in vitro pathway, assays were performed with 50 mM HEPES pH 7.5, 50 mM KCl, 200 muM NAD, 100 muM CoA, and 200 muM ATP, 0.1 mM of BaiB from C. scindens, BaiA2 from C. scindens, BaiCD from C. hiranonis, BaiE from C. hiranonis, BaiF from C. hylemonae, and BaiH from C. scindens. Reactions were initiated with the addition of cholic acid and incubated at 22  C. Samples of the reaction were removed and mixed with an equal volume (100 mM H2SO4 at designated times. Each assay was performed in triplicate. Product formation was monitored by LC/MS described above."
R9e18bc1dea,PMC7319900,112022367,C. hiranonis,Species,start,KCl,Chemical,c. hiranonis,kcl,"('C. hiranonis', 'KCl')","('Species', 'Chemical')",['start'],1,False,True,False,False,False,False,,2,1,"To determine the rate of DCA production by the in vitro pathway, assays were performed with 50 mM HEPES pH 7.5, 50 mM KCl, 200 muM NAD, 100 muM CoA, and 200 muM ATP, 0.1 mM of BaiB from C. scindens, BaiA2 from C. scindens, BaiCD from C. hiranonis, BaiE from C. hiranonis, BaiF from C. hylemonae, and BaiH from C. scindens. Reactions were initiated with the addition of cholic acid and incubated at 22  C. Samples of the reaction were removed and mixed with an equal volume (100 mM H2SO4 at designated times. Each assay was performed in triplicate. Product formation was monitored by LC/MS described above."
R4bd477e825,PMC7319900,112022375,A) Michaelis,Species,affects,"3-oxo-4,5-dehydro-DCA",Chemical,a michaelis,3-oxo-4 5-dehydro-dca,"('A) Michaelis', '3-oxo-4,5-dehydro-DCA')","('Species', 'Chemical')",['affects'],1,False,True,False,False,False,False,,1,1,"(A) Michaelis-Menten analysis of the conversion of 3-oxo-4,5-dehydro-DCA to 3-oxo-DCA by BaiCD. Reaction mixtures contained 0.45 muM BaiCD, 1 mM NADH, with the substrate concentration varied between 15 muM and 500 muM. B) Michaelis-Menten analysis of the conversion of 3-oxo-4,5,6,7-didehydro-DCA to 3-oxo-4,5-dehydro-DCA by BaiH. Reaction mixtures contained 0.45 muM BaiH, 1 mM NADH, with the substrate concentration varied between 3 muM and 100 muM. Data indicate the average product level +- one SD (three biological replicates)."
R7cbe917d28,PMC7319900,112022378,C. sporogenes,Species,decrease,CDCA,Chemical,c. sporogenes,cdca,"('C. sporogenes', 'CDCA')","('Species', 'Chemical')","['start', 'part_of', 'decrease']",3,True,True,False,False,False,False,,4,1,"Combined extracted ion chromatograms showing the conversion of CDCA to LCA by a C. sporogenes strain harboring the complete bai operon on three plasmids (MF001) versus a control strain of C. sporogenes harboring the transporter baiG (MF012). The strains were cultivated with 1 muM CA for 72 hr; an acetone extract of the culture supernatant was analyzed by HPLC-MS. The single asterisk indicates isoLCA, and the double asterisk is provisionally assigned as isoCDCA. This experiment was performed once."
Rad6a49d8f0,PMC7319900,112022392,Eubacterium sp. strain VP,Species,Interacts_with,bile acid,Chemical,eubacterium vp,bile acid,"('Eubacterium sp. strain VP', 'bile acid')","('Species', 'Chemical')","['Physically_related_to', 'part_of', 'Interacts_with']",4,True,True,False,False,False,False,,1,1,Expression and characterization of a C24 bile acid 7 alpha-dehydratase from Eubacterium sp. strain VPI 12708 in Escherichia coli
R0c0ee47982,PMC6938237,112022412,B. fragilis,Species,improve,T6S,Chemical,b. fragilis,t6s,"('B. fragilis', 'T6S')","('Species', 'Chemical')",['improve'],1,False,True,False,False,False,False,,1,1,"Interestingly, we found that AID-1 resides on a predicted mobile integrative and conjugative element (ICE), potentially providing an explanation for its distribution (Fig. 3d). To test whether this element can be transferred between strains, we performed mobilization studies using B. fragilis 638R as a donor and B. fragilis 43859 as a recipient. An antibiotic resistance marker was inserted within AID-1 to facilitate the detection of its transfer. With this tool, we readily detected AID-1 transfer (Fig. 3e). This occurred at a frequency of approximately 5x10-6, in line with previous quantification of ICE mobility in Bacteroides spp.. Next, we asked whether the transfer of AID-1 to B. fragilis 43859 is sufficient to confer resistance to T6S-mediated antagonism. In vitro growth competition assays against B. fragilis 9343 showed that AID-1 effectively neutralizes intoxication by e6 and e7 (Fig. 3f). The receipt of AID-1 also granted significant protection to B. fragilis 43859 against T6-mediated killing in germ-free mice pre-colonized with B. fragilis 9343 (Fig. 3g). Together, these findings indicate that the transfer of a mobile orphan immunity island to a naive Bacteroides strain is sufficient to provide defense against T6S effectors."
R754c70b0f7,PMC6938237,112022423,Bacteroides,Species,affects,H2,Chemical,bacteroides,h2,"('Bacteroides', 'H2')","('Species', 'Chemical')",['affects'],1,False,True,False,False,False,False,,3,1,"Anaerobic culturing procedures were performed either in an anaerobic chamber (Coy Laboratory Products) filled with 70% N2, 20% CO2 and 10% H2, or in Becton Dickson BBL EZ GasPak chambers. E. coli EC100D lambda pir and S17-1 lambda pir strains were grown aerobically at 37  C on lysogeny broth agar. Unless otherwise noted, Bacteroides strains were cultured under anaerobic conditions on brain heart infusion agar (BHI; Becton Dickinson) supplemented with 50 mug mL-1 hemin and 10% sodium bicarbonate. Antibiotics and chemicals were added to media as needed at the following concentrations: trimethoprim 50 mug mL-1, carbenicillin 150 mug mL-1, gentamicin 15 mug mL-1 (E. coli), gentamicin 60 mug mL-1 (Bacteroides), erythromycin 12.5 mug mL-1, tetracycline 6 mug mL-1, chloramphenicol 12 mug mL-1, floxuridine (FUdR) 200 mug mL-1."
Rf38d730427,PMC6938237,112022427,B. fragilis,Species,worsen,tetracycline,Chemical,b. fragilis,tetracycline,"('B. fragilis', 'tetracycline')","('Species', 'Chemical')","['worsen', 'affects']",2,True,True,False,False,False,False,,2,1,"Bacteroidales strains were grown on BHIS blood agar plates overnight at 37  C. Bacteria were resuspended from plates in BHIS broth and the optical density of each strain was adjusted to a 10:1 B. fragilis NCTC 9343 to competitor ratio (OD600 6.0 to 0.6) for competitions involving B. xylanisolvens and B. ovatus, or 1:1 ratio for competitions involving B. fragilis 638R (OD600 6.0). Equal volumes of each strain at the adjusted OD were mixed and 5ul of bacterial mixtures were spotted onto pre-dried BHIS blood agar plates, in triplicate spots. Competitions were allowed to proceed for 20-24 hours at 37  C under anaerobic conditions before spots were harvested into BHIS broth. Competition outcomes were quantified in one of two ways: 1) by serial dilution for enumeration of colony forming units after plating on BHIS selective plates containing either erythromycin or tetracycline, or 2) purification of total genomic DNA using the Qiagen DNeasy Blood and Tissue Kit and subsequent quantification by qPCR using strain-specific primers (see Supplementary Table 10). For antibiotic selection, B. fragilis 9343 was marked with erythromycin resistance by integration of pNBU2-erm at the att1 site. Other strains were either naturally tetracycline resistant, or were marked by integration of pNBU2-tet-BCO1. Strains with insertions of pNBU2 were selected for matching integration sites by PCR with primers flanking att loci. Interbacterial competitions between strains of B. fragilis occasionally exhibited T6SS-independent phenotypes that were dependent on the initial starting ratio of the strains used."
R4db8720164,PMC6938237,112022427,B. fragilis,Species,affects,tetracycline,Chemical,b. fragilis,tetracycline,"('B. fragilis', 'tetracycline')","('Species', 'Chemical')","['affects', 'worsen']",2,True,True,False,False,False,False,,2,1,"Bacteroidales strains were grown on BHIS blood agar plates overnight at 37  C. Bacteria were resuspended from plates in BHIS broth and the optical density of each strain was adjusted to a 10:1 B. fragilis NCTC 9343 to competitor ratio (OD600 6.0 to 0.6) for competitions involving B. xylanisolvens and B. ovatus, or 1:1 ratio for competitions involving B. fragilis 638R (OD600 6.0). Equal volumes of each strain at the adjusted OD were mixed and 5ul of bacterial mixtures were spotted onto pre-dried BHIS blood agar plates, in triplicate spots. Competitions were allowed to proceed for 20-24 hours at 37  C under anaerobic conditions before spots were harvested into BHIS broth. Competition outcomes were quantified in one of two ways: 1) by serial dilution for enumeration of colony forming units after plating on BHIS selective plates containing either erythromycin or tetracycline, or 2) purification of total genomic DNA using the Qiagen DNeasy Blood and Tissue Kit and subsequent quantification by qPCR using strain-specific primers (see Supplementary Table 10). For antibiotic selection, B. fragilis 9343 was marked with erythromycin resistance by integration of pNBU2-erm at the att1 site. Other strains were either naturally tetracycline resistant, or were marked by integration of pNBU2-tet-BCO1. Strains with insertions of pNBU2 were selected for matching integration sites by PCR with primers flanking att loci. Interbacterial competitions between strains of B. fragilis occasionally exhibited T6SS-independent phenotypes that were dependent on the initial starting ratio of the strains used."
Rf90897b3eb,PMC6938237,112022428,B. fragilis 638R,Species,improve,chloramphenicol,Chemical,b. fragilis 638r,chloramphenicol,"('B. fragilis 638R', 'chloramphenicol')","('Species', 'Chemical')",['improve'],1,False,True,False,False,False,False,,3,1,"Allelic exchange was used to engineer a high-expression chloramphenicol resistance cassette onto the AID-1 system of B. fragilis 638R, replacing BF638R_2056-2058. Chloramphenicol-resistant B. fragilis 638R cells were mixed on BHIS blood agar plates with erythromycin-resistant B. fragilis ATCC 43859 cells at a 1:1 ratio (OD600 6.0). Following overnight co-culture, bacterial mixtures were harvested and plated on BHIS plates containing either erythromycin alone (to quantify c.f.u. of total ATCC cells), or erythromycin and chloramphenicol (to quantify c.f.u of AID-1 recipient ATCC cells). Doubly-resistant colonies were screened individually by PCR to confirm strain identity, the presence of the AID-1 system, and the genomic integration site at a tRNA-Lys gene (see Supplementary Table 10 for primers used)."
R2fac341abc,PMC6938237,112022428,B. fragilis,Species,decrease,chloramphenicol,Chemical,b. fragilis,chloramphenicol,"('B. fragilis', 'chloramphenicol')","('Species', 'Chemical')",['decrease'],1,False,True,False,False,False,False,,3,1,"Allelic exchange was used to engineer a high-expression chloramphenicol resistance cassette onto the AID-1 system of B. fragilis 638R, replacing BF638R_2056-2058. Chloramphenicol-resistant B. fragilis 638R cells were mixed on BHIS blood agar plates with erythromycin-resistant B. fragilis ATCC 43859 cells at a 1:1 ratio (OD600 6.0). Following overnight co-culture, bacterial mixtures were harvested and plated on BHIS plates containing either erythromycin alone (to quantify c.f.u. of total ATCC cells), or erythromycin and chloramphenicol (to quantify c.f.u of AID-1 recipient ATCC cells). Doubly-resistant colonies were screened individually by PCR to confirm strain identity, the presence of the AID-1 system, and the genomic integration site at a tRNA-Lys gene (see Supplementary Table 10 for primers used)."
Rc2cfccda0f,PMC6938237,112022429,Bacteroides,Species,affects,erythromycin,Chemical,bacteroides,erythromycin,"('Bacteroides', 'erythromycin')","('Species', 'Chemical')",['affects'],1,False,True,False,False,False,False,,1,1,"Germ-free 6-12 week-old female Swiss Webster mice from multiple litters were randomized, housed simultaneously in pairs in single Techniplast cages with a 12-hour light/dark cycle, and fed a standard lab diet (Laboratory Autoclavable Rodent Diet 5010, LabDiet), in accordance with guidelines approved by the University of Washington Institutional Animal Care and Use Committee. Blinding was not performed, and no statistical methods were used to determine sample size. Reasonable numbers of animals were used considering limitations of housing and maintenance under gnotobiotic conditions.. Bacteroides fragilis strains were introduced into mice via oral gavage of 108 colony forming units (c.f.u.) suspended in 0.2mL of sterile 1X phosphate buffered saline with 20% glycerol. Challenge with B. fragilis 638R or B. fragilis ATCC strains occurred 7 days following pre-colonization with B. fragilis 9343 strains. Colonization levels by each strain in each mouse were tracked by collection of fecal pellets over a period of 4 weeks, plating on selective BHIS agar plates (B. fragilis 9343 on BHIS plus erythromycin; B. fragilis 638R and ATCC on BHIS plus tetracycline), and subsequent absolute quantification of c.f.u. by normalization of each sample to the initial pellet weight. Differences in the strain ratio of c.f.u between groups at each timepoint was assessed using Mann Whitney U tests. Non-parametric tests were used following Shapiro-Wilk analysis for normality of data at each time point. Mice were confirmed to be sterile prior to colonization by qPCR with primers targeting the 16S rRNA gene and free of non-Bacteroides contamination by plating fecal pellets on non-selective LB and BHIS plates incubated under either anaerobic and aerobic conditions."
R8534573624,PMC6938237,112022432,B. fragilis,Species,affects,gentamycin,Chemical,b. fragilis,gentamycin,"('B. fragilis', 'gentamycin')","('Species', 'Chemical')",['affects'],1,False,True,False,False,False,False,,5,1,"To assess the level of expression of genes in the AID-1 and rAID-1 systems of B. ovatus 3725, bacterial cells were first grown overnight on BHIS blood agar plates containing gentamycin. Cells were then resuspended in BHIS to an OD600 of 3.0 for B. ovatus monocultures, or to an OD600 of 0.3 for mixed co-culture experiments with B. fragilis 9343 at 10-fold excess (OD600 of 3.0). 5uL volumes of bacterial mixtures were then spotted on BHIS blood agar plates. Plates were incubated at 37 C for 2 hours under anaerobic culture conditions before cells were harvested directly in Buffer RLT plus (twenty 5uL spots per condition per replicate, Qiagen RNeasy Micro Kit). Two separate rounds of DNase treatment were performed (Qiagen RNase-free DNase, Thermo Fisher Scientific Turbo DNase-free kit). RNA samples were confirmed to be free of genomic DNA by PCR with primers targeting the Bacteroides 16S rRNA gene. cDNA was generated using the High Capacity cDNA Reverse Transcription Kit (Applied Biosciences). Following synthesis, cDNA was diluted 1:10. Quantitative PCR (primers listed in Supplementary Table 10) was performed using SSO Universal SYBR Green Supermix (Bio-Rad) on a CFX96 machine (Bio-Rad). Genomic DNA was used to generated standard curves. Differences in gene expression between samples was performed by normalization to the expression level of B. ovatus 3725 gyrB. Primers targeting gyrB were designed to target regions of the genes that are highly polymorphic between B. fragilis and B. ovatus, and species-specificity for B. ovatus was confirmed by PCR using B. fragilis genomic DNA."
R7dba58325b,PMC6938237,112022432,Bacteroides,Species,affects,agar,Chemical,bacteroides,agar,"('Bacteroides', 'agar')","('Species', 'Chemical')",['affects'],1,False,True,False,False,False,False,,5,1,"To assess the level of expression of genes in the AID-1 and rAID-1 systems of B. ovatus 3725, bacterial cells were first grown overnight on BHIS blood agar plates containing gentamycin. Cells were then resuspended in BHIS to an OD600 of 3.0 for B. ovatus monocultures, or to an OD600 of 0.3 for mixed co-culture experiments with B. fragilis 9343 at 10-fold excess (OD600 of 3.0). 5uL volumes of bacterial mixtures were then spotted on BHIS blood agar plates. Plates were incubated at 37 C for 2 hours under anaerobic culture conditions before cells were harvested directly in Buffer RLT plus (twenty 5uL spots per condition per replicate, Qiagen RNeasy Micro Kit). Two separate rounds of DNase treatment were performed (Qiagen RNase-free DNase, Thermo Fisher Scientific Turbo DNase-free kit). RNA samples were confirmed to be free of genomic DNA by PCR with primers targeting the Bacteroides 16S rRNA gene. cDNA was generated using the High Capacity cDNA Reverse Transcription Kit (Applied Biosciences). Following synthesis, cDNA was diluted 1:10. Quantitative PCR (primers listed in Supplementary Table 10) was performed using SSO Universal SYBR Green Supermix (Bio-Rad) on a CFX96 machine (Bio-Rad). Genomic DNA was used to generated standard curves. Differences in gene expression between samples was performed by normalization to the expression level of B. ovatus 3725 gyrB. Primers targeting gyrB were designed to target regions of the genes that are highly polymorphic between B. fragilis and B. ovatus, and species-specificity for B. ovatus was confirmed by PCR using B. fragilis genomic DNA."
R7a142455c6,PMC6938237,112022432,B. fragilis,Species,affects,agar,Chemical,b. fragilis,agar,"('B. fragilis', 'agar')","('Species', 'Chemical')",['affects'],1,False,True,False,False,False,False,,5,1,"To assess the level of expression of genes in the AID-1 and rAID-1 systems of B. ovatus 3725, bacterial cells were first grown overnight on BHIS blood agar plates containing gentamycin. Cells were then resuspended in BHIS to an OD600 of 3.0 for B. ovatus monocultures, or to an OD600 of 0.3 for mixed co-culture experiments with B. fragilis 9343 at 10-fold excess (OD600 of 3.0). 5uL volumes of bacterial mixtures were then spotted on BHIS blood agar plates. Plates were incubated at 37 C for 2 hours under anaerobic culture conditions before cells were harvested directly in Buffer RLT plus (twenty 5uL spots per condition per replicate, Qiagen RNeasy Micro Kit). Two separate rounds of DNase treatment were performed (Qiagen RNase-free DNase, Thermo Fisher Scientific Turbo DNase-free kit). RNA samples were confirmed to be free of genomic DNA by PCR with primers targeting the Bacteroides 16S rRNA gene. cDNA was generated using the High Capacity cDNA Reverse Transcription Kit (Applied Biosciences). Following synthesis, cDNA was diluted 1:10. Quantitative PCR (primers listed in Supplementary Table 10) was performed using SSO Universal SYBR Green Supermix (Bio-Rad) on a CFX96 machine (Bio-Rad). Genomic DNA was used to generated standard curves. Differences in gene expression between samples was performed by normalization to the expression level of B. ovatus 3725 gyrB. Primers targeting gyrB were designed to target regions of the genes that are highly polymorphic between B. fragilis and B. ovatus, and species-specificity for B. ovatus was confirmed by PCR using B. fragilis genomic DNA."
Rdf857cb53d,PMC6938237,112022432,B. ovatus,Species,Interacts_with,gentamycin,Chemical,b. ovatus,gentamycin,"('B. ovatus', 'gentamycin')","('Species', 'Chemical')",['Interacts_with'],1,False,True,False,False,False,False,,5,1,"To assess the level of expression of genes in the AID-1 and rAID-1 systems of B. ovatus 3725, bacterial cells were first grown overnight on BHIS blood agar plates containing gentamycin. Cells were then resuspended in BHIS to an OD600 of 3.0 for B. ovatus monocultures, or to an OD600 of 0.3 for mixed co-culture experiments with B. fragilis 9343 at 10-fold excess (OD600 of 3.0). 5uL volumes of bacterial mixtures were then spotted on BHIS blood agar plates. Plates were incubated at 37 C for 2 hours under anaerobic culture conditions before cells were harvested directly in Buffer RLT plus (twenty 5uL spots per condition per replicate, Qiagen RNeasy Micro Kit). Two separate rounds of DNase treatment were performed (Qiagen RNase-free DNase, Thermo Fisher Scientific Turbo DNase-free kit). RNA samples were confirmed to be free of genomic DNA by PCR with primers targeting the Bacteroides 16S rRNA gene. cDNA was generated using the High Capacity cDNA Reverse Transcription Kit (Applied Biosciences). Following synthesis, cDNA was diluted 1:10. Quantitative PCR (primers listed in Supplementary Table 10) was performed using SSO Universal SYBR Green Supermix (Bio-Rad) on a CFX96 machine (Bio-Rad). Genomic DNA was used to generated standard curves. Differences in gene expression between samples was performed by normalization to the expression level of B. ovatus 3725 gyrB. Primers targeting gyrB were designed to target regions of the genes that are highly polymorphic between B. fragilis and B. ovatus, and species-specificity for B. ovatus was confirmed by PCR using B. fragilis genomic DNA."
Rdd47740b8d,PMC6377322,112022476,Lactobacillus plantarum,Species,decrease,trimethylamine N-oxide,Chemical,lactobacillus plantarum,trimethylamine n-oxide,"('Lactobacillus plantarum', 'trimethylamine N-oxide')","('Species', 'Chemical')",['decrease'],1,False,True,False,False,False,False,,6,1,"Research has now gone further by demonstrating a mechanistic link via direct microbial transplantation, and evidence of transmission of disease susceptibility. Turnbaugh et al. demonstrated in a seminal study that adiposity could be transferred by microbiota transplantation. In the setting of cardiovascular disease, both atherosclerosis and increased platelet activation were shown to be transmittable with microbial transplantation and linked to elevated trimethylamine N-oxide (TMAO) production, a novel microbiota-obligate metabolite that we will review in detail in later sections. Moreover, several studies have demonstrated that microbes can transmit alterations in vascular tone and blood pressure. Pluznick et al. demonstrated that microbiota could produce SCFA to modulate blood pressure through short-chain fatty acid interaction with the host G protein-coupled receptors (GPCRs) Olfr78 and Gpr41; antibiotic treatment can then alter blood pressure in Olfr78 knockout mice. A salt-sensitive rat model with cecal microbial transplant demonstrated altered blood pressure and longevity in the recipient. Similarly, an obstructive sleep apnea (OSA) model also demonstrated that cecal microbial transplantation from the OSA mice transmitted elevated blood pressure to the recipient. Finally, a probiotic therapy (Goodbelly) study reported that delivery of Lactobacillus plantarum 299v reduced circulating leptin and improved ventricular function and remodeling after left anterior descending artery ligation. However, there have only been a limited number of studies examining the role of gut microbiota in heart failure."
R1018f75872,PMC6377322,112022582,Escherichia coli,Species,decrease,organic acids,Chemical,escherichia coli,organic acids,"('Escherichia coli', 'organic acids')","('Species', 'Chemical')",['decrease'],1,False,True,False,False,False,False,,1,1,Short-chain organic acids at ph 5.0 kill Escherichia coli and Salmonella spp. without causing membrane perturbation.
R9fc97a5164,PMC6377322,112022634,Lophius americanus,Species,start,trimethylamine oxide,Chemical,lophius americanus,trimethylamine oxide,"('Lophius americanus', 'trimethylamine oxide')","('Species', 'Chemical')",['start'],1,False,True,False,False,False,False,,3,1,"Tubular secretion of creatine, trimethylamine oxide, and other organic bases by the aglomerular kidney of Lophius americanus."
Rddcfd14d46,PMC6377322,112022634,Lophius americanus,Species,start,creatine,Chemical,lophius americanus,creatine,"('Lophius americanus', 'creatine')","('Species', 'Chemical')",['start'],1,False,True,False,False,False,False,,3,1,"Tubular secretion of creatine, trimethylamine oxide, and other organic bases by the aglomerular kidney of Lophius americanus."
R3e1eb34c3a,PMC6377322,112022635,Squalus acanthias,Species,affects,trimethylamine oxide,Chemical,squalus acanthias,trimethylamine oxide,"('Squalus acanthias', 'trimethylamine oxide')","('Species', 'Chemical')",['affects'],1,False,True,False,False,False,False,,4,1,"Effect of trimethylamine and its homologues on renal conservation of trimethylamine oxide by the spiny dogfish, Squalus acanthias."
R3b1f5bd705,PMC6377322,112022635,spiny dogfish,Species,affects,trimethylamine,Chemical,spiny dogfish,trimethylamine,"('spiny dogfish', 'trimethylamine')","('Species', 'Chemical')",['affects'],1,False,True,False,False,False,False,,4,1,"Effect of trimethylamine and its homologues on renal conservation of trimethylamine oxide by the spiny dogfish, Squalus acanthias."
Rdbe796f2c4,PMC6377322,112022636,chicken,Species,Interacts_with,trimethylamine,Chemical,chicken,trimethylamine,"('chicken', 'trimethylamine')","('Species', 'Chemical')",['Interacts_with'],1,False,True,False,False,False,False,,2,1,Renal N-oxidation of trimethylamine in the chicken during tubular excretion.
R28edf4a8ba,PMC4748966,112022697,Citrobacter rodentium,Species,causes,dinitrobenzene sulfonic acid,Chemical,citrobacter rodentium,dinitrobenzene sulfonic acid,"('Citrobacter rodentium', 'dinitrobenzene sulfonic acid')","('Species', 'Chemical')",['causes'],1,False,True,False,False,False,False,,10,1,"Preclinical studies to delineate the mechanisms responsible for the beneficial effects of probiotics in IBD have been undertaken both in vivo and in vitro. Animal studies have focused on models of colitis induced by a variety of compounds, including dextran sodium sulfate (DSS), dinitrobenzene sulfonic acid (DNBS), trinitrobenzene sulfonic acid (TNBS), or alternatively infection with Citrobacter rodentium. In addition, genetic animal models exist including the IL-10 gene knockout and SAMPl/YitFc (SAMP) mouse, which both spontaneously develop colitis."
Rdeb4a5f33d,PMC4748966,112022697,Citrobacter rodentium,Species,causes,trinitrobenzene sulfonic acid,Chemical,citrobacter rodentium,trinitrobenzene sulfonic acid,"('Citrobacter rodentium', 'trinitrobenzene sulfonic acid')","('Species', 'Chemical')",['causes'],1,False,True,False,False,False,False,,10,1,"Preclinical studies to delineate the mechanisms responsible for the beneficial effects of probiotics in IBD have been undertaken both in vivo and in vitro. Animal studies have focused on models of colitis induced by a variety of compounds, including dextran sodium sulfate (DSS), dinitrobenzene sulfonic acid (DNBS), trinitrobenzene sulfonic acid (TNBS), or alternatively infection with Citrobacter rodentium. In addition, genetic animal models exist including the IL-10 gene knockout and SAMPl/YitFc (SAMP) mouse, which both spontaneously develop colitis."
R0c2da3f837,PMC4748966,112022716,S. thermophilus,Species,start,ROS,Chemical,s. thermophilus,ros,"('S. thermophilus', 'ROS')","('Species', 'Chemical')",['start'],1,False,True,False,False,False,False,,3,1,"The concept of designer probiotics has continued using other bacterial species, notably Lactobacillus gasseri. Biopsy specimens obtained from patients with IBD have been shown to have imbalances in the formation of reactive oxygen species (ROS) and antioxidant micronutrients, with decreases in the ROS-neutralizing enzyme superoxide dismutase (SOD). These findings suggest a rationale for the use of antioxidants as an alternative therapeutic option for patients with IBD. In a study of IL-10-/- mice, which spontaneously develop IBD, a manganese SOD gene from S. thermophilus was inserted into L. gasseri. After 4 weeks, inflammation was significantly improved in mice treated with this designer probiotic compared to mice treated with L. gasseri alone. A dietary trigger was recently developed to enable the control of a designer probiotic. Bacteroides ovatus, strain BOV975, which is a human commensal organism, was engineered to deliver human keratinocyte growth factor 2 in response to exposure to dietary xylan. This recombinant organism improved colitis in a DSS-induced mouse model of IBD. Taken together, these studies highlight the potential beneficial effects of designer probiotics."
R7da6c06376,PMC4748966,112022719,L. paracasei,Species,improve,DSS,Chemical,l. paracasei,dss,"('L. paracasei', 'DSS')","('Species', 'Chemical')",['improve'],1,False,True,False,False,False,False,,6,1,"Testing for the probiotic potential of various microorganisms starts at the preclinical level and includes evaluations of antibiotic resistance, safety and potential efficacy Numerous studies, both in animal models and in human clinical trials, report success in reducing the severity of a number of diseases by use of certain probiotic strains, but not by use of others. Use of in vitro systems to initially test, for example, the proinflammatory capacity of different potential probiotic organisms, before testing the agent in vivo, could be used to predict the likelihood of the probiotic having efficacy in a specific condition. For example, testing three different Lactobacillus strains in vitro indicated that L. paracasei has the least stimulatory effects on dendritic cells compared with L. plantarum and LGG. These findings led to testing of the L. paracasei strain in mice with DSS-induced colitis. Therefore, care should be taken in the selection of probiotic strains depending on the desired outcome. This approach reinforces the need to further elucidate the underlying mechanisms of action of specific probiotics, which will assist in determining which specific organisms are most likely to provide a benefit for a specific disease condition. Such a mechanistic-based approach, coupled with carefully conducted multicenter, randomized, controlled trials will advance the knowledge base that is required to address the potential of probiotics as an alternative management option for various disease conditions that involve the gut."
