relation_id,PMC,annotation_id,entity_1,entity_1_type,relation,entity_2,entity_2_type,entity_1_norm,entity_2_norm,tuple,tuple_type,candidate_labels,n_candidate_labels,label_ambiguous,relation_is_directional,relation_is_structural,entity_1_generic,entity_2_generic,abbrev_or_hypernym_pair,mutation_looks_valid,pairs_from_same_sentence,n_supporting_sentences,original_text
R34a8b90359,PMC8429275,112017711,C. cocleatum,Species,affects,B. wadsworthia,Species,c. cocleatum,b. wadsworthia,"('C. cocleatum', 'B. wadsworthia')","('Species', 'Species')",['affects'],1,False,True,False,False,False,False,,5,1,"The hippocampus is sensitive to alterations in diet and hypoxic stress and is a critical site for learning and memory. To study effects of the KD and Hyp, and potential roles for the microbiota, on hippocampal physiology, field potential recordings were acquired from acute hippocampal slices from SPF mice fed KD and exposed to Hyp or Mock, as well as from GF mice colonized with B. wadsworthia or C. cocleatum. Compared to Mock-exposed controls, KD-fed mice that were exposed to Hyp exhibited significant reductions in hippocampal long-term potentiation (LTP, Figures 4A and 4B), population spike relative to field excitatory postsynaptic potential (fEPSP) slope, as a measure of excitatory postsynaptic potential- spike coupling (Figure 4C) and paired-pulse facilitation (Figure 4D). Pre-treatment with Abx diminished these abnormalities in hippocampal synaptic physiology (Figure S4A-D), suggesting that the gut microbiome contributes to the adverse effects of KD and Hyp on hippocampal physiology. Consistent with this, mice monocolonized with B. wadsworthia exhibited reduced hippocampal LTP (Figures 4E and 4F), reduced fiber volley amplitude vs. fEPSP slope (Figure 4G) and reduced paired-pulse facilitation (Figure 4H) when compared to C. cocleatum-colonized controls. The disruptions in hippocampal activity induced by B. wadsworthia were comparable to those seen in mice exposed to KD and Hyp, suggesting that colonization with B. wadsworthia phenocopies the adverse effects of KD and Hyp on hippocampal synaptic transmission and plasticity. The microbiota-dependent alterations in hippocampal activity were further associated with microbiota-dependent changes in hippocampal gene expression (Figure S4E-J, Table S3). In particular, colonization with B. wadsworthia resulted in widespread transcriptomic alterations in the hippocampus relative to C. cocleatum-colonized controls (Figure 4I). Particular genes that were differentially expressed in response to B. wadsworthia colonization included subsets related to neuronal excitation (CBLN1, CC2D1A, GRIK4, SYT2, SYT9), mitochondrial processes (DNAJA3, SLC25A16, ALDH4A1, NDUFAF1), neuronal interactions (KCNN3, SEMA3C, TTR, MOV10, PLK5), ubiquitination (BAP1, COPS6, FBXO4, FBXO42, NDUFAF5, USP53), and immune response (LCK, HMGB1, NFKBID, TRAFD1, SPG21) (Figure 4J). Moreover, immunofluorescence staining for doublecortin (DCX), a marker for the central phase of hippocampal neurogenesis revealed reduced density of DCX-positive cells in the dentate gyrus of mice colonized with B. wadsworthia compared with C. cocleatum-colonized controls (Figure 4K), adding to prior results demonstrating the microbiota regulates hippocampal neurogenesis. Overall, these results indicate that colonization with B. wadsworthia alters hippocampal physiology, and further suggest that microbiota-dependent impairments in cognitive behavior may be due, at least in part, to microbiota-dependent disruptions in hippocampal function."
Re232826857,PMC4442490,112018009,IIV-6,Species,start,Toxoplasma,Species,iiv-6,toxoplasma,"('IIV-6', 'Toxoplasma')","('Species', 'Species')",['start'],1,False,True,False,False,False,False,,6,1,"Metazoans evolved in a world dominated by microbial life. Despite the long evolutionary history that has forged elaborate host-microbial symbioses over many millennia, it is only recently that science and society have begun to appreciate the inextricable connection between microbes and mammals. We are witnessing a groundswell of research that is describing and defining how gut bacteria (known as the microbiota) influence critical aspects of our physiology. The last decade of research has illuminated numerous complex interactions between the microbiota and the immune and metabolic systems, many of which have significant implications on human health. While the fascinating and profound mechanisms by which gut bacteria control immunity and metabolism has led to a modern renaissance in biomedical research, regulation of the nervous system by the microbiota had remained relatively unexplored until very recently. How could simple gut microbes influence a complex and distant organ such as the brain? This seemingly improbable concept that specific microbes influence the behavior and neurological function of their hosts had, in fact, already been established. One prime example of ""microbial mind control"" is the development of aggression and hydrophobia in mammals infected with the rabies virus. Another well-known example of behavior modification occurs by Toxoplasma gondii, which alters the host rodents' fear response. Infected rodents lose their defensive behavior in the presence of feline predators, and instead actually become sexually attracted to feline odors. This results in infected rodents being preyed upon more readily by cats, and allows Toxoplasma to continue its lifecycle in the feline host. Further, a variety of parasitic microbes are capable of altering the locomotive behavior and environmental preferences of their hosts to the benefit of the microbe. For instance, the Spinochordodes tellinii parasite causes infected grasshopper hosts to not only jump more frequently, but also seek an aquatic environment where the parasite emerges to mate and produce eggs. Temperature preference of the host can even be altered, such as observed during infection of stickleback fish by Schistocephalus solidus, which changes the hosts' preference from cooler waters to warmer waters where the parasite can grow more readily. Other microbes can even alter host behavior to seek higher elevations, believed to allow the infected host to be noticed more easily by predators or to eventually fall and disperse onto susceptible hosts below. More coercively still, microbes can influence the social behavior of their hosts, causing insects, such as ants, to become more or less social to the benefit of the parasite. In fact, the sexually transmitted virus IIV-6/CrIV causes its cricket host (Gryllus texensis) to increase its desire to mate, causing its rate of mating to be significantly elevated and allowing for transmission between individual hosts."
R6dd2354250,PMC4442490,112018009,Schistocephalus solidus,Species,start,Toxoplasma,Species,schistocephalus solidus,toxoplasma,"('Schistocephalus solidus', 'Toxoplasma')","('Species', 'Species')",['start'],1,False,True,False,False,False,False,,6,1,"Metazoans evolved in a world dominated by microbial life. Despite the long evolutionary history that has forged elaborate host-microbial symbioses over many millennia, it is only recently that science and society have begun to appreciate the inextricable connection between microbes and mammals. We are witnessing a groundswell of research that is describing and defining how gut bacteria (known as the microbiota) influence critical aspects of our physiology. The last decade of research has illuminated numerous complex interactions between the microbiota and the immune and metabolic systems, many of which have significant implications on human health. While the fascinating and profound mechanisms by which gut bacteria control immunity and metabolism has led to a modern renaissance in biomedical research, regulation of the nervous system by the microbiota had remained relatively unexplored until very recently. How could simple gut microbes influence a complex and distant organ such as the brain? This seemingly improbable concept that specific microbes influence the behavior and neurological function of their hosts had, in fact, already been established. One prime example of ""microbial mind control"" is the development of aggression and hydrophobia in mammals infected with the rabies virus. Another well-known example of behavior modification occurs by Toxoplasma gondii, which alters the host rodents' fear response. Infected rodents lose their defensive behavior in the presence of feline predators, and instead actually become sexually attracted to feline odors. This results in infected rodents being preyed upon more readily by cats, and allows Toxoplasma to continue its lifecycle in the feline host. Further, a variety of parasitic microbes are capable of altering the locomotive behavior and environmental preferences of their hosts to the benefit of the microbe. For instance, the Spinochordodes tellinii parasite causes infected grasshopper hosts to not only jump more frequently, but also seek an aquatic environment where the parasite emerges to mate and produce eggs. Temperature preference of the host can even be altered, such as observed during infection of stickleback fish by Schistocephalus solidus, which changes the hosts' preference from cooler waters to warmer waters where the parasite can grow more readily. Other microbes can even alter host behavior to seek higher elevations, believed to allow the infected host to be noticed more easily by predators or to eventually fall and disperse onto susceptible hosts below. More coercively still, microbes can influence the social behavior of their hosts, causing insects, such as ants, to become more or less social to the benefit of the parasite. In fact, the sexually transmitted virus IIV-6/CrIV causes its cricket host (Gryllus texensis) to increase its desire to mate, causing its rate of mating to be significantly elevated and allowing for transmission between individual hosts."
R7b2d9de3dd,PMC4442490,112018009,Spinochordodes tellinii,Species,worsen,Gryllus texensis,Species,spinochordodes tellinii,gryllus texensis,"('Spinochordodes tellinii', 'Gryllus texensis')","('Species', 'Species')",['worsen'],1,False,True,False,False,False,False,,6,1,"Metazoans evolved in a world dominated by microbial life. Despite the long evolutionary history that has forged elaborate host-microbial symbioses over many millennia, it is only recently that science and society have begun to appreciate the inextricable connection between microbes and mammals. We are witnessing a groundswell of research that is describing and defining how gut bacteria (known as the microbiota) influence critical aspects of our physiology. The last decade of research has illuminated numerous complex interactions between the microbiota and the immune and metabolic systems, many of which have significant implications on human health. While the fascinating and profound mechanisms by which gut bacteria control immunity and metabolism has led to a modern renaissance in biomedical research, regulation of the nervous system by the microbiota had remained relatively unexplored until very recently. How could simple gut microbes influence a complex and distant organ such as the brain? This seemingly improbable concept that specific microbes influence the behavior and neurological function of their hosts had, in fact, already been established. One prime example of ""microbial mind control"" is the development of aggression and hydrophobia in mammals infected with the rabies virus. Another well-known example of behavior modification occurs by Toxoplasma gondii, which alters the host rodents' fear response. Infected rodents lose their defensive behavior in the presence of feline predators, and instead actually become sexually attracted to feline odors. This results in infected rodents being preyed upon more readily by cats, and allows Toxoplasma to continue its lifecycle in the feline host. Further, a variety of parasitic microbes are capable of altering the locomotive behavior and environmental preferences of their hosts to the benefit of the microbe. For instance, the Spinochordodes tellinii parasite causes infected grasshopper hosts to not only jump more frequently, but also seek an aquatic environment where the parasite emerges to mate and produce eggs. Temperature preference of the host can even be altered, such as observed during infection of stickleback fish by Schistocephalus solidus, which changes the hosts' preference from cooler waters to warmer waters where the parasite can grow more readily. Other microbes can even alter host behavior to seek higher elevations, believed to allow the infected host to be noticed more easily by predators or to eventually fall and disperse onto susceptible hosts below. More coercively still, microbes can influence the social behavior of their hosts, causing insects, such as ants, to become more or less social to the benefit of the parasite. In fact, the sexually transmitted virus IIV-6/CrIV causes its cricket host (Gryllus texensis) to increase its desire to mate, causing its rate of mating to be significantly elevated and allowing for transmission between individual hosts."
R3049ac2d8f,PMC4442490,112018009,Spinochordodes tellinii,Species,increase,Toxoplasma,Species,spinochordodes tellinii,toxoplasma,"('Spinochordodes tellinii', 'Toxoplasma')","('Species', 'Species')",['increase'],1,False,True,False,False,False,False,,6,1,"Metazoans evolved in a world dominated by microbial life. Despite the long evolutionary history that has forged elaborate host-microbial symbioses over many millennia, it is only recently that science and society have begun to appreciate the inextricable connection between microbes and mammals. We are witnessing a groundswell of research that is describing and defining how gut bacteria (known as the microbiota) influence critical aspects of our physiology. The last decade of research has illuminated numerous complex interactions between the microbiota and the immune and metabolic systems, many of which have significant implications on human health. While the fascinating and profound mechanisms by which gut bacteria control immunity and metabolism has led to a modern renaissance in biomedical research, regulation of the nervous system by the microbiota had remained relatively unexplored until very recently. How could simple gut microbes influence a complex and distant organ such as the brain? This seemingly improbable concept that specific microbes influence the behavior and neurological function of their hosts had, in fact, already been established. One prime example of ""microbial mind control"" is the development of aggression and hydrophobia in mammals infected with the rabies virus. Another well-known example of behavior modification occurs by Toxoplasma gondii, which alters the host rodents' fear response. Infected rodents lose their defensive behavior in the presence of feline predators, and instead actually become sexually attracted to feline odors. This results in infected rodents being preyed upon more readily by cats, and allows Toxoplasma to continue its lifecycle in the feline host. Further, a variety of parasitic microbes are capable of altering the locomotive behavior and environmental preferences of their hosts to the benefit of the microbe. For instance, the Spinochordodes tellinii parasite causes infected grasshopper hosts to not only jump more frequently, but also seek an aquatic environment where the parasite emerges to mate and produce eggs. Temperature preference of the host can even be altered, such as observed during infection of stickleback fish by Schistocephalus solidus, which changes the hosts' preference from cooler waters to warmer waters where the parasite can grow more readily. Other microbes can even alter host behavior to seek higher elevations, believed to allow the infected host to be noticed more easily by predators or to eventually fall and disperse onto susceptible hosts below. More coercively still, microbes can influence the social behavior of their hosts, causing insects, such as ants, to become more or less social to the benefit of the parasite. In fact, the sexually transmitted virus IIV-6/CrIV causes its cricket host (Gryllus texensis) to increase its desire to mate, causing its rate of mating to be significantly elevated and allowing for transmission between individual hosts."
R1c70a50d55,PMC4442490,112018009,cats,Species,affects,Gryllus texensis,Species,cats,gryllus texensis,"('cats', 'Gryllus texensis')","('Species', 'Species')",['affects'],1,False,True,False,False,False,False,,6,1,"Metazoans evolved in a world dominated by microbial life. Despite the long evolutionary history that has forged elaborate host-microbial symbioses over many millennia, it is only recently that science and society have begun to appreciate the inextricable connection between microbes and mammals. We are witnessing a groundswell of research that is describing and defining how gut bacteria (known as the microbiota) influence critical aspects of our physiology. The last decade of research has illuminated numerous complex interactions between the microbiota and the immune and metabolic systems, many of which have significant implications on human health. While the fascinating and profound mechanisms by which gut bacteria control immunity and metabolism has led to a modern renaissance in biomedical research, regulation of the nervous system by the microbiota had remained relatively unexplored until very recently. How could simple gut microbes influence a complex and distant organ such as the brain? This seemingly improbable concept that specific microbes influence the behavior and neurological function of their hosts had, in fact, already been established. One prime example of ""microbial mind control"" is the development of aggression and hydrophobia in mammals infected with the rabies virus. Another well-known example of behavior modification occurs by Toxoplasma gondii, which alters the host rodents' fear response. Infected rodents lose their defensive behavior in the presence of feline predators, and instead actually become sexually attracted to feline odors. This results in infected rodents being preyed upon more readily by cats, and allows Toxoplasma to continue its lifecycle in the feline host. Further, a variety of parasitic microbes are capable of altering the locomotive behavior and environmental preferences of their hosts to the benefit of the microbe. For instance, the Spinochordodes tellinii parasite causes infected grasshopper hosts to not only jump more frequently, but also seek an aquatic environment where the parasite emerges to mate and produce eggs. Temperature preference of the host can even be altered, such as observed during infection of stickleback fish by Schistocephalus solidus, which changes the hosts' preference from cooler waters to warmer waters where the parasite can grow more readily. Other microbes can even alter host behavior to seek higher elevations, believed to allow the infected host to be noticed more easily by predators or to eventually fall and disperse onto susceptible hosts below. More coercively still, microbes can influence the social behavior of their hosts, causing insects, such as ants, to become more or less social to the benefit of the parasite. In fact, the sexually transmitted virus IIV-6/CrIV causes its cricket host (Gryllus texensis) to increase its desire to mate, causing its rate of mating to be significantly elevated and allowing for transmission between individual hosts."
R04c6ee95b4,PMC6801109,112018143,C. intestinalis,Species,increase,Collinsella,Species,c. intestinalis,collinsella,"('C. intestinalis', 'Collinsella')","('Species', 'Species')","['part_of', 'increase', 'affects']",3,True,True,False,False,False,False,,2,1,"Dramatic increases in processed food consumption represent a global health threat. Maillard reaction products (MRPs), which are common in processed foods, form upon heat-induced reaction of amino acids with reducing sugars and include advanced glycation end products with deleterious health effects. To examine how processed foods impact the microbiota, we fed gnotobiotic mice, colonized with 54 phylogenetically-diverse human gut bacterial strains defined sugar-rich diets containing whey as the protein source or a matched amino acid mixture. Whey or epsilon-fructoselysine, an MRP in whey and many processed foods, selectively increases Collinsella intestinalis absolute abundance/growth and induces Collinsella expression of genomic loci directing import and metabolism of epsilon-fructoselysine to innocuous products. This locus is repressed by glucose in C. aerofaciens, whose abundance decreases with whey, but is unaffected in C. intestinalis. Identifying gut organisms responding to and degrading potentially harmful processed food components has implications food science, microbiome science and public health."
R08db7dee23,PMC6801109,112018143,C. aerofaciens,Species,increase,Collinsella,Species,c. aerofaciens,collinsella,"('C. aerofaciens', 'Collinsella')","('Species', 'Species')",['increase'],1,False,True,False,False,False,False,,2,1,"Dramatic increases in processed food consumption represent a global health threat. Maillard reaction products (MRPs), which are common in processed foods, form upon heat-induced reaction of amino acids with reducing sugars and include advanced glycation end products with deleterious health effects. To examine how processed foods impact the microbiota, we fed gnotobiotic mice, colonized with 54 phylogenetically-diverse human gut bacterial strains defined sugar-rich diets containing whey as the protein source or a matched amino acid mixture. Whey or epsilon-fructoselysine, an MRP in whey and many processed foods, selectively increases Collinsella intestinalis absolute abundance/growth and induces Collinsella expression of genomic loci directing import and metabolism of epsilon-fructoselysine to innocuous products. This locus is repressed by glucose in C. aerofaciens, whose abundance decreases with whey, but is unaffected in C. intestinalis. Identifying gut organisms responding to and degrading potentially harmful processed food components has implications food science, microbiome science and public health."
Rc1b95a7b7c,PMC6801109,112018151,C. intestinalis,Species,affects,Collinsella,Species,c. intestinalis,collinsella,"('C. intestinalis', 'Collinsella')","('Species', 'Species')","['part_of', 'increase', 'affects']",3,True,True,False,False,False,False,,1,1,"To determine the mechanism underlying the observed changes in Collinsella abundance, we first performed microbial RNA-Seq on cecal contents harvested from mice monotonously fed the whey or AA diet for three weeks. For C. intestinalis DSM 13280, 73 genes exhibited statistically significant differences in their expression between the two diet treatments (Figure 1D, DESeq2 adjusted P-value <0.05,). Using microbial community SEED (mcSEED), an application of the SEED platform that has been used for careful manual annotation of specific subsystems (metabolic pathways/modules) in a set of ~2,600 human gut bacterial genomes, we found that ""Fructoselysine and Glucoselysine Utilization"" was the most significantly upregulated mcSEED metabolic module in C. intestinalis [adjusted P-value <10-11; Gene Set Enrichment Analysis, Figure 1D and Tables S3A and S3B]. The upregulated genes in this pathway are primarily located at a single genomic locus that encodes components of a predicted fructoselysine/glucoselysine phosphotransferase system (PTS), fructoselysine-6-phosphate/glucoselysine-6-phosphate deglycases, and GntR-family transcription factors. Altogether, nine of the top 16 C. intestinalis genes exhibiting increases in expression on the whey diet are present in this fructoselysine/glucoselysine utilization locus (Figures 1E and Figure 1F; also see Table S3C). Thus, the putative PTS machinery for importing and phosphorylating fructoselysine, and the fructoselysine-6-phosphate deglycase needed to generate glucose-6-phosphate and lysine are all upregulated in C. intestinalis in the whey diet context (Figure 1G). C. aerofaciens ATCC 25986, whose absolute abundance decreases on the whey diet, contains a predicted PTS and deglycases for import and degradation of fructoselysine; some but not all of these genes exhibit increased expression on the whey diet (see Figure S1G, Table S3D and below)."
Rdb0c723705,PMC5764785,112018563,B. longum,Species,decrease,Bifidobacterium,Species,b. longum,bifidobacterium,"('B. longum', 'Bifidobacterium')","('Species', 'Species')","['decrease', 'improve']",3,True,True,False,False,False,False,,7,2,"Since the abundance of Bifidobacterium correlated with mucus growth rate (Figure S3E) and was dramatically reduced between 3 and 7 days of WSD feeding (Figure 4E) we tested whether Bifidobacterium was causally involved in colonic mucus properties. We thus fed mice a WSD for 4 weeks and supplemented their drinking water with either prebiotic oligofructose-enriched inulin that is known to enrich bifidobacteria, the probiotic strain Bifidobacterium longum NCC 2705 (B. longum), or with a synbiotic combination of both (Figure 6A). As higher concentrations of inulin have been described to improve metabolic dysfunction but our microbiota transplant experiment did not reveal any metabolic improvements (Figure 5B and Figure S2A,B), we provided inulin only at a low concentration (1%). Accordingly, neither the probiotic, prebiotic nor synbiotic supplementation to the WSD led to improved metabolic parameters in WSD-fed mice (Figure 6B). In contrast, supplementation with inulin was sufficient to prevent penetrability of the inner colonic mucus layer (Figure 6C,D, p = 0.007). However, this protective effect was not observed in mice receiving either B. longum or the synbiotic combination. Conversely, the mucus growth defect was prevented by B. longum in the absence (p = 0.006) or presence (p = 0.005) of inulin but not by the prebiotic fiber inulin alone (Figure 6E). In agreement with our previous results, no alterations in mucus thickness were observed by any of the treatments (Figure 6F). Accordingly, probiotic and prebiotic treatments can prevent individual but distinct aspects of the WSD-induced mucus defects. Significantly, these data thus indicate that the WSD-induced increase in mucus penetrability and decrease in mucus growth rate are not directly linked."
Rf756778a29,PMC5764785,112018568,B. longum,Species,improve,Bifidobacterium,Species,b. longum,bifidobacterium,"('B. longum', 'Bifidobacterium')","('Species', 'Species')","['decrease', 'improve']",3,True,True,False,False,False,False,,3,1,"As a WSD-associated microbiota seemed responsible for our observed mucus defects, we reasoned that a fiber-associated community might be protective. Indeed, we found that microbiota transfer from chow fed mice could correct the WSD-induced impairment of mucus physiology, yet without affecting host metabolic parameters. To examine which microbial taxa may confer the protective mucus effects we mined our microbiota data and observed that one of the most affected genera upon WSD was Bifidobacterium. Thus, we investigated whether bifidobacteria has a protective effect by treating mice with Bifidobacterium longum and/or the fiber inulin. We observed that while B. longum administration corrected mucus growth, only inulin corrected mucus penetrability, suggesting that other inulin-responsive bacteria might be involved in this effect. Surprisingly, the synbiotic combination of B. longum and inulin did not significantly prevent penetrability of the inner mucus layer, even though inulin alone had a protective effect. We hypothesize that the supplemented B. longum community metabolizes parts of the provided inulin in the mouse gut, thus reducing the effective inulin concentration required to prevent mucus penetrability."
Rb5979831c0,PMC5764785,112018568,B. longum,Species,decrease,Bifidobacterium,Species,b. longum,bifidobacterium,"('B. longum', 'Bifidobacterium')","('Species', 'Species')","['decrease', 'improve']",3,True,True,False,False,False,False,,3,2,"As a WSD-associated microbiota seemed responsible for our observed mucus defects, we reasoned that a fiber-associated community might be protective. Indeed, we found that microbiota transfer from chow fed mice could correct the WSD-induced impairment of mucus physiology, yet without affecting host metabolic parameters. To examine which microbial taxa may confer the protective mucus effects we mined our microbiota data and observed that one of the most affected genera upon WSD was Bifidobacterium. Thus, we investigated whether bifidobacteria has a protective effect by treating mice with Bifidobacterium longum and/or the fiber inulin. We observed that while B. longum administration corrected mucus growth, only inulin corrected mucus penetrability, suggesting that other inulin-responsive bacteria might be involved in this effect. Surprisingly, the synbiotic combination of B. longum and inulin did not significantly prevent penetrability of the inner mucus layer, even though inulin alone had a protective effect. We hypothesize that the supplemented B. longum community metabolizes parts of the provided inulin in the mouse gut, thus reducing the effective inulin concentration required to prevent mucus penetrability."
Rf8a3461076,PMC9082339,112018647,B. thetaiotaomicron,Species,affects,Bacteroides,Species,b. thetaiotaomicron,bacteroides,"('B. thetaiotaomicron', 'Bacteroides')","('Species', 'Species')","['experiences', 'part_of', 'affects']",3,True,True,False,False,False,False,,5,1,"The unexpected recovery of the Bacteroidaceae in vivo motivated us to probe the dynamics of these ASVs. In vivo, although most Bacteroides ASVs were undetectable at the peak and residual time points, most reappeared post-treatment (Fig. 7A). Only B. vulgatus increased in relative abundance to become dominant during residual treatment (Fig. 7B); this strain was likely highly resistant to ciprofloxacin based on our assessment of Bacteroides isolates from the residual fecal sample. Consistent with this observation, B. vulgatus was the only Bacteroidaceae ASV present in vitro after 3 passages with 32 mug/mL ciprofloxacin, reaching a stable abundance in the Pre-SD (Fig. 7B) and Res-SD SICs (Fig. S7N). B. caccae and B. uniformis were present after 3 passages of the Pre-SD SIC at 8 mug/mL, and B. thetaiotaomicron was present after 3 passages at 2 mug/mL (Fig. 7B); all three species recovered in vivo post-treatment (Fig. 7A), which our data suggests is due to their intrinsic resistance. Other Bacteroides species, such as B. fragilis, became undetectable after one passage at 2 mug/mL in both SICs (Fig. 7B, S7N). These trends are consistent with the higher MICs of B. uniformis and B. thetaiotaomicron compared to B. fragilis (Table S1). Thus, sensitivities of isolates are predictive of Bacteroides resistance during continuous ciprofloxacin treatment."
R4a02e3eff8,PMC9082339,112018648,B. vulgatus,Species,decrease,Bacteroides,Species,b. vulgatus,bacteroides,"('B. vulgatus', 'Bacteroides')","('Species', 'Species')",['decrease'],1,False,True,False,False,False,False,,7,1,"Like B. fragilis, B. intestinalis was undetectable by the second passage even at 2 mug/mL (Fig. 7B). Nonetheless, both species recovered in vivo in SD mice (Fig. 7A). Remarkably, these species also re-emerged in vitro upon further passage without drug in the Pre-SD SIC (Fig. 7C), as did B. fragilis in the Res-SD SIC (Fig. S7O). In fact, B. fragilis became dominant after recovery from treatment with 2 mug/mL in the Pre-SD SIC (Fig. 7C), similar to the replacement of resistant B. vulgatus in vivo by other Bacteroides and consistent with dominance of B. fragilis in the Res-SD SIC (Fig. S7N). B. intestinalis was detected in the Pre-SD SIC only after recovery from treatment with 8 mug/mL (Fig. 7C), suggesting that different ciprofloxacin concentrations can alter the competitive landscape of Bacteroides species. We refer to the ability of strains to recover from undetectable levels during treatment as ""resilience"". Interestingly, B. vulgatus was only detected when the SIC was continuously exposed (Fig. 7B) and not after ciprofloxacin was removed (Fig. 7C), suggesting that recovery of other families can drive resistant members to undetectable levels. Species that did not recover in vivo, such as B. ovatus, did not recover in vitro (Fig. 7A,C). In sum, fecal-derived SICs can distinguish between resistance and resilience."
R46dadcb401,PMC4269104,112018733,Citrobacter rodentium,Species,increase,Bt,Species,citrobacter rodentium,bt,"('Citrobacter rodentium', 'Bt')","('Species', 'Species')",['increase'],1,False,True,False,False,False,False,,7,1,"The enteric pathogen enterohemorrhagic Escherichia coli (EHEC) causes severe diarrhea but the influence of the gut microbiota on EHEC infection is largely unknown. A predominant member of the microbiota, Bacteroides thetaiotaomicron (Bt), is resident at EHEC attachment sites. We show that Bt enhances EHEC virulence gene expression through the transcription factor, Cra, which is functionally sensitive to sugar concentrations. This enhanced virulence accompanies increased formation of attaching and effacing (AE) lesions requisite for EHEC colonization. Infection with Citrobacter rodentium, a natural mouse pathogen homologous to EHEC, in Bt-reconstituted mice results in increased gut permeability along with exacerbated host pathology and mortality compared to mice deplete of microflora. Bt modifies the metabolite environment at infection sites, increasing metabolites involved in gluconeogenesis, with stark increases in succinate, which can be sensed by Cra. Our findings suggest that microbiota composition affects disease outcome and may explain links between microbiota composition and disease susceptibility."
Rdca5a655e6,PMC4269104,112018736,C. rodentium,Species,start,Bt,Species,c. rodentium,bt,"('C. rodentium', 'Bt')","('Species', 'Species')","['experiences', 'increase', 'part_of', 'start', 'causes']",9,True,True,False,False,False,False,,7,1,"A member of the Bacteroidetes phylum and major constituent of the microbiota, Bacteroides thetaiotaomicron encodes a number of glycoside hydrolases and polysaccharide lyases that enrich the availability of nutrients within the intestine. Within the intestine, Bt degrades complex polysaccharides into monosaccharides that can readily be used by non-glycophagic bacterial species such as E. coli and C. rodentium. Fluctuations in sugar concentrations modulate virulence gene expression and colonization of the human pathogen Enterohemorrhagic E. coli (EHEC). EHEC colonizes the human colon, forming attaching and effacing (AE) lesions, invoking bloody diarrhea, hemorrhagic colitis, and hemolytic uremic syndrome (HUS) (Karmali et al., 1983). AE lesions result from extensive remodeling of the host cellular cytoskeleton that create a pedestal, or cup-like structure, beneath the bacteria. EHEC also encodes a potent Shiga toxin (Stx) that is responsible for HUS. EHEC intestinal colonization is dependent on the locus of enterocyte effacement (LEE) pathogenicity island (PAI) (McDaniel et al., 1995). The LEE region contains five major operons (LEE1-5) that encode a type III secretion system (T3SS), an adhesin (intimin) and its receptor (Tir), and effector proteins (Elliott et al., 1998; Kenny et al., 1997; Knutton et al., 1998). The ler gene encoded within LEE1 acts as the master regulator of the LEE genes (Elliott et al., 2000; Mellies et al., 1999). Glycolytic conditions, such as those found in the gut lumen, inhibit LEE1 expression while gluconeogenic conditions, akin to those found near the epithelial surface, activate LEE1 expression. We sought to understand if the metabolic changes induced by Bt affect susceptibility to infection and disease progression of EHEC."
Rda9aa61731,PMC4269104,112018745,C. rodentium,Species,increase,Bt,Species,c. rodentium,bt,"('C. rodentium', 'Bt')","('Species', 'Species')","['experiences', 'increase', 'part_of', 'start', 'causes']",9,True,True,False,False,False,False,,2,1,"Transcription of key LEE (ler, espA, eae) and non-LEE encoded (nleA, stx2d) virulence genes was also increased when C. rodentium was grown in the presence of Bt (Fig. 4C). Expression of ler increased 6-fold in the presence of Bt (p = 0.0012). Expression of eae, the gene that encodes the adhesin intimin essential for AE lesion formation, increased 5-fold (p = 0.0303), and the gene encoding the T3SS filament espA increased by 7.5-fold (p = 0.0054). Bt impacted C. rodentium growth and virulence in a similar manner to EHEC, augmenting the virulence of these AE lesion pathogens in vitro. We reasoned that C. rodentium would be a suitable model to study EHEC infection in the context of an altered microflora."
Rda9aa61731,PMC4269104,112018745,C. rodentium,Species,increase,Bt,Species,c. rodentium,bt,"('C. rodentium', 'Bt')","('Species', 'Species')","['experiences', 'increase', 'part_of', 'start', 'causes']",9,True,True,False,False,False,False,,2,1,"Transcription of key LEE (ler, espA, eae) and non-LEE encoded (nleA, stx2d) virulence genes was also increased when C. rodentium was grown in the presence of Bt (Fig. 4C). Expression of ler increased 6-fold in the presence of Bt (p = 0.0012). Expression of eae, the gene that encodes the adhesin intimin essential for AE lesion formation, increased 5-fold (p = 0.0303), and the gene encoding the T3SS filament espA increased by 7.5-fold (p = 0.0054). Bt impacted C. rodentium growth and virulence in a similar manner to EHEC, augmenting the virulence of these AE lesion pathogens in vitro. We reasoned that C. rodentium would be a suitable model to study EHEC infection in the context of an altered microflora."
R892114b4a7,PMC4269104,112018746,C. rodentium,Species,causes,Bt,Species,c. rodentium,bt,"('C. rodentium', 'Bt')","('Species', 'Species')","['experiences', 'increase', 'part_of', 'start', 'causes']",9,True,True,False,False,False,False,,1,2,"Bt Mediates its Pro-Virulence Effect on C. rodentium by Enhancing Expression of the T3SS, not by a bloom in the C. rodentium population"
R99ec71df1e,PMC4269104,112018751,C. difficile,Species,affects,Bt,Species,c. difficile,bt,"('C. difficile', 'Bt')","('Species', 'Species')",['affects'],1,False,True,False,False,False,False,,5,1,"To further explore the mechanism of how Bt may be exerting its pro-virulence effect on C. rodentium, we examined metabolites present in the large intestine during infection. Our metabolomics studies showed that the metabolic landscape between mice colonized with Bt or not (PBS or C. rodentium infected animals) were quite diverse, and that the Bt alone and Bt + C. rodentium animals have a more similar metabolite profile in their intestines (Fig. 7A,B). Of note, several metabolites indicative of a gluconeogenic environment (such as lactate, succinate, glycerate, and others) were elevated in the Bt treated animals (Fig. 7A,B). Elevated concentrations of succinate, but not of fumarate or pyruvate, were measured within the cecum when Bt was present (Fig. 7C), consistent with findings identifying succinate as a major metabolic by-product of Bacteroides spp. Succinate produced by Bacteroides spp. has been shown previously to impair neutrophil function and inhibit phagocytic killing of E. coli. Additionally, in a recent complementary study, Sonnenburg and colleagues demonstrated that microbiota-produced succinate induced after antibiotic treatment augments expansion of C. difficile in mice and that C. difficile deficient in succinate utilization pathways displayed a competitive disadvantage (Ferreyra et al., 2014). Moreover, the addition of succinate during in vitro culture of EHEC resulted in an increase in the expression of the LEE-encoded protein EspA in wild-type EHEC; whereas, the cra mutant remains unresponsive to succinate (Fig. 7D). It is also worth noting that Enterococcus faecalis, which also increases EHEC virulence gene expression (Fig. 3), also produces and secretes copious amounts of succinate."
Ra46a26558e,PMC4269104,112018755,E. coli,Species,Interacts_with,Bt,Species,e. coli,bt,"('E. coli', 'Bt')","('Species', 'Species')","['part_of', 'affects', 'Interacts_with']",3,True,True,False,False,False,False,,5,1,"Affymetrix 2.0 E. coli gene arrays were used to compare gene expression in strain 86-24 when cultured alone to that in strain 86-24 when grown in the presence of Bt, grown anaerobically in pre-reduced DMEM at 37 C for 6 h to late-log phase in a GasPak EZ anaerobe container. The relative abundance of EHEC to Bt at the time of RNA harvest was 70% EHEC, 30% Bt. Bt grown alone was included as a control to ensure that Bt cDNA did not hybridize to the E. coli gene array. The RNA processing, labeling, hybridization, and slide-scanning procedures were performed as described in the Affymetrix Gene Expression technical manual. The array data analyses were performed as described previously. Based on array data analyses, the biological processes of the genes significantly increased >= 4-fold (406 genes, 297 with known functions, 109 with unknown function) or significantly decreased >= 2-fold (72 genes, 58 with known functions, 14 with unknown function) were characterized using the Universal Protein Resource (UniProt) Knowledgebase (UniProtKB/Swiss-Prot). (http://www.uniprot.org)."
Rb306240a6a,PMC4269104,112018755,E. coli,Species,affects,Bt,Species,e. coli,bt,"('E. coli', 'Bt')","('Species', 'Species')","['part_of', 'affects', 'Interacts_with']",3,True,True,False,False,False,False,,5,1,"Affymetrix 2.0 E. coli gene arrays were used to compare gene expression in strain 86-24 when cultured alone to that in strain 86-24 when grown in the presence of Bt, grown anaerobically in pre-reduced DMEM at 37 C for 6 h to late-log phase in a GasPak EZ anaerobe container. The relative abundance of EHEC to Bt at the time of RNA harvest was 70% EHEC, 30% Bt. Bt grown alone was included as a control to ensure that Bt cDNA did not hybridize to the E. coli gene array. The RNA processing, labeling, hybridization, and slide-scanning procedures were performed as described in the Affymetrix Gene Expression technical manual. The array data analyses were performed as described previously. Based on array data analyses, the biological processes of the genes significantly increased >= 4-fold (406 genes, 297 with known functions, 109 with unknown function) or significantly decreased >= 2-fold (72 genes, 58 with known functions, 14 with unknown function) were characterized using the Universal Protein Resource (UniProt) Knowledgebase (UniProtKB/Swiss-Prot). (http://www.uniprot.org)."
R750925a5b0,PMC4269104,112018756,O157:H7,Species,affects,Bt,Species,o157 h7,bt,"('O157:H7', 'Bt')","('Species', 'Species')",['affects'],1,False,True,False,False,False,False,,1,1,"Bacteria were cultured as described above for 9 h. Bacteria were serially diluted in phosphate-buffered saline (PBS) each hour and then plated on the following agar plates: LB agar plus 50 microg/ml streptomycin (isolation of EHEC O157:H7), LB agar plus 25 microg/ml chloramphenicol (isolation of C. rodentium), or Brain Heart Infusion agar (BHI) (VWR) plus 10% calf blood (Colorado Serum Company) plus 200 microg/ml gentamicin (isolation of Bt). EHEC O157:H7 and C. rodentium plates were grown aerobically at 37 C for 24 h. Bt plates were grown anaerobically at 37 C for 48 h. In each experiment, bacteria were grown on both selection plates to confirm that growth was selective. To determine the growth rate, two points from the exponential phase were selected (t = 2 h, t = 5 h) and calculated using the formula:  where Xt = higher CFU/ml, X0 = lower CFU/ml, and t = time interval (in hours) between the points. Generation time was then calculated as tgen = 1/k."
R0077b303e5,PMC4269104,112018778,Escherichia coli,Species,start,Bacteroides,Species,escherichia coli,bacteroides,"('Escherichia coli', 'Bacteroides')","('Species', 'Species')",['start'],1,False,True,False,False,False,False,,1,1,A soluble Bacteroides by-product impairs phagocytic killing of Escherichia coli by neutrophils
R98b208621a,PMC4269104,112018792,C. rodentium,Species,causes,Bt,Species,c. rodentium,bt,"('C. rodentium', 'Bt')","('Species', 'Species')","['experiences', 'increase', 'part_of', 'start', 'causes']",9,True,True,False,False,False,False,,1,2,"Bt mediates its pro-virulence effect on C. rodentium by enhancing expression of the T3SS, not by a bloom in the C. rodentium population"
Rcdea83d6f9,PMC8904204,112018812,S. cerevisiae,Species,affects,22  C,Species,s. cerevisiae,22 c,"('S. cerevisiae', '22  C')","('Species', 'Species')",['affects'],1,False,True,False,False,False,False,,6,1,"All mice used for experiments were between 6 and 12 weeks of age at the start of experiments, with the exception of the NDV-3A vaccination experiments in which 4-5-week-old mice were used. GF mouse experiments were either performed in sterile isolator bubbles or in sterile techniplast cages. When using techniplast cages, mice received antibiotic water (0.5 mg/ml ampicillin, chloramphenicol, gentamycin, erythromycin), replaced every 2 weeks, to prevent bacterial contamination. GF male C57BL/6 or male SW mice were used to quantify IgA targeting of GFP-C. albicans (YJB11522) and GFP-S. cerevisiae (JLR.KOf024). GF male C57BL/6 mice were used to assess IgA immune response to C. albicans (YJB11522), S. cerevisiae (JLR.KOf024), C. albicans iRFP-TetO-AHR1 (JLR. KOf204) versus Neon-SC5314, C. albicans Neon (JLR.KOf207) versus ahr1Delta/Delta Neon (JLR.KOf258) versus TetOn-NRG1 Neon (JLR.KOf229), and C. glabrata (Cg1). GF SW females and males were used to assess IgA responses towards the Strope et al. 124 S. cerevisiae collection and the S. cerevisiae strains expressing C. albicans or C. glabrata adhesins. Male and female C57BL/6 wild-type (Jackson Laboratories) and Tcrb-/- (Jackson Laboratories) mice, cohoused by sex, were used to assess IgA targeting of C. albicans (YJB11522) in faeces. Age-matched male C57BL/6 wild-type, Rag1-/- and muMT-/- (Jackson Laboratories), and age-matched female GF C57BL/6 wild-type and Rag1-/- mice were used to analyse intestinal Neon-C. albicans (JLR.KOf207) morphology. Age-matched GF male wild-type and Rag1-/- (ULAM Germ Free Mouse Facility University of Michigan) mice were used for C. albicans ( JLR.KOf207) RNA-seq and C. albicans morphology. Age-matched male and female C57BL/6 wild-type and Rag1-/-, antibiotic-treated or GF, were used to compare the competitive fitness of C. albicans conditioned in GF mice. All DSS experiments were performed on male C57BL/6 mice ordered directly from Jackson Laboratories, except for DSS experiments using TetO-AHR1, which were performed using age- and sex-matched male and female C57BL/6 mice bred in our mouse facility. Age-matched GF female C57BL/6 mice were used for the GF NDV-3A vaccination experiment. Mice colonized by fungi were gavaged once with 1 x 107-1 x 108 fungal cells. Conventional mice colonized with fungi received antibiotic water (0.5 mg/ml ampicillin, chloramphenicol, gentamycin, erythromycin) for 3-14 days before inoculation and for the duration of the experiment. Antibiotic water was changed weekly. For experiments involving Tet-repressible C. albicans strains, aTC (Cayman Chemical Company) was added to the drinking water at 100 mug/ml and replaced every 2 weeks for monocolonization experiments and every week for conventional mice. Mice were randomly assigned in within study groups. No statistical methods were used to predetermine sample size. In general, 4-5 mice were used per group per experiment. Sample sizes were largely based on availability of GF mice and age- and sex-matched controls. Analyses that relied on the investigators' judgement were blinded: DSS colitis studies were not blinded to the investigator performing the experiment, but histology slides were randomized and blinded before scoring. Quantification of the percentage of C. albicans hyphae in the Rag1-/- and wild-type samples was performed by blinding microscopy files and quantifying the percentage of hyphae in each image. Mouse colonization and immunology experiments and human antibody quantification were performed unblinded as it was necessary for the investigators to know the identity of each experimental group. All mice were housed with a 12-h light-dark cycle per day, a temperature of 22  C, and 22-30% relative humidity. All mouse experiments were performed in compliance with federal regulations and guidelines set forth by the University of Utah Institutional Animal Care and Use Committee."
R56200310e2,PMC8904204,112018859,C. albicans,Species,worsen,Sc,Species,c. albicans,sc,"('C. albicans', 'Sc')","('Species', 'Species')",['worsen'],1,False,True,False,False,False,False,,3,1,"a, IgA-bound faecal fungi gating strategy. b, Peyer's patch GC B cell and TFH cell gating strategy. c, Colon LP IgA plasma cell gating strategy (n = 4 mice per group 30 days after inoculation; representative of two experiments for b, c). d, IgA binding to faecal GFP+ S. cerevisiae and GFP+ C. albicans in monocolonized SW mice. e, Total IgA levels from monocolonized SW mice. f, Flow cytometry quantification of SW IgA binding to cultured S. cerevisiae and C. albicans (n = 4 C. albicans-colonized and n = 5 S. cerevisiae-colonized, one experiment for d-f). g, h, Serum antibody binding to cultured C. albicans or S. cerevisiae from SW (g) or B6 (h) GF or monocolonized mice. Antibody quantified by flow cytometry from serum diluted 1:25 (SW: GF n = 4, Sc-colonized n = 5, Ca-colonized n = 5; B6: GF n = 3, Sc n = 5, Ca-colonized n = 3). i, Lumen and tissue-associated fungal burden in monocolonized B6 mice 30 days after inoculation (n = 4 mice per group; one experiment; representative of two experiments). j, Whole-intestinal IgA four weeks after inoculation. k, Caecal wash IgA binding to cultured C. glabrata measured by flow cytometry. l, Peyer's patch TFH cells four weeks after inoculation. m, Peyer's patch GC B cells (n = 4 mice per group; one experiment for j-m). n, IgA binding to cultured C. glabrata, S. cerevisiae and C. albicans from faecal wash from GF, C. albicans- monocolonized or C. glabrata-monocolonized intestinal wash (n = 2 C. albicans, n = 3 C. glabrata and n = 3 S. cerevisiae faecal washes) o, Percentage of IgA binding and binding intensity of faecal C. albicans during colonization of antibiotic-treated wild-type and Tcrb-/- mice (n = 6 Tcrb-/- and n =8 wild-type mice from two experiments). P values calculated using two-way ANOVA (d, o), with Sidak's test (b, e, f, g, h, n), or two-sided unpaired t-test (j, k, l, m). Mean values +- s.d. for b, d-o."
R721ea69fc0,PMC8712374,112019376,C. difficile,Species,Interacts_with,Bifidobacterium,Species,c. difficile,bifidobacterium,"('C. difficile', 'Bifidobacterium')","('Species', 'Species')",['Interacts_with'],1,False,True,False,False,False,False,,5,1,"Beyond FMT, the gut microbiome has also been found to be predictive of treatment outcomes in CDI. At the taxonomic level, the pre-treatment abundance of Ruminococcaceae, Rikenellaceae, Bacteroides and Faecalibacterium has been associated with a positive response to antibiotics in CDI and higher levels of Clostridiaceae, Lachnospiraceae, Blautia, Coprococcus, Streptococcus, Bifidobacterium, Ruminococcus and Actinomyces were associated with non-response in a study including 88 patients with CDI. Some of these taxa also predicted the risk of recurrent infection, whereas other taxa have been associated with an overall inability for C. difficile to colonize the gut31 (FIG. 2)."
R439499c56e,PMC9035980,112019653,B. caccae,Species,decrease,Parabacteroides,Species,b. caccae,parabacteroides,"('B. caccae', 'Parabacteroides')","('Species', 'Species')",['decrease'],1,False,True,False,False,False,False,,5,1,"Study (cohort sizea) Country/region Molecular technique Main microbiome alterations in older people   Ruiz-Ruiz et al. (10) Spain Proteomics Tryptophan and indole decreased   Iwauchi et al. (29) Japan 16S Pathobionts, Akkermansia, Christensenellaceae, Butyricimonas increased   Xu et al. (115); Odamaki et al. (77) Japanb 16S Pathobionts, Odoribacter, Butyricimonas, Christensenellaceae, Lactobacillus, Oscillospira, Oxalobacter, Butyrivibrio increased; core SCFA producers and Bifidobacterium decreased   Biagi et al. (54) Italyb 16S Pathobionts, Akkermansia, Odoribacter, Oscillospira, Butyricimonas, Christensenellaceae, Mogibacteriaceae increased; core SCFA producers decreased   Wu et al. (42) Italyb 16S Pathobionts, Methanobrevibacter smithii increased; core SCFA producers decreased   Rampelli et al. (51) Italyb Shotgun Core SCFA producers decreased; pathobionts, Methanobrevibacter smithii, Akkermansia muciniphila, xenobiotic degradation, LPS biosynthesis, phenolic metabolites in serum increased   Wu et al. (46) Italyb ITS No significant differences   Collino et al. (233) Italyb Metabolomics/HITChip Para-cresol sulfate and phenylacetic acid increased; butyrate-producing bacteria decreased   Kong et al. (121) Chinab 16S Alpha diversity, Akkermansia and Christensenellaceae increased   Wang et al. (15) Chinab 16S Akkermansia, Parabacteroides, Paraprevotella, pathobionts increased; core SCFA producers decreased   Wang et al. (198) China 16S Butyricimonas, Butyricicoccus, Odoribacter, Alistipes, Christensenella, Barnesiella, pathobionts increased; core SCFA producers and Megamonas decreased   Bian et al. (284) Chinab 16S No significant differences   Zhang et al. (750) China Shotgun Pathobionts, Lactobacillus salivarius, Butyrivibrio crossotus, Subdoligranulum variabile, Roseburia hominis, Coprococcus catus, Clostridium sachharolyticum, A. muciniphila, Victivallis vadensis increased; Bifidobacterium and gender-associated gut microbiome differences decreased   Ke et al. (77) China Metabolomics TMAO increased   Kim et al. (47) South Koreab 16S Pathobionts, Akkermansia and Christensenellaceae increased; core SCFA producers and Prevotella decreased   Park et al. (70) South Korea 16S Prevotella copri, pathobionts, Roseburia inulinivorans increased; core SCFA producers, Megamonas, Alistipes, Bacteroides uniformis, B.vulgatus decreased   Tuikhar et al. (30) Indiab 16S Akkermansia, Butyricimonas, Ruminococcaceae increased; Prevotellaceae and core SCFA producers decreased   La-Ongkham et al. (47) Thailand 16S Pathobionts, Eubacterium eligens, Bacteroides thetaiotamicron, B. uniformis, B. caccae, B. ovatus, Parabacteroides distasonis increased; other core SCFA producers decreased   Rahayu et al. (40) Indonesia qPCR Pathobionts, Bifidobacterium decreased; multiple Lactobacilli increased   Kashtanova et al. (42) Russiab 16S Lactobacillus, Roseburia, Christensenella increased; Dorea, Dialister, Ruminococcus decreased   Huang et al.; Cuesta-Zuluaga et al. Multiple (meta-analysis) 16S Core gut microbiome members decreased   Galkin et al. Multiple (meta-analysis) Shotgun Pathobionts and Bifidobacterium bifidum increased   Wilmanski et al. United States 16S Increased gut microbiome uniqueness (or dissimilarity) and decreased Bacteroides associated with ageing; faster shift towards uniqueness in healthy ageing cohort   "
R97a026a63d,PMC9035980,112019653,B. uniformis,Species,affects,Akkermansia,Species,b. uniformis,akkermansia,"('B. uniformis', 'Akkermansia')","('Species', 'Species')",['affects'],1,False,True,False,False,False,False,,5,1,"Study (cohort sizea) Country/region Molecular technique Main microbiome alterations in older people   Ruiz-Ruiz et al. (10) Spain Proteomics Tryptophan and indole decreased   Iwauchi et al. (29) Japan 16S Pathobionts, Akkermansia, Christensenellaceae, Butyricimonas increased   Xu et al. (115); Odamaki et al. (77) Japanb 16S Pathobionts, Odoribacter, Butyricimonas, Christensenellaceae, Lactobacillus, Oscillospira, Oxalobacter, Butyrivibrio increased; core SCFA producers and Bifidobacterium decreased   Biagi et al. (54) Italyb 16S Pathobionts, Akkermansia, Odoribacter, Oscillospira, Butyricimonas, Christensenellaceae, Mogibacteriaceae increased; core SCFA producers decreased   Wu et al. (42) Italyb 16S Pathobionts, Methanobrevibacter smithii increased; core SCFA producers decreased   Rampelli et al. (51) Italyb Shotgun Core SCFA producers decreased; pathobionts, Methanobrevibacter smithii, Akkermansia muciniphila, xenobiotic degradation, LPS biosynthesis, phenolic metabolites in serum increased   Wu et al. (46) Italyb ITS No significant differences   Collino et al. (233) Italyb Metabolomics/HITChip Para-cresol sulfate and phenylacetic acid increased; butyrate-producing bacteria decreased   Kong et al. (121) Chinab 16S Alpha diversity, Akkermansia and Christensenellaceae increased   Wang et al. (15) Chinab 16S Akkermansia, Parabacteroides, Paraprevotella, pathobionts increased; core SCFA producers decreased   Wang et al. (198) China 16S Butyricimonas, Butyricicoccus, Odoribacter, Alistipes, Christensenella, Barnesiella, pathobionts increased; core SCFA producers and Megamonas decreased   Bian et al. (284) Chinab 16S No significant differences   Zhang et al. (750) China Shotgun Pathobionts, Lactobacillus salivarius, Butyrivibrio crossotus, Subdoligranulum variabile, Roseburia hominis, Coprococcus catus, Clostridium sachharolyticum, A. muciniphila, Victivallis vadensis increased; Bifidobacterium and gender-associated gut microbiome differences decreased   Ke et al. (77) China Metabolomics TMAO increased   Kim et al. (47) South Koreab 16S Pathobionts, Akkermansia and Christensenellaceae increased; core SCFA producers and Prevotella decreased   Park et al. (70) South Korea 16S Prevotella copri, pathobionts, Roseburia inulinivorans increased; core SCFA producers, Megamonas, Alistipes, Bacteroides uniformis, B.vulgatus decreased   Tuikhar et al. (30) Indiab 16S Akkermansia, Butyricimonas, Ruminococcaceae increased; Prevotellaceae and core SCFA producers decreased   La-Ongkham et al. (47) Thailand 16S Pathobionts, Eubacterium eligens, Bacteroides thetaiotamicron, B. uniformis, B. caccae, B. ovatus, Parabacteroides distasonis increased; other core SCFA producers decreased   Rahayu et al. (40) Indonesia qPCR Pathobionts, Bifidobacterium decreased; multiple Lactobacilli increased   Kashtanova et al. (42) Russiab 16S Lactobacillus, Roseburia, Christensenella increased; Dorea, Dialister, Ruminococcus decreased   Huang et al.; Cuesta-Zuluaga et al. Multiple (meta-analysis) 16S Core gut microbiome members decreased   Galkin et al. Multiple (meta-analysis) Shotgun Pathobionts and Bifidobacterium bifidum increased   Wilmanski et al. United States 16S Increased gut microbiome uniqueness (or dissimilarity) and decreased Bacteroides associated with ageing; faster shift towards uniqueness in healthy ageing cohort   "
Rbca0336379,PMC9035980,112019670,Bacteroides fragilis,Species,decrease,Roseburia,Species,bacteroides fragilis,roseburia,"('Bacteroides fragilis', 'Roseburia')","('Species', 'Species')",['decrease'],1,False,True,False,False,False,False,,10,1,"Despite generally consistent findings, ageing-linked microbiome alterations also exhibit variation across studies. One example is Roseburia. While ageing studies in Italian, Irish and Thai individuals have reported a statistically significant reduction of Roseburia spp. abundance with age, studies of Russian, Chinese and Korean populations have observed an increase. In addition, contrary to many ageing-associated studies, the pathobiont Bacteroides fragilis decreased with age in a general ageing-associated study in a healthy Indonesian cohort. These variations might reflect differences in ethnicity, diet, geography and lifestyle; even within cohorts of the same nationality and region, different signatures have been reported. For example, considerable inter-study variability has been found in Chinese populations. Inter-study variations might also relate to the physiological status of the ageing population (different degrees of frailty within older people) or might be methodological such as due to sample collection regime, sample storage, DNA extraction protocol or sequencing platform."
Ra8b675ddaa,PMC9035980,112019681,A. muciniphila,Species,Interacts_with,Akkermansia,Species,a. muciniphila,akkermansia,"('A. muciniphila', 'Akkermansia')","('Species', 'Species')","['decrease', 'Interacts_with']",2,True,True,False,False,False,False,,8,1,"Akkermansia (Group 3; or the species A. muciniphila, specifically) is another hallmark of healthy ageing. Administration of live or pasteurized A. muciniphila for 3 months has been reported to reduce body weight, insulin resistance and levels of cardiometabolic risk factors in a Belgian cohort of 32 individuals ranging between 18 and 70 years of age. While prebiotics and probiotics have been consistently linked with beneficial Group 1 and Group 3 taxa, there are conflicting reports on their influence on the abundance of pathobionts (Group 2 taxa). A significant reduction in Proteobacteria should be weighed against a reported increase of pathobionts such as Desulfovibrio, Streptococcus and Enterococcus."
R9fd99e46dc,PMC9035980,112019681,A. muciniphila,Species,decrease,Akkermansia,Species,a. muciniphila,akkermansia,"('A. muciniphila', 'Akkermansia')","('Species', 'Species')","['Interacts_with', 'decrease']",2,True,True,False,False,False,False,,8,1,"Akkermansia (Group 3; or the species A. muciniphila, specifically) is another hallmark of healthy ageing. Administration of live or pasteurized A. muciniphila for 3 months has been reported to reduce body weight, insulin resistance and levels of cardiometabolic risk factors in a Belgian cohort of 32 individuals ranging between 18 and 70 years of age. While prebiotics and probiotics have been consistently linked with beneficial Group 1 and Group 3 taxa, there are conflicting reports on their influence on the abundance of pathobionts (Group 2 taxa). A significant reduction in Proteobacteria should be weighed against a reported increase of pathobionts such as Desulfovibrio, Streptococcus and Enterococcus."
Rb27aa54cb8,PMC9035980,112019683,Prevotella copri,Species,Negative_correlation,Collinsella,Species,prevotella copri,collinsella,"('Prevotella copri', 'Collinsella')","('Species', 'Species')",['Negative_correlation'],1,False,True,False,False,False,False,,5,1,"To quantify the beneficial microbiome alterations associated with MedDiet intake, we computed MedDiet-associated microbiome scores, whereby higher scores were linked with physiological well-being (including negative associations with inflammatory markers and incidence of chronic diseases, colorectal cancer, and frailty and positive associations with cognitive scores). Thus, it seems that adherence to the MedDiet initiated specific changes in microbiome composition, resulting in an altered set of microbial metabolites promoting improved host health, as previously hypothesized. The findings have been validated in several MedDiet intervention studies (not specifically focused on older people), which showed consistent enrichment of Faecalibacterium and Roseburia and depletion of pathobionts (such as R. torques and R. gnavus, Collinsella, members of pathobiont Clostridium, and Flavonifractor plautii), along with a decreased capacity for production of deoxycholic acid and lithocholic acid (Fig. 5). These studies also highlighted the predictive value of the baseline gut microbiome for responsiveness to the MedDiet, with a higher abundance of Prevotella copri at baseline linked with less responsiveness for some health metrics (such as insulin sensitivity, reduced inflammation, and lower triglyceride and total cholesterol levels). By contrast, other reports have observed a positive association between Prevotella abundance and lower cardiometabolic disease risk. Strain-level variations within this lineage probably account for these apparently contradictory results as observed previously for Faecalibacterium prausnitzii. Levels of the pathobiont Collinsella were also found to mediate the beneficial effect of dietary vegetable intake on lymphocyte counts."
R8bda6c3598,PMC7841622,112020032,Lactobacillus plantarum,Species,Interacts_with,Drosophila,Species,lactobacillus plantarum,drosophila,"('Lactobacillus plantarum', 'Drosophila')","('Species', 'Species')",['Interacts_with'],1,False,True,False,False,False,False,,5,1,"An example of microbial regulation of food preferences has been shown in a study demonstrating that fruit flies fed a diet deficient in essential amino acids show preferential intake of amino acid-rich foods. These preferences are, however, blunted by the presence of both Acetobacter pomorum and lactobacilli. Of note, neither Acetobacter pomorum nor lactobacilli were capable of modulating food intake individually, suggesting that these microorganisms must work together to influence host behavior. Although the mechanisms driving food seeking behaviors in this model remain unclear, microbial modulation of neuronal TOR signaling has been previously proposed as an important mediator of nutrient balance and growth in Drosophila. In fruit flies exposed to a nutrient scarce environment, Lactobacillus plantarum can promote protein assimilation from the diet, resulting in increased production of branched-chain amino acids. These amino acids activate central nervous system (CNS) TOR kinase activity, resulting in the release of insulin-like peptides."
Rb443d0fc01,PMC6813786,112020175,Parabacteroides distasonis,Species,affects,Lactobacillus,Species,parabacteroides distasonis,lactobacillus,"('Parabacteroides distasonis', 'Lactobacillus')","('Species', 'Species')",['affects'],1,False,True,False,False,False,False,,4,1,"The gastrointestinal tract of a newborn baby represents a large suite of physical and metabolic niches that microorganisms can colonize via dispersal. Stool samples collected within the first 8 days of life suggest that initial colonizers largely originate from the maternal microbiota. For example, the microbiota of vaginally delivered infants are dominated by taxa found in their mother's vagina (Lactobacillus spp., Prevotella spp., Atopobium spp. or Sneathia spp.), whereas those of infants delivered by caesarian section are enriched for taxa found on human skin (Staphylococcus spp., Corynebacterium spp. and Propionibacterium spp.). The mother's gut can also be a source of the initial microbial inoculum, and the sharing of strains between mothers and newborn babies is commonly observed. Maternal strains of Helicobacter pylori , Escherichia coli, Bacteroides vulgatus and Parabacteroides distasonis have been found to colonize the gastrointestinal tract of infants, as have Bifidobacterium longum subsp. longum and other Bifidobacterium spp.. While species-level similarities between mothers and their children tend to increase over the first several years of life, strain-level sharing decreases over time. For example, one study found that 91% of strains were shared between the stool of mothers and their newborn babies 4 days after birth, yet that figure dropped to 55% 1 year later. In addition, healthy, full-term infants can be influenced by their mother's microbiota even before the rupture of amniotic membranes. Although the existence of a persistent, metabolically active microbial community in the placenta remains controversial, microbial DNA has been reported in the placenta, amniotic fluid and meconium. Microorganisms or microbial components can arrive in the prenatal intrauterine environment by ascending from the vagina or by spreading haematogenously from the oral cavity or gut. It has also been postulated that dendritic cells or lymphoid tissues can translocate bacteria or bacterial DNA to the placenta. However, we do not yet have enough information about the potential role of these events in healthy human pregnancies to assess how they might influence priority effects. Even if there were a microbial community in the placenta or amniotic sac, its contributions to the membership of the postnatal infant microbiota are likely overwhelmed by the vast numbers of microorganisms to which the infant is exposed at birth. Overall, specific taxa from the mother's microbiota are commonly transmitted to the infant's gut in early life. Variation in microbiota among mothers should therefore result in variation in dispersal among their infants. In addition to the mother, there are many other origins of microbial dispersal to the infant, which we will discuss later."
R11af9ca09a,PMC6813786,112020182,E. coli,Species,affects,Bifidobacterium,Species,e. coli,bifidobacterium,"('E. coli', 'Bifidobacterium')","('Species', 'Species')",['affects'],1,False,True,False,False,False,False,,6,1,"Microorganisms can also modify niches found in the human body through interactions with the host immune system. For example, Bacteroides spp. colonization can affect innate immune signalling, endotoxin tolerance and T helper 1 (TH1) cell immune responses, and Bifidobacterium spp. can modulate vaccine response and increase cytokine production in vitro. These immune-mediated effects can occur even as the result of prenatal microbial exposure. Colonization of pregnant mice with the HA107 strain of E. coli, which was genetically engineered to be unable to persist in the intestine, demonstrated that microbial metabolites, independent of the microorganisms themselves, can increase both intestinal group 3 innate lymphoid cells and F4/80+ CD11c+ mononuclear cells in neonate pups while also decreasing bacterial translocation to the mesenteric lymph nodes. The transient gestational colonization affecting both immune development and microbiota structure in offspring suggests that priority effects can occur before microorganisms even have the opportunity to colonize."
Ra983e8bc7a,PMC9554112,112020225,B. fragilis,Species,affects,Streptococcus,Species,b. fragilis,streptococcus,"('B. fragilis', 'Streptococcus')","('Species', 'Species')",['affects'],1,False,True,False,False,False,False,,9,1,"Additionally, other commensal bacteria such as Escherichia coli, Lactobacillus, Streptococcus, Helicobacter pylori, segmented filamentous Bacteria, and enterotoxigenic B. fragilis are called pathobionts. They make up about 70% of the total gut microbiota and interact with the host to regulate the immune response. They are harmless under physical conditions, and have a potential pathogenic influence on the host following changes in the environment. However, in the case of immune dysfunction and other pathological conditions, these pathobionts can greatly proliferate in a short time period, or translocate from the intestine to other parts of the body to be pathogenic."
R4225508b73,PMC9554112,112020225,segmented filamentous Bacteria,Species,worsen,Lactobacillus,Species,segmented filamentous bacteria,lactobacillus,"('segmented filamentous Bacteria', 'Lactobacillus')","('Species', 'Species')",['worsen'],1,False,True,False,False,False,False,,9,1,"Additionally, other commensal bacteria such as Escherichia coli, Lactobacillus, Streptococcus, Helicobacter pylori, segmented filamentous Bacteria, and enterotoxigenic B. fragilis are called pathobionts. They make up about 70% of the total gut microbiota and interact with the host to regulate the immune response. They are harmless under physical conditions, and have a potential pathogenic influence on the host following changes in the environment. However, in the case of immune dysfunction and other pathological conditions, these pathobionts can greatly proliferate in a short time period, or translocate from the intestine to other parts of the body to be pathogenic."
R63bd2bf2f0,PMC9554112,112020259,Dorea longicatena,Species,decrease,Faecalibacterium,Species,dorea longicatena,faecalibacterium,"('Dorea longicatena', 'Faecalibacterium')","('Species', 'Species')",['decrease'],1,False,True,False,False,False,False,,3,1,"Mounting evidence has shown that patients with obesity have a change in the composition of the gut microbiota. In obesity, the increased gut microbiome included the phylum Molluskum of Firmicutes, Actinobacteria, as well as Firmicutes and Bacteroidetes ratios; the decreased gut microbiome included Akkermansia, Faecalibacterium, Oscillibacter, and Alistipes. More importantly, studies indicated that some types of microbes could be regarded as biomarkers for metabolism-related CVDs. For example, it has been reported that Dorea formicigenerans, Dorea longicatena and Collinsella aerofaciens are associated with obesity, and Lachnospiraceae is associated with lipid cardiovascular risk factors. Besides, Anaeroplasma and Haemophilus are negatively associated with cholesterol and triglycerides and positively associated with HDL. Patients with hyperlipidemia have a lower proportion of Anaeroplasma and Haemophilus in the gut. Moreover, the ratio of Firmicutes to Bacteroidetes was also positively associated with obesity."
Ra415e2d095,PMC4498258,112020858,murine norovirus,Species,affects,CD3,Species,murine norovirus,cd3,"('murine norovirus', 'CD3')","('Species', 'Species')",['affects'],1,False,True,False,False,False,False,,4,1,"A second neglected aspect of the microbiome is the symbiotic virome. Although viruses have historically been considered only in the context of single disease-single pathogen relationships, advances in sequencing technology have uncovered the dramatic size of the virome present in health and disease: it is estimated that there may be 10-fold more viruses in the human microbiome than there are bacteria, meaning the virome might outnumber human cells by 100-fold. The human virome is composed of both eukaryotic viruses as well as bacteriophages, which directly affect the bacterial microbiome composition. For example, Rohwer and colleagues found that phage capsids express an immunoglobulin-like protein domain that binds to mucin glycoproteins and may be a source of non-host-derived innate immunity. Therefore, a large ecosystem of viruses exists in the healthy state ""asymptomatically,"" including many viruses that have previously only been considered in the context of pathogenicity. In recent years there has been a wealth of data emerging that describes manifold roles for the virome in inflammatory disease and in maintaining health. In a recent study, Virgin and colleagues found that some changes in the composition of the bacterial community in IBD may be explained by shifts in the bacteriophage community. Using a longitudinal study design of patients with UC and CD paired with household healthy controls, the authors described a significant expansion of the Caudovirales bacteriophages in both CD and UC, and a generalized increase in diversity of the virome concomitant with a decreased bacterial microbiome diversity. Though it is possible that the expanded Caudovirales may be directly responsible for decreased bacterial diversity, it is not clear whether the increased abundance of the bacteriophage is acquired from the environment or caused by an induction of prophage by the symbiotic microbiota. reported that colonizing germ-free mice with a single virus, namely murine norovirus, can replace many of the beneficial functions of commensal bacteria. Further, the virus leads to improvement of several other deficiencies observed in germ-free mice; these benefits include an increased number of CD3+ T cells, increased Paneth cell function, and higher antibody levels. The ability of both bacteria and a single virus to re-model the germ-free intestine suggests that this effect largely occurs through non-specific microbial signals. Furthermore, in response to dextran sodium sulfate exposure, murine norovirus improves overall survival and prevents colon-length shortening."
R7197b6d5cb,PMC4498258,112020858,bacteriophage,Species,affects,murine norovirus,Species,bacteriophage,murine norovirus,"('bacteriophage', 'murine norovirus')","('Species', 'Species')",['affects'],1,False,True,False,False,False,False,,4,1,"A second neglected aspect of the microbiome is the symbiotic virome. Although viruses have historically been considered only in the context of single disease-single pathogen relationships, advances in sequencing technology have uncovered the dramatic size of the virome present in health and disease: it is estimated that there may be 10-fold more viruses in the human microbiome than there are bacteria, meaning the virome might outnumber human cells by 100-fold. The human virome is composed of both eukaryotic viruses as well as bacteriophages, which directly affect the bacterial microbiome composition. For example, Rohwer and colleagues found that phage capsids express an immunoglobulin-like protein domain that binds to mucin glycoproteins and may be a source of non-host-derived innate immunity. Therefore, a large ecosystem of viruses exists in the healthy state ""asymptomatically,"" including many viruses that have previously only been considered in the context of pathogenicity. In recent years there has been a wealth of data emerging that describes manifold roles for the virome in inflammatory disease and in maintaining health. In a recent study, Virgin and colleagues found that some changes in the composition of the bacterial community in IBD may be explained by shifts in the bacteriophage community. Using a longitudinal study design of patients with UC and CD paired with household healthy controls, the authors described a significant expansion of the Caudovirales bacteriophages in both CD and UC, and a generalized increase in diversity of the virome concomitant with a decreased bacterial microbiome diversity. Though it is possible that the expanded Caudovirales may be directly responsible for decreased bacterial diversity, it is not clear whether the increased abundance of the bacteriophage is acquired from the environment or caused by an induction of prophage by the symbiotic microbiota. reported that colonizing germ-free mice with a single virus, namely murine norovirus, can replace many of the beneficial functions of commensal bacteria. Further, the virus leads to improvement of several other deficiencies observed in germ-free mice; these benefits include an increased number of CD3+ T cells, increased Paneth cell function, and higher antibody levels. The ability of both bacteria and a single virus to re-model the germ-free intestine suggests that this effect largely occurs through non-specific microbial signals. Furthermore, in response to dextran sodium sulfate exposure, murine norovirus improves overall survival and prevents colon-length shortening."
Rca66f0ed64,PMC4498258,112020935,Clostridium                              sporogenes,Species,affects,Lactobacillus,Species,clostridium sporogenes,lactobacillus,"('Clostridium                              sporogenes', 'Lactobacillus')","('Species', 'Species')",['affects'],1,False,True,False,False,False,False,,4,1,"                                 NeuroactiveMolecules              Bacterium              Catalytic enzyme/process              Effect              Ref                                                                      GABA                                          Lactobacillus,                              Bifidobacterium                           Glutamate decarboxylase/Decarboxylation of glutamateto GABA              Prevents anxiety and depressionRegulates intestinal motility                                                                  Tryptamine                                          Clostridium sprogenes,                              Ruminococcus gnavus                           Trp decarboxylase/Decarboxylation of tryptophanto tryptamine              Tryptamine induces ionsecretion by IECsTryptamine induces the releaseof serotonin                                                                  Indole-3-                              Propionic                              Acid                                          Clostridium                              sporogenes                           Unknown/ Deamination ofTryptophan              Powerful antioxidantProduction requires microbiota                                                                  Serotonin                           Unknown              Unknown/ Metabolite ofTryptophan              Stabilizes mood/ anti-depressantModulates intestinal motility                                                                  SCFA                                          Bacteroides,                              Bifidobacterium,                              Propionibacterium,                              Eubacterium,                              Lactobacillus,                              Clostridium                           Multiple/ Fiber fermentation              Energy sourceReduce proinflammatorycytokine production                                           "
R92a2968464,PMC7954989,112021084,DSM 15643,Species,Interacts_with,Prevotella copri DSM 18205,Species,dsm 15643,prevotella copri dsm 18205,"('DSM 15643', 'Prevotella copri DSM 18205')","('Species', 'Species')",['Interacts_with'],1,False,True,False,False,False,False,,6,1,"REAGENT or RESOURCE SOURCE IDENTIFIER   Antibodies   CD3 Fisher Scientific 11-0032-82 (Clone: 17A2); RRID:AB_2572431   IL-17a Fisher Scientific 25-7177-82 (Clone: ebio17b7); RRID:AB_10732356   CD4 Biolegend 100428 (Clone: GK1.5); RRID:AB_493647   IFNy Fisher Scientific 45-7311-80 (Clone: XMG1.2); RRID:AB_906239   Foxp3 Fisher Scientific BDB563902 (Clone: R16-715); RRID:AB_2630318   Gr1 Biolegend 108408 (Clone: RB6-8C5); RRID:AB_313373   CD11b VWR (Biolegend) 101228-BL (Clone: M1/70); RRID:AB_893232   TER119 Biolegend 116212 (Clone: TER-119); RRID:AB_313713   B220 Fisher Scientific (Invitrogen) 5014055 (Clone: RA3-6B2); RRID:AB_11220275   CD44 VWR (Tonbo) 10050-486 (Clone: IM-7); RRID:AB_2621572   CD69 VWR (Biolegend) 104511-BL (Clone: H1.2F3); RRID: AB_493565   LIVE/DEAD Fixable Dead Cell Stain Kit Life technologies L34957   Bacterial and Virus Strains   Bacteroides thetaiotaomicron DSM 2079   Clostridium asparagiforme DSM 15981   Clostridium sporogenes ATCC 15579   Clostridium symbiosum DSM 934   Akkermansia muciniphila DSM 22959   Alistipes shahii DSM 19121   Bacillus subtilis 168 DSM 402   Bacteroides acidifaciens DSM 15896   Bacteroides caccae DSM 19029   Bacteroides eggerthii DSM 20697   Bacteroides finegoldii DSM 17565   Bacteroides fragilis DSM 2151   Bacteroides ovatus DSM 1896   Bacteroides stercoris DSM 19555   Bacteroides uniformis DSM 6597   Bacteroides vulgatus DSM 1447   Bacteroides xylanisolvens DSM 18836   Bifidobacterium longum subsp longum DSM 20219   Blautia producta DSM 3507   Clostridium innocuum DSM 1286   Clostridium scindens DSM 5676   Collinsella aerofaciens DSM 3979   Delftia acidovorans ATCC 25012   Dorea formicigenerans DSM 3992   Dorea longicatena DSM 13814   Edwardsiella tarda ATCC 23685   Eggerthella lenta 1-3-56 DSM 110906   Eggerthella lenta DSM 2243   Eggerthella sinensis DSM 16107   Eggerthella sp. DSM 11767   Enterococcus faecalis DSM 2570    Escherichia coli BW25113 DSM 27469   Eubacterium eligens DSM 3376   Eubacterium hallii DSM 3353   Eubacterium rectale DSM 17629   Faecalibacterium prausnitzii DSM 17677   Fusobacterium nucleatum subsp. nucleatum DSM 15643   Gordonibacter pamelae DSM 110924   Lactococcus lactis DSM 20481   Lactonifactor longoviformis DSM 17459   Parabacteroides distasonis DSM 20701   Parabacteroides merdae DSM 19495   Prevotella copri DSM 18205   Providencia rettgeri DSM 4542   Ruminococcus obeum DSM 25238   Biological Samples     Stool samples from healthy and rheumatoid arthritis patients This paper N/A        Chemicals, Peptides, and Recombinant Proteins   Methotrexate (Pharmaceutical Grade) for mouse experiments Fresenius Kabi Product # 102250   Methotrexate for in vitro and ex vivo studies Sigma Aldrich M9929-100MG   Folic acid Fisher Scientific BP25195   Leucovorin Spectrum Chemicals LE117-100MG   Dextran sodium sulfate Alfa Aesar Cat no. 9011-18-1   Critical Commercial Assays   ZymoBIOMICS 96 MagBead DNA Kit Zymo D4302   KAPA HiFi Hot Start PCR kit Kapa Biosystems KK2502   SequalPrep Normalization Plate Life Technologies A10510-01   Qiagen MinElute Gel Extraction Kit Qiagen 28604   Qiagen MinElute PCR Purification Kit Qiagen 28004   Nextera DNA Flex Library Kit Illumina 20018705   Nextera Compatible Unique Dual Indices - Set A primers Illumina 20027213   Deposited Data   16S rRNA, shotgun, and RNA-seq data NCBI SRA PRJNA656577   Metabolomics data This paper Table S6C   Experimental Models: Cell Lines   Experimental Models: Organisms/Strains   Germ free C57BL/6 UCSF Gnotobiotics Core N/A   Oligonucleotides   Recombinant DNA   Software and Algorithms   R (v3.6.2) Packages for analytical parts: phyloseq, tidyverse, ape, vegan, nlme, stats, DEseq2, edgeR, GrowthCurveR, MaSaLin2, ggtree, clusterprofiler, dada2, UpSetR, pubmedR https://www.r-project.org/   QIIME (v1.91)  http://qiime.org/   QIIME2 (v2020.2) Boylen et al., 2019 https://qiime2.org/   UniPro UGENE (v33)  http://ugene.net/   Trimmomatic (v0.32)  http://www.usadellab.org/cms/?page=trimmomatic   SortMeRNA (v2.1) Kopylova et al., 201 https://github.com/biocore/sortmerna   Bowtie2  http://bowtie-bio.sourceforge.net/bowtie2/index.shtml   BlastKOALA  https://www.kegg.jp/blastkoala/   Fastp (v0.20.0)  https://github.com/OpenGene/fastp   MetaPhlAn2(v2.7.7)  https://huttenhower.sph.harvard.edu/metaphlan   HUMAnN2 (v0.11.1)  https://huttenhower.sph.harvard.edu/humann   Other   "
Rb393dbfdf3,PMC7954989,112021084,Eggerthella sinensis,Species,Interacts_with,DSM 4542,Species,eggerthella sinensis,dsm 4542,"('Eggerthella sinensis', 'DSM 4542')","('Species', 'Species')",['Interacts_with'],1,False,True,False,False,False,False,,6,1,"REAGENT or RESOURCE SOURCE IDENTIFIER   Antibodies   CD3 Fisher Scientific 11-0032-82 (Clone: 17A2); RRID:AB_2572431   IL-17a Fisher Scientific 25-7177-82 (Clone: ebio17b7); RRID:AB_10732356   CD4 Biolegend 100428 (Clone: GK1.5); RRID:AB_493647   IFNy Fisher Scientific 45-7311-80 (Clone: XMG1.2); RRID:AB_906239   Foxp3 Fisher Scientific BDB563902 (Clone: R16-715); RRID:AB_2630318   Gr1 Biolegend 108408 (Clone: RB6-8C5); RRID:AB_313373   CD11b VWR (Biolegend) 101228-BL (Clone: M1/70); RRID:AB_893232   TER119 Biolegend 116212 (Clone: TER-119); RRID:AB_313713   B220 Fisher Scientific (Invitrogen) 5014055 (Clone: RA3-6B2); RRID:AB_11220275   CD44 VWR (Tonbo) 10050-486 (Clone: IM-7); RRID:AB_2621572   CD69 VWR (Biolegend) 104511-BL (Clone: H1.2F3); RRID: AB_493565   LIVE/DEAD Fixable Dead Cell Stain Kit Life technologies L34957   Bacterial and Virus Strains   Bacteroides thetaiotaomicron DSM 2079   Clostridium asparagiforme DSM 15981   Clostridium sporogenes ATCC 15579   Clostridium symbiosum DSM 934   Akkermansia muciniphila DSM 22959   Alistipes shahii DSM 19121   Bacillus subtilis 168 DSM 402   Bacteroides acidifaciens DSM 15896   Bacteroides caccae DSM 19029   Bacteroides eggerthii DSM 20697   Bacteroides finegoldii DSM 17565   Bacteroides fragilis DSM 2151   Bacteroides ovatus DSM 1896   Bacteroides stercoris DSM 19555   Bacteroides uniformis DSM 6597   Bacteroides vulgatus DSM 1447   Bacteroides xylanisolvens DSM 18836   Bifidobacterium longum subsp longum DSM 20219   Blautia producta DSM 3507   Clostridium innocuum DSM 1286   Clostridium scindens DSM 5676   Collinsella aerofaciens DSM 3979   Delftia acidovorans ATCC 25012   Dorea formicigenerans DSM 3992   Dorea longicatena DSM 13814   Edwardsiella tarda ATCC 23685   Eggerthella lenta 1-3-56 DSM 110906   Eggerthella lenta DSM 2243   Eggerthella sinensis DSM 16107   Eggerthella sp. DSM 11767   Enterococcus faecalis DSM 2570    Escherichia coli BW25113 DSM 27469   Eubacterium eligens DSM 3376   Eubacterium hallii DSM 3353   Eubacterium rectale DSM 17629   Faecalibacterium prausnitzii DSM 17677   Fusobacterium nucleatum subsp. nucleatum DSM 15643   Gordonibacter pamelae DSM 110924   Lactococcus lactis DSM 20481   Lactonifactor longoviformis DSM 17459   Parabacteroides distasonis DSM 20701   Parabacteroides merdae DSM 19495   Prevotella copri DSM 18205   Providencia rettgeri DSM 4542   Ruminococcus obeum DSM 25238   Biological Samples     Stool samples from healthy and rheumatoid arthritis patients This paper N/A        Chemicals, Peptides, and Recombinant Proteins   Methotrexate (Pharmaceutical Grade) for mouse experiments Fresenius Kabi Product # 102250   Methotrexate for in vitro and ex vivo studies Sigma Aldrich M9929-100MG   Folic acid Fisher Scientific BP25195   Leucovorin Spectrum Chemicals LE117-100MG   Dextran sodium sulfate Alfa Aesar Cat no. 9011-18-1   Critical Commercial Assays   ZymoBIOMICS 96 MagBead DNA Kit Zymo D4302   KAPA HiFi Hot Start PCR kit Kapa Biosystems KK2502   SequalPrep Normalization Plate Life Technologies A10510-01   Qiagen MinElute Gel Extraction Kit Qiagen 28604   Qiagen MinElute PCR Purification Kit Qiagen 28004   Nextera DNA Flex Library Kit Illumina 20018705   Nextera Compatible Unique Dual Indices - Set A primers Illumina 20027213   Deposited Data   16S rRNA, shotgun, and RNA-seq data NCBI SRA PRJNA656577   Metabolomics data This paper Table S6C   Experimental Models: Cell Lines   Experimental Models: Organisms/Strains   Germ free C57BL/6 UCSF Gnotobiotics Core N/A   Oligonucleotides   Recombinant DNA   Software and Algorithms   R (v3.6.2) Packages for analytical parts: phyloseq, tidyverse, ape, vegan, nlme, stats, DEseq2, edgeR, GrowthCurveR, MaSaLin2, ggtree, clusterprofiler, dada2, UpSetR, pubmedR https://www.r-project.org/   QIIME (v1.91)  http://qiime.org/   QIIME2 (v2020.2) Boylen et al., 2019 https://qiime2.org/   UniPro UGENE (v33)  http://ugene.net/   Trimmomatic (v0.32)  http://www.usadellab.org/cms/?page=trimmomatic   SortMeRNA (v2.1) Kopylova et al., 201 https://github.com/biocore/sortmerna   Bowtie2  http://bowtie-bio.sourceforge.net/bowtie2/index.shtml   BlastKOALA  https://www.kegg.jp/blastkoala/   Fastp (v0.20.0)  https://github.com/OpenGene/fastp   MetaPhlAn2(v2.7.7)  https://huttenhower.sph.harvard.edu/metaphlan   HUMAnN2 (v0.11.1)  https://huttenhower.sph.harvard.edu/humann   Other   "
Rec4b8f127f,PMC7606741,112021089,Salmonella,Species,worsen,CR,Species,salmonella,cr,"('Salmonella', 'CR')","('Species', 'Species')","['part_of', 'worsen']",2,True,True,False,False,False,False,,4,1,"Specific chemical signals in the intestine modulate the expression and function of T3SSs. AE pathogens and S. typhimurium sense the host neurotransmitters epinephrine (epi) and norepinephrine (NE) via the bacterial adrenergic receptor QseC, a histidine kinase (HK), encoded within the core genomes of gamma-Proteobacteria. Epi/NE engagement with QseC activates intracellular signaling cascades that regulate bacterial physiology, behavior, function, and virulence. In AE pathogens, QseC activation promotes increased expression of ler, the master transcriptional regulator of the LEE operons. In contrast, the QseC synthetic inhibitor LED209 attenuates the virulence of EHEC and CR (; Curtis et al., 2014). Transcription of the master regulators of SPI-1 and SPI-2 in Salmonella is also activated upon epi/NE binding to QseC. Thus, QseC-mediated sensing of the local intestinal environment exacerbates pathogen infection through the upregulation of virulence programs."
Rc94c1846cd,PMC7606741,112021168,SopE,Species,affects,Salmonella,Species,sope,salmonella,"('SopE', 'Salmonella')","('Species', 'Species')",['affects'],1,False,True,False,False,False,False,,3,1,"Role of the Salmonella pathogenicity island 1 effector proteins SipA, SopB, SopE, and SopE2 in Salmonella enterica subspecies 1 serovar Typhimurium colitis in streptomycin-pretreated mice"
Rbcab87fbbe,PMC4443817,112021252,L. johnsonii,Species,decrease,Lactobacillus,Species,l. johnsonii,lactobacillus,"('L. johnsonii', 'Lactobacillus')","('Species', 'Species')",['decrease'],1,False,True,False,False,False,False,,6,1,"High-resolution microbiome profiling of the residential environment in early life has demonstrated a significant relationship between early-life bacterial and fungal exposure and allergic asthma development in childhood. It has been hypothesized that one mechanism by which these exposures protect against or contribute to disease development is by influencing the composition of the gut microbiome, which in turn influences allergic immune responses. In an attempt to address this hypothesis, used a murine model of airway allergen challenge. In the study, groups of mice were supplemented either with house dust from residences with two dogs or no pets present, prior to and during airway challenge with cockroach allergen. Only animals exposed to dust from homes with dogs present exhibited significantly reduced airway expression of Th2 cytokines, IL-4 and IL-13 and the mucin-associated gob-5 gene. Lung histology supported these findings; protected animals exhibited pristine airways with no evidence of inflammatory infiltrate or mucin hyper-secretion. Comparative analysis of the gut microbiome of protected and unprotected animals revealed significantly differences in their taxonomic content. Protected animals possessed a gut microbiome enriched in members of the Firmicutes including taxa belonging to the Lachnospiraceae, Bacillaceae, Peptococcaceae and Lactobacillaceae. Using selective media, the authors isolated and confirmed that the dominant Lactobacillus in protected animals was Lactobacillus johnsonii, a species which, coincidentally, becomes highly enriched in the human vaginal tract immediately prior to birth, and thus transferred to the vaginally born neonate. This suggested that this species may play a crucial role in shaping gut microbiome composition. Using this single species, the authors performed subsequent supplementation experiments using distinct airway allergen challenges (cockroach and OVA) and demonstrated that animals who received L. johnsonii were protected against allergen challenge. Again protection was associated with significant down-regulation of airway Th2 responses (IL-4, IL-5 and IL-13), both at the mRNA and protein level. The study also demonstrated that the protective effect of L. johnsonii supplementation extended to viral infectious agents, a critical finding since children hospitalized due to respiratory infection with respiratory syncytial virus (RSV) have a significantly increased risk of developing allergic asthma. Using this viral pathogen, the investigators demonstrated that oral supplementation with viable L. johnsonii protected against RSV infection [heat-killed organisms did not confer protection; ]. Protection was again associated with a significant reduction in both bronchial hyperactivity and the expression of Th2 and Th17 cytokines (IL-4, IL-5, IL-13 and IL-17 respectively) in the airways. However these animals did not demonstrate significant differences in airway expression of IFN-gamma compared to control animals, suggesting that they maintain the capacity to effectively clear the virus, but significantly down-regulated the adaptive immune responses that are largely responsible for RSV-associated pathology. Protected animals exhibited a significantly distinct gut microbial community (from that of susceptible animals) and significantly reduced activation of dendritic cells in the mesenteric lymph nodes, indicating that compositional (and presumably parallel functional) changes in the gut microbiome influences the capacity of antigen presenting cells to activate local T-cell populations, a mechanism by which allergic responses may be inhibited (Fig. 3)."
Rc84f68958b,PMC8276089,112021647,B. ovatus,Species,affects,Bacteroides,Species,b. ovatus,bacteroides,"('B. ovatus', 'Bacteroides')","('Species', 'Species')","['part_of', 'affects']",2,True,True,False,False,False,False,,4,1,"The phylum Bacteroidetes, particularly the S24-7 family and Bacteroides genus, was of interest throughout our study due to notable dynamics. In all antibiotics, Bacteroidetes relative abundance was either maintained throughout, or in the case of the transcriptional inhibitor rifaximin showed dynamics similar to streptomycin and ciprofloxacin (Fig. 1C,F, S7B). Dominance of a single Bacteroides species was observed in ciprofloxacin (Bv, Fig. 1H) and in clindamycin (B. ovatus, Fig. S7C). Based on our ciprofloxacin analysis, we surmise that B. ovatus domination likely results from intrinsic resistance to clindamycin. Nonetheless, the elimination of a resistant B. salyersiae during ciprofloxacin treatment (Fig. 6D), and perhaps other resistant taxa, motivates future studies of interactions among antibiotic resistant strains. The lack of domination of a single Bacteroides when there is pan-resistance (streptomycin) or likely pan-susceptibility (rifaximin) suggests that coexistence is maintained during a perturbation as long as the playing field is levels. Just as we identified a core set of species that survived ciprofloxacin regardless of host diet (Fig. 5H), there was a distinct core of 24 ASVs that appears in at least 5 of 10 mice in our pilot study that accounts for 70.4+-13.1% of the microbiota on day 3 of treatment, with 88.6+-6.0% accounted for by Bacteroides or S24-7 species (Fig. S7D). These data suggest that particular interspecies interactions generally establish resilience to perturbations, and that focus on S24-7 and Bacteroides is likely warranted for other antibiotics."
Rdd2222ea95,PMC8276089,112021718,Bacteroides vulgatus,Species,Interacts_with,Ulex Europaeus,Species,bacteroides vulgatus,ulex europaeus,"('Bacteroides vulgatus', 'Ulex Europaeus')","('Species', 'Species')",['Interacts_with'],1,False,True,False,False,False,False,,3,1,"REAGENT or RESOURCE SOURCE IDENTIFIER   Antibodies   Mouse Mucin 2 Antibody (H-300) Santa Cruz Biotechnology sc-15334   Alexa Fluor  488-AffiniPure Donkey Anti-Rabbit IgG (H+L) Jackson ImmunoResearch 711-545-152   Bacterial and Virus Strains   Bacteroides thetaiotaomicron VPI-5482 ATCC ATCC 29148   Bacteroides fragilis NCTC 9343 ATCC ATCC 25285   Bacteroides vulgatus ATCC 8482 ATCC ATCC 8482   Bacteroides distasonis ATCC 8503 ATCC ATCC 8503   Bacteroides caccae ATCC 43185 ATCC ATCC 43185   Bacteroides ovatus ATCC 8483 ATCC ATCC 8483   Bacteroides uniformis ATCC 8492 ATCC ATCC 8492   Bacteroides intestinalis DSM 17393 DSMZ DSM 17393   Bacteroides cellulosilyticus CL02T12C19 BEI (HMP) HM-726   Bacteroides salyersiae CL02T12C01 BEI (HMP) HM-725   Bacteroides stercoris CC31F BEI (HMP) HM-1036   Bacteroides vulgatus CL09T03C04 BEI (HMP) HM-720   Bacteroides vulgatus (humanized mouse 1, D0) This study    Bacteroides vulgatus (humanized mouse 1, D4) This study    Bacteroides vulgatus (humanized mouse 1, D12) This study    Bacteroides caccae (humanized mouse 1, D12) This study    Bacteroides vulgatus (humanized mouse 1, D16) This study    Bacteroides salyersiae (humanized mouse 2, D0) This study    Bacteroides stercoris (humanized mouse 2, D0) This study    Bacteroides xylanisolvens (humanized mouse 2, D0) This study    Bacteroides intestinalis (humanized mouse 2, D0) This study    Bacteroides intestinalis (humanized mouse 2, D0) This study    Bacteroides uniformis (humanized mouse 2, D0) This study    Bacteroides uniformis (humanized mouse 2, D10) This study    Bacteroides uniformis (humanized mouse 2, D10) This study    Bacteroides vulgatus (humanized mouse 2, D16) This study    Bacteroides caccae (humanized mouse 2, D22) This study    Bacteroides uniformis (humanized mouse 2, D22) This study    Bacteroides uniformis (humanized mouse 2, D22) This study    Bacteroides vulgatus (conventional mouse 1, day 0) This study    Bacteroides vulgatus (conventional mouse 1, day 0) This study    Bacteroides acidifaciens (conventional mouse 1, day 0) This study    Bacteroides uniformis (conventional mouse 1, day 0) This study    Bacteroides vulgatus (conventional mouse 1, day 11) This study    Bacteroides acidifaciens (conventional mouse 1, day 11) This study    Bacteroides uniformis (conventional mouse 1, day 11) This study    Bacteroides sp. D1 (H2 microbiota mouse 1, day 11) This study    Bacteroides sp. D1 (H2 microbiota mouse 1, day 11) This study    Bacteroides salyersiae (H2 microbiota mouse 1, day 11) This study    Chemicals, Peptides, and Recombinant Proteins   Rhodamine-labeled Ulex Europaeus Agglutinin I Vector Labs Cat# RL-1062   Bacteroides Bile Esculin Agar/Laked Brucella Blood Agar with Kanamycin and Vancomycin (BBE/LKV) Anaerobe Systems AS-242   BD Difco  Brain Heart Infusion Agar BD 241830   Standard MAC-rich diet Purina LabDiet 5010   Defined low-MAC diet Harlan TD.86489   Critical Commercial Assays   PowerSoil HT DNA Isolation Kit Qiagen 12955   UltraClean 96 PCR Cleanup Kit Qiagen 12596-4   Quant-iT  dsDNA Assay Kit, high sensitivity Invitrogen Q33120   Deposited Data   16S and whole genome sequencing datasets Stanford Digital Repository https://purl.stanford.edu/rm696bw4911   Experimental Models: Organisms/Strains   Swiss Webster Mice - Germ Free Taconic SW GF   Swiss Webster Mice - Restricted Flora Taconic SW RF   Software and Algorithms   QIIME v.1.8  N/A   BacSpace  N/A   FastQC v. 0.11.4 FastQC N/A   R v. 3.2.1  N/A   MATLAB 2017a Mathworks N/A   bowtie2 v. 2.3.09  N/A   dbCAN2 meta server  N/A   ResFinder  N/A   Diamond v. 0.8.18  N/A   MCL  N/A   Trimmomatic 0.36  N/A   Anvi'o v. 3  N/A   "
R4b38079196,PMC9332131,112021830,C. difficile,Species,increase,CDI,Species,c. difficile,cdi,"('C. difficile', 'CDI')","('Species', 'Species')","['experiences', 'part_of', 'increase', 'affects']",8,True,True,False,False,False,False,,4,1,"Here we implemented a ""multi-omics"" approach to analyze microbial populations and disease activity in children with CDI and IBD. We and others have previously investigated the roles of the microbiome and metabolome in patients with IBD and in their responses to therapy. Here, we investigated the additional burden of CDI, with the goals of understanding disease mechanisms and developing potentially useful biomarkers. We analyzed a cohort of children with IBD and recent onset of CDI (IBD+CDI), and compared them to children with active IBD without CDI (IBD cohort), and to two non-IBD control groups, children with malignancy and CDI (M+CDI) and healthy children (HC). The data revealed molecular mechanisms active in each disease process, indicating that 1) IBD produces an environment conducive to subsequent CDI, 2) both IBD and IBD+CDI lead to production of compounds derived from inflammation and tissue destruction, and 3) C. difficile metabolic activity is correlated with production of distinctive fermentation products in patients with IBD+CDI. Unexpectedly, we detected a previously undescribed metabolite, isocaproyltaurine, that links taurine produced during inflammation/tissue breakdown with a distinctive C. difficile fermentation product (isocaproate). Follow up studies showed that C. difficile in pure culture is indeed able to produce isocaproyltaurine, but only in the presence of exogeneous taurine. These findings thus reveal distinctive metabolic processes and provide potential biomarkers of pathogenesis associated with high-level C. difficile metabolic activity in IBD."
Ra444659607,PMC9332131,112021832,C. difficile,Species,affects,CDI,Species,c. difficile,cdi,"('C. difficile', 'CDI')","('Species', 'Species')","['experiences', 'part_of', 'increase', 'affects']",8,True,True,False,False,False,False,,6,2,"For the CDI groups, treatment of CDI included metronidazole and vancomycin (summarized in Figure S1). Clinical response to antibiotic therapy was seen in 88% (7/8) of the treated M-CDI patients but in only 50% (11/22) the treated IBD+CDI patients. The C. difficile burden was quantified using qPCR (Figure 1B) and plating assays (Table S3). C. difficile DNA copy numbers showed a trend toward reduced abundance associated with antibiotic treatment (Figure 1B)."
R3b2dab29d0,PMC9332131,112021855,C. difficile,Species,affects,CDI,Species,c. difficile,cdi,"('C. difficile', 'CDI')","('Species', 'Species')","['experiences', 'part_of', 'increase', 'affects']",8,True,True,False,False,False,False,,5,2,"Here we investigated C. difficile infection (CDI) in a particularly vulnerable population, children suffering from inflammatory bowel disease (IBD), and used multiple forms of high throughput analyses to assess biomarkers distinguishing disease processes in the IBD versus IBD+CDI groups. We further compared these groups to healthy control children and children with malignancy and CDI. The study combines longitudinal analysis of gut metagenomic and metabolomic profiles of over 97 subjects, C. difficile genome analysis, and follow up in vitro assays. Our results specify the data types most discriminatory among patient groups, identifying multiple disease processes and potential diagnostic biomarkers. Though we focused on IBD versus IBD+CDI, our results address numerous additional questions:we thus provide a detailed ""Data Encyclopedia"" containing many further comparisons in the ONLINE METHODS (Data S1: Data Encyclopedia), allowing extensive additional user-driven investigation."
R79a82edf0c,PMC6716579,112022066,Man,Species,affects,Bifidobacterium,Species,man,bifidobacterium,"('Man', 'Bifidobacterium')","('Species', 'Species')",['affects'],1,False,True,False,False,False,False,,3,1,"Bifidobacterium strains were inoculated in Man-Rogosa-Sharp (MRS) (Scharlau Chemie) supplemented with 0.05% (wt/vol) L-cysteine hydrochloride and incubated in an anaerobic atmosphere [2.99% (vol/vol) H2, 17.01% (vol/vol) CO2, and 80% (vol/vol) N2] in a chamber (Concept 400, Ruskin) at 37 C for 16 h. Chromosomal DNA was extracted as described previously. Library preparation and Illumina sequencing were performed at the GenProbio srl (Parma, Italy) and previously described."
R5b99d4c25f,PMC7319900,112022352,C. sporogenes,Species,Interacts_with,shuttle vector,Species,c. sporogenes,shuttle vector,"('C. sporogenes', 'shuttle vector')","('Species', 'Species')",['Interacts_with'],1,False,True,False,False,False,False,,2,1,"We selected Clostridium sporogenes ATCC 15579 as the recipient for two reasons: it is related to C. scindens, making it likely that ancillary metabolic requirements for the pathway (e.g., cofactor biogenesis) would be met; and genetic tools have been developed that enable plasmids to be transformed into C. sporogenes. Our initial attempts to clone the entire 8-gene bai operon (baiB-baiI) into an E. coli-C. sporogenes shuttle vector failed to yield clones harboring the complete operon. Reasoning that there might be a gene in the cluster that is toxic to E. coli, we cloned various fragments of the cluster under the control of different promoters (detailed in Supplementary Table 2), eventually managing to split the cluster into three pieces, each in its own E. coli-C. sporogenes shuttle vector: baiB-baiF in pMTL83153 (pMF01), baiG in pMTL83353 (pMF02), and baiH-baiI in pMTL83253 (pMF03) (Fig. 3a, Extended Data Fig. 5). Genes in pMF01 and pMF03 were placed under the control of the spoIIE promoter from C. sporogenes ATCC 15579, which is expressed during the late stages of Clostridium growth, while baiG in pMF02 was driven by the strong fdx promoter. We conjugated these plasmids sequentially into C. sporogenes to yield strain MF001."
R3383ccdd9d,PMC6938237,112022414,B. fragilis,Species,affects,Bacteroides spp,Species,b. fragilis,bacteroides,"('B. fragilis', 'Bacteroides spp')","('Species', 'Species')",['affects'],1,False,True,False,False,False,False,,1,2,"Given the benefit of orphan immunity genes against B. fragilis effectors, we hypothesized that this mechanism of inhibiting interbacterial antagonism should extend to effectors produced by other species. We previously reported evidence that B. fragilis is antagonized by other Bacteroides spp. in the human gut microbiome. In addition to the T6SS present exclusively in B. fragilis, this species and other Bacteroides spp. can possess other T6SSs, referred to as GA1 (genetic architecture 1) and GA2, with a distinct and non-overlapping repertoire of effector and immunity genes. The effectors of these systems exhibit hallmarks of antibacterial toxins and we demonstrated their capacity to mediate interbacterial antagonism (Fig 4, Extended Data Fig. 4). Therefore, we searched B. fragilis genomes for sequences homologous to the immunity genes corresponding to these systems. In 29 of the 122 available B. fragilis genomes, we identified apparent orphan homologs of these immunity genes grouped within gene clusters (Fig. 4a). While analogous to the AID-1 and -2 systems, these clusters have several unique characteristics including skewed GC content, conservation of a gene encoding a predicted XerD-family tyrosine recombinase, and repetitive intergenic sequences (Extended Data Fig. 5a-c). These often-large gene clusters, hereafter referred to as recombinase-associated AID (rAID-1) systems, can exceed 16 kb and contain up to 31 genes with varying degrees of homology to T6S immunity genes and predicted immunity genes associated with other interbacterial antagonism pathways (Fig. 4a, Extended Data Fig. 5d, e, Supplementary Table 6). Using the shared characteristics of B. fragilis rAID-1 systems, we searched for related gene clusters across sequenced Bacteroidales genomes. We found that over half of sequenced bacteria belonging to this order possess a rAID-1 system (226 of 423) (Fig. 4b, Supplementary Tables 6,7). In sum, these gene clusters contain 579 unique genes, encompassing homologs of 25 Bacteroidales T6S immunity genes."
R9fa14cd37f,PMC6938237,112022421,B. fragilis,Species,affects,Bacteroides,Species,b. fragilis,bacteroides,"('B. fragilis', 'Bacteroides')","('Species', 'Species')","['experiences', 'part_of', 'affects']",7,True,True,False,False,False,False,,5,2,"We previously compiled a list of T6SS immunity and effector genes. We additionally compiled a list of species-specific marker genes for all Bacteroides species obtained from MetaPhlAn 2.0. In order to determine the abundance of a given immunity, effector, or marker gene in each metagenomic sample, single end metagenomic reads were aligned to gene sequences using bowtie2, allowing for one mismatch in the seed. We counted the number of reads that aligned to each such gene with at least 80% nucleotide identity (to encompass divergent orphan immunity gene sequences) and minimum mapping quality of 20. The abundance of a gene was calculated as the number of reads aligned to this gene, normalized by the gene length and by the library size. For each species, the average gene level abundance of all species-specific marker genes was used to assess the species abundance. For the total Bacteroides abundance, we used the sum of all species-specific marker genes in the genus. Samples were only included in an analysis if they had at least 10 reads mapping to the type 6 genes in question (effectors, immunity or recombinases). Based on the abundance of GA3 immunity genes and B. fragilis we split samples into those where B. fragilis was not detectable, those where the immunity gene had >10X the B. fragilis marker gene abundance, and those where such discrepancy between the abundance of immunity genes and that of B. fragilis was not observed. Metatranscriptomics data was processed similarly to metagenomics data, except that abundance values were converted to an RPKM for familiarly with canonical RNA-Seq analysis."
Re631c5d3d4,PMC6938237,112022437,B. ovatus,Species,affects,insertion,Species,b. ovatus,insertion,"('B. ovatus', 'insertion')","('Species', 'Species')",['affects'],1,False,True,False,False,False,False,,4,1,"a, b, T6SS-dependent competitiveness of parental strains of B. ovatus 3725 and the indicated mutant and complemented derivatives during in vitro growth competition experiments with B. fragilis 9343. Relative recipient fitness was determined by calculating the ratio of final to initial colony forming units and normalizing to the corresponding experiment with B. fragilis 9343 lacking tssC (T6S-inactive). Data represent mean +- s.d. of n=3 independent biological replicates, unpaired two-tailed t-test, *P < 0.01. c, T6SS-dependent competitiveness of a parental strain of B. ovatus 3725 or a strain bearing in-frame deletions of indicated orphan immunity genes, during in vitro growth competition experiments with an orthogonal effector-bearing B. fragilis 638R parental strain or a derivative strain lacking tssC (T6-inactive). Relative recipient fitness and statistics were calculated as in a, b, n=3 independent biological replicates. d, e, Recovery of B. fragilis 9343 d, or 638R and the indicated orphan immunity mutant derivative e, from pairwise competitions of the strains in germ-free mice. Lines indicate the mean at each time point, (n=8 mice per group for each of two independent experiments). Alternating time points of these data are included in ratio form in Fig. 3c. f, Schematic depicting genomic loci for the B. fragilis ATCC 43859 parental strain, the B. fragilis 638R AID-1 donor strain, the AID-1 system, and the ATCC 43859 AID-1 recipient. Grey shading indicates homology, red arrows indicate the position of PCR primers used to infer insertion of the AID-1 element at the tRNA-Lys insertion site. g, Abundance of B. ovatus in samples lacking detected orphan immunity genes (-) and samples in which the indicated orphan immunity genes were assigned to B. ovatus (+). Abundances are calculated as in Fig. 1a. (Wilcoxon rank sum test, *P<0.001, n=128 non-orphan samples and n=24 for samples harboring orphan immunity, box plots indicate interquartile range with line at the median and whiskers indicating 1.5 times the IQR)."
